ISO-10303-21;
HEADER;
FILE_DESCRIPTION (( 'STEP AP214' ),
    '1' );
FILE_NAME ('G6DN_1A_L.step',
    '2018-03-26T00:39:07',
    ( 'OSMC1.0    ' ),
    ( ' ' ),
    'SwSTEP 2.0',
    'SolidWorks 2002025',
    '' );
FILE_SCHEMA (( 'AUTOMOTIVE_DESIGN' ));
ENDSEC;

DATA;
#1 = ORIENTED_EDGE ( 'NONE', *, *, #1744, .T. ) ;
#2 = EDGE_LOOP ( 'NONE', ( #32, #1409, #1525, #1644, #128, #1209, #1446, #1575, #1669, #1728, #1359, #1473, #1596, #37, #659, #1396, #1521, #1643, #1702, #1011 ) ) ;
#3 = VERTEX_POINT ( 'NONE', #89 ) ;
#4 = ADVANCED_FACE ( 'NONE', ( #96 ), #97, .F. ) ;
#5 = ORIENTED_EDGE ( 'NONE', *, *, #1637, .T. ) ;
#6 = ADVANCED_FACE ( 'NONE', ( #106, #107 ), #108, .T. ) ;
#7 = ORIENTED_EDGE ( 'NONE', *, *, #27, .T. ) ;
#8 = VERTEX_POINT ( 'NONE', #125 ) ;
#9 = ORIENTED_EDGE ( 'NONE', *, *, #27, .F. ) ;
#10 = VERTEX_POINT ( 'NONE', #133 ) ;
#11 = ADVANCED_FACE ( 'NONE', ( #137 ), #138, .F. ) ;
#12 = EDGE_LOOP ( 'NONE', ( #40, #247, #830, #1379 ) ) ;
#13 = EDGE_CURVE ( 'NONE', #26, #1527, #148, .T. ) ;
#14 = VERTEX_POINT ( 'NONE', #152 ) ;
#15 = EDGE_CURVE ( 'NONE', #30, #44, #161, .T. ) ;
#16 = ORIENTED_EDGE ( 'NONE', *, *, #1373, .F. ) ;
#17 = EDGE_CURVE ( 'NONE', #918, #1506, #184, .T. ) ;
#18 = VERTEX_POINT ( 'NONE', #189 ) ;
#19 = EDGE_CURVE ( 'NONE', #35, #1594, #191, .T. ) ;
#20 = ADVANCED_FACE ( 'NONE', ( #209 ), #210, .F. ) ;
#21 = EDGE_LOOP ( 'NONE', ( #53, #419, #1329, #1398 ) ) ;
#22 = VERTEX_POINT ( 'NONE', #249 ) ;
#23 = ORIENTED_EDGE ( 'NONE', *, *, #47, .F. ) ;
#24 = EDGE_LOOP ( 'NONE', ( #1381, #1458, #1536, #1603, #1530 ) ) ;
#25 = ORIENTED_EDGE ( 'NONE', *, *, #49, .T. ) ;
#26 = VERTEX_POINT ( 'NONE', #257 ) ;
#27 = EDGE_CURVE ( 'NONE', #1677, #43, #258, .T. ) ;
#28 = ORIENTED_EDGE ( 'NONE', *, *, #899, .F. ) ;
#29 = VERTEX_POINT ( 'NONE', #269 ) ;
#30 = VERTEX_POINT ( 'NONE', #270 ) ;
#31 = ADVANCED_FACE ( 'NONE', ( #271 ), #287, .T. ) ;
#32 = ORIENTED_EDGE ( 'NONE', *, *, #52, .F. ) ;
#33 = ORIENTED_EDGE ( 'NONE', *, *, #51, .T. ) ;
#34 = EDGE_LOOP ( 'NONE', ( #93, #522, #973, #1362 ) ) ;
#35 = VERTEX_POINT ( 'NONE', #306 ) ;
#36 = ORIENTED_EDGE ( 'NONE', *, *, #59, .T. ) ;
#37 = ORIENTED_EDGE ( 'NONE', *, *, #57, .F. ) ;
#38 = ADVANCED_FACE ( 'NONE', ( #312 ), #328, .F. ) ;
#39 = ORIENTED_EDGE ( 'NONE', *, *, #1660, .F. ) ;
#40 = ORIENTED_EDGE ( 'NONE', *, *, #1263, .T. ) ;
#41 = EDGE_LOOP ( 'NONE', ( #1457, #1531, #1721, #519 ) ) ;
#42 = ORIENTED_EDGE ( 'NONE', *, *, #129, .F. ) ;
#43 = VERTEX_POINT ( 'NONE', #370 ) ;
#44 = VERTEX_POINT ( 'NONE', #379 ) ;
#45 = EDGE_LOOP ( 'NONE', ( #265, #695, #1366, #1417 ) ) ;
#46 = VERTEX_POINT ( 'NONE', #420 ) ;
#47 = EDGE_CURVE ( 'NONE', #110, #1517, #421, .T. ) ;
#48 = ADVANCED_FACE ( 'NONE', ( #429 ), #430, .F. ) ;
#49 = EDGE_CURVE ( 'NONE', #1629, #14, #435, .T. ) ;
#50 = ORIENTED_EDGE ( 'NONE', *, *, #1476, .T. ) ;
#51 = EDGE_CURVE ( 'NONE', #3, #1191, #446, .T. ) ;
#52 = EDGE_CURVE ( 'NONE', #194, #383, #450, .T. ) ;
#53 = ORIENTED_EDGE ( 'NONE', *, *, #1573, .F. ) ;
#54 = VERTEX_POINT ( 'NONE', #455 ) ;
#55 = ORIENTED_EDGE ( 'NONE', *, *, #298, .F. ) ;
#56 = ORIENTED_EDGE ( 'NONE', *, *, #331, .F. ) ;
#57 = EDGE_CURVE ( 'NONE', #264, #8, #457, .T. ) ;
#58 = EDGE_LOOP ( 'NONE', ( #452, #1358, #1494, #1591 ) ) ;
#59 = EDGE_CURVE ( 'NONE', #10, #1413, #463, .T. ) ;
#60 = ORIENTED_EDGE ( 'NONE', *, *, #127, .T. ) ;
#61 = CLOSED_SHELL ( 'NONE', ( #1412, #1727, #1389, #384, #1631, #1546, #1528, #1550, #1673, #1556, #11, #1505, #1226, #1493, #4, #1706, #1691, #1429, #1515, #1451, #1581, #1654, #48, #1433, #1437, #6, #1519, #1245, #20, #1704, #1444, #38, #1477, #590, #469, #1709, #660, #31, #729, #1331, #1650, #1622, #1671, #1679, #1577, #1624, #625, #1540, #1464 ) ) ;
#62 = CARTESIAN_POINT ( 'NONE',  ( -0.4000000000000045200, 0.3499999999999999800, -0.1299999999999999800 ) ) ;
#63 = CARTESIAN_POINT ( 'NONE',  ( -16.68000000000000000, 11.90000000000000000, 3.799999999999999800 ) ) ;
#64 = FACE_OUTER_BOUND ( 'NONE', #1670, .T. ) ;
#65 = COLOUR_RGB ( '',0.7490196078431372600, 0.7490196078431372600, 0.7490196078431372600 ) ;
#66 = FILL_AREA_STYLE_COLOUR ( '', #65 ) ;
#67 = FILL_AREA_STYLE ('',( #66 ) ) ;
#68 = SURFACE_STYLE_FILL_AREA ( #67 ) ;
#69 = SURFACE_SIDE_STYLE ('',( #68 ) ) ;
#70 = SURFACE_STYLE_USAGE ( .BOTH. , #69 ) ;
#71 = PRESENTATION_STYLE_ASSIGNMENT (( #70 ) ) ;
#72 = STYLED_ITEM ( 'NONE', ( #71 ), #1650 ) ;
#73 = PRESENTATION_LAYER_ASSIGNMENT (  '', '', ( #72 ) ) ;
#74 = MECHANICAL_DESIGN_GEOMETRIC_PRESENTATION_REPRESENTATION (  '', ( #72 ), #79 ) ;
#75 =( LENGTH_UNIT ( ) NAMED_UNIT ( * ) SI_UNIT ( .MILLI., .METRE. ) );
#76 =( NAMED_UNIT ( * ) PLANE_ANGLE_UNIT ( ) SI_UNIT ( $, .RADIAN. ) );
#77 =( NAMED_UNIT ( * ) SI_UNIT ( $, .STERADIAN. ) SOLID_ANGLE_UNIT ( ) );
#78 = UNCERTAINTY_MEASURE_WITH_UNIT (LENGTH_MEASURE( 1.000000000000000100E-005 ), #75, 'distance_accuracy_value', 'NONE');
#79 =( GEOMETRIC_REPRESENTATION_CONTEXT ( 3 ) GLOBAL_UNCERTAINTY_ASSIGNED_CONTEXT ( ( #78 ) ) GLOBAL_UNIT_ASSIGNED_CONTEXT ( ( #75, #76, #77 ) ) REPRESENTATION_CONTEXT ( 'NONE', 'WORKASPACE' ) );
#80 = PLANE ( 'NONE',  #81 ) ;
#81 = AXIS2_PLACEMENT_3D ( 'NONE', #82, #83, #84 ) ;
#82 = CARTESIAN_POINT ( 'NONE',  ( -0.4000000000000045200, -4.141189633792525800, -0.1299999999999999800 ) ) ;
#83 = DIRECTION ( 'NONE',  ( 1.355252715606866000E-016, 0.0000000000000000000, 1.000000000000000000 ) ) ;
#84 = DIRECTION ( 'NONE',  ( 1.000000000000000000, 0.0000000000000000000, -1.355252715606866000E-016 ) ) ;
#85 = LINE ( 'NONE', #86, #87 ) ;
#86 = CARTESIAN_POINT ( 'NONE',  ( -17.75499999999999900, 0.0000000000000000000, 3.799999999999999800 ) ) ;
#87 = VECTOR ( 'NONE', #88, 1000.000000000000000 ) ;
#88 = DIRECTION ( 'NONE',  ( 1.000000000000000000, 0.0000000000000000000, 0.0000000000000000000 ) ) ;
#89 = CARTESIAN_POINT ( 'NONE',  ( -16.40500000000000100, 0.0000000000000000000, 3.350000000000000100 ) ) ;
#90 = CARTESIAN_POINT ( 'NONE',  ( -18.68000000000000000, 11.90000000000000000, 3.799999999999999800 ) ) ;
#91 = LINE ( 'NONE', #92, #94 ) ;
#92 = CARTESIAN_POINT ( 'NONE',  ( -4.205000000000000100, 0.3499999999999999800, -0.8299999999999999600 ) ) ;
#93 = ORIENTED_EDGE ( 'NONE', *, *, #1742, .T. ) ;
#94 = VECTOR ( 'NONE', #95, 1000.000000000000000 ) ;
#95 = DIRECTION ( 'NONE',  ( -1.000000000000000000, 0.0000000000000000000, -1.606225440719264900E-016 ) ) ;
#96 = FACE_OUTER_BOUND ( 'NONE', #21, .T. ) ;
#97 = PLANE ( 'NONE',  #98 ) ;
#98 = AXIS2_PLACEMENT_3D ( 'NONE', #99, #100, #101 ) ;
#99 = CARTESIAN_POINT ( 'NONE',  ( -2.855000000000000000, -1.423024947075759900, -1.280000000000000000 ) ) ;
#100 = DIRECTION ( 'NONE',  ( -1.000000000000000000, 0.0000000000000000000, 0.0000000000000000000 ) ) ;
#101 = DIRECTION ( 'NONE',  ( 0.0000000000000000000, 0.0000000000000000000, 1.000000000000000000 ) ) ;
#102 = LINE ( 'NONE', #103, #104 ) ;
#103 = CARTESIAN_POINT ( 'NONE',  ( 1.320000000000000100, 11.90000000000000000, 1.860000000000000100 ) ) ;
#104 = VECTOR ( 'NONE', #105, 1000.000000000000000 ) ;
#105 = DIRECTION ( 'NONE',  ( 1.000000000000000000, 0.0000000000000000000, 0.0000000000000000000 ) ) ;
#106 = FACE_OUTER_BOUND ( 'NONE', #24, .T. ) ;
#107 = FACE_BOUND ( 'NONE', #1410, .T. ) ;
#108 = PLANE ( 'NONE',  #109 ) ;
#109 = AXIS2_PLACEMENT_3D ( 'NONE', #111, #112, #113 ) ;
#110 = VERTEX_POINT ( 'NONE', #499 ) ;
#111 = CARTESIAN_POINT ( 'NONE',  ( -17.68000000000000000, 11.90000000000000000, 2.799999999999999800 ) ) ;
#112 = DIRECTION ( 'NONE',  ( 0.0000000000000000000, 1.000000000000000000, 0.0000000000000000000 ) ) ;
#113 = DIRECTION ( 'NONE',  ( 0.0000000000000000000, 0.0000000000000000000, 1.000000000000000000 ) ) ;
#114 = FACE_OUTER_BOUND ( 'NONE', #1674, .T. ) ;
#115 = PLANE ( 'NONE',  #116 ) ;
#116 = AXIS2_PLACEMENT_3D ( 'NONE', #117, #118, #119 ) ;
#117 = CARTESIAN_POINT ( 'NONE',  ( -17.75499999999999900, -1.423024947075759900, 3.799999999999999800 ) ) ;
#118 = DIRECTION ( 'NONE',  ( 1.000000000000000000, 0.0000000000000000000, 0.0000000000000000000 ) ) ;
#119 = DIRECTION ( 'NONE',  ( 0.0000000000000000000, 0.0000000000000000000, -1.000000000000000000 ) ) ;
#120 = CIRCLE ( 'NONE', #121, 0.2000000000000000100 ) ;
#121 = AXIS2_PLACEMENT_3D ( 'NONE', #122, #123, #124 ) ;
#122 = CARTESIAN_POINT ( 'NONE',  ( -15.24000000000000000, -3.299999999999999800, 2.571286783546829900E-017 ) ) ;
#123 = DIRECTION ( 'NONE',  ( 0.0000000000000000000, 1.000000000000000000, 0.0000000000000000000 ) ) ;
#124 = DIRECTION ( 'NONE',  ( 0.0000000000000000000, 0.0000000000000000000, 1.000000000000000000 ) ) ;
#125 = CARTESIAN_POINT ( 'NONE',  ( -4.205000000000000100, 0.3499999999999999800, 3.799999999999999800 ) ) ;
#126 = LINE ( 'NONE', #130, #131 ) ;
#127 = EDGE_CURVE ( 'NONE', #1632, #1137, #541, .T. ) ;
#128 = ORIENTED_EDGE ( 'NONE', *, *, #417, .F. ) ;
#129 = EDGE_CURVE ( 'NONE', #44, #1700, #550, .T. ) ;
#130 = CARTESIAN_POINT ( 'NONE',  ( 1.320000000000000100, 12.50000000000000000, -1.280000000000000000 ) ) ;
#131 = VECTOR ( 'NONE', #132, 1000.000000000000000 ) ;
#132 = DIRECTION ( 'NONE',  ( -1.280553747030123800E-016, 0.0000000000000000000, -1.000000000000000000 ) ) ;
#133 = CARTESIAN_POINT ( 'NONE',  ( -8.019999999999999600, -3.299999999999999800, -0.1299999999999999800 ) ) ;
#134 = CARTESIAN_POINT ( 'NONE',  ( -2.855000000000000000, 0.0000000000000000000, 3.350000000000000100 ) ) ;
#135 = CARTESIAN_POINT ( 'NONE',  ( -18.68000000000000000, 11.90000000000000000, 1.800000000000000000 ) ) ;
#136 = CARTESIAN_POINT ( 'NONE',  ( -4.205000000000000100, 0.0000000000000000000, 3.799999999999999800 ) ) ;
#137 = FACE_OUTER_BOUND ( 'NONE', #34, .T. ) ;
#138 = PLANE ( 'NONE',  #139 ) ;
#139 = AXIS2_PLACEMENT_3D ( 'NONE', #140, #141, #142 ) ;
#140 = CARTESIAN_POINT ( 'NONE',  ( -16.68000000000000000, 11.90000000000000000, 3.799999999999999800 ) ) ;
#141 = DIRECTION ( 'NONE',  ( 1.000000000000000000, 0.0000000000000000000, 0.0000000000000000000 ) ) ;
#142 = DIRECTION ( 'NONE',  ( 0.0000000000000000000, 0.0000000000000000000, -1.000000000000000000 ) ) ;
#143 = LINE ( 'NONE', #144, #145 ) ;
#144 = CARTESIAN_POINT ( 'NONE',  ( -8.019999999999999600, 0.3499999999999999800, -0.1299999999999999800 ) ) ;
#145 = VECTOR ( 'NONE', #146, 1000.000000000000000 ) ;
#146 = DIRECTION ( 'NONE',  ( 1.000000000000000000, 0.0000000000000000000, -6.776263578034399000E-017 ) ) ;
#147 = CARTESIAN_POINT ( 'NONE',  ( 1.320000000000000100, 11.90000000000000000, 1.860000000000000100 ) ) ;
#148 = LINE ( 'NONE', #149, #150 ) ;
#149 = CARTESIAN_POINT ( 'NONE',  ( 1.320000000000000100, 12.50000000000000000, 1.860000000000000100 ) ) ;
#150 = VECTOR ( 'NONE', #151, 1000.000000000000000 ) ;
#151 = DIRECTION ( 'NONE',  ( 1.000000000000000000, 0.0000000000000000000, 0.0000000000000000000 ) ) ;
#152 = CARTESIAN_POINT ( 'NONE',  ( 0.4000000000000045200, 0.3499999999999999800, 0.1299999999999999800 ) ) ;
#153 = LINE ( 'NONE', #154, #155 ) ;
#154 = CARTESIAN_POINT ( 'NONE',  ( -0.4000000000000045200, -4.141189633792525800, -0.1299999999999999800 ) ) ;
#155 = VECTOR ( 'NONE', #156, 1000.000000000000000 ) ;
#156 = DIRECTION ( 'NONE',  ( 0.0000000000000000000, 1.000000000000000000, 0.0000000000000000000 ) ) ;
#157 = LINE ( 'NONE', #158, #159 ) ;
#158 = CARTESIAN_POINT ( 'NONE',  ( -14.65499999999999900, 0.0000000000000000000, -1.280000000000000000 ) ) ;
#159 = VECTOR ( 'NONE', #160, 1000.000000000000000 ) ;
#160 = DIRECTION ( 'NONE',  ( -1.000000000000000000, 0.0000000000000000000, -1.606225440719264900E-016 ) ) ;
#161 = LINE ( 'NONE', #162, #163 ) ;
#162 = CARTESIAN_POINT ( 'NONE',  ( -18.68000000000000000, 12.50000000000000000, 3.799999999999999800 ) ) ;
#163 = VECTOR ( 'NONE', #164, 1000.000000000000000 ) ;
#164 = DIRECTION ( 'NONE',  ( 1.000000000000000000, 0.0000000000000000000, 0.0000000000000000000 ) ) ;
#165 = FACE_OUTER_BOUND ( 'NONE', #1425, .T. ) ;
#166 = PLANE ( 'NONE',  #167 ) ;
#167 = AXIS2_PLACEMENT_3D ( 'NONE', #168, #169, #170 ) ;
#168 = CARTESIAN_POINT ( 'NONE',  ( 1.320000000000000100, 11.90000000000000000, 1.860000000000000100 ) ) ;
#169 = DIRECTION ( 'NONE',  ( 0.0000000000000000000, 0.0000000000000000000, 1.000000000000000000 ) ) ;
#170 = DIRECTION ( 'NONE',  ( 1.000000000000000000, 0.0000000000000000000, 0.0000000000000000000 ) ) ;
#171 = LINE ( 'NONE', #172, #173 ) ;
#172 = CARTESIAN_POINT ( 'NONE',  ( -18.68000000000000000, 0.3499999999999999800, 3.799999999999999800 ) ) ;
#173 = VECTOR ( 'NONE', #174, 1000.000000000000000 ) ;
#174 = DIRECTION ( 'NONE',  ( 1.000000000000000000, 0.0000000000000000000, 0.0000000000000000000 ) ) ;
#175 = LINE ( 'NONE', #176, #177 ) ;
#176 = CARTESIAN_POINT ( 'NONE',  ( -8.019999999999999600, -3.299999999999999800, 0.1299999999999999800 ) ) ;
#177 = VECTOR ( 'NONE', #178, 1000.000000000000000 ) ;
#178 = DIRECTION ( 'NONE',  ( 1.000000000000000000, 0.0000000000000000000, 0.0000000000000000000 ) ) ;
#179 = LINE ( 'NONE', #180, #181 ) ;
#180 = CARTESIAN_POINT ( 'NONE',  ( -2.855000000000000000, 0.3499999999999999800, 3.799999999999999800 ) ) ;
#181 = VECTOR ( 'NONE', #182, 1000.000000000000000 ) ;
#182 = DIRECTION ( 'NONE',  ( 0.0000000000000000000, 0.0000000000000000000, 1.000000000000000000 ) ) ;
#183 = CARTESIAN_POINT ( 'NONE',  ( -16.40500000000000100, 0.0000000000000000000, 3.799999999999999800 ) ) ;
#184 = LINE ( 'NONE', #185, #186 ) ;
#185 = CARTESIAN_POINT ( 'NONE',  ( -0.4000000000000045200, -3.299999999999999800, 0.1299999999999999800 ) ) ;
#186 = VECTOR ( 'NONE', #187, 1000.000000000000000 ) ;
#187 = DIRECTION ( 'NONE',  ( 0.0000000000000000000, 0.0000000000000000000, 1.000000000000000000 ) ) ;
#188 = CARTESIAN_POINT ( 'NONE',  ( 0.3200000000000000100, 11.90000000000000000, 1.860000000000000100 ) ) ;
#189 = CARTESIAN_POINT ( 'NONE',  ( -17.78000000000000100, 0.3499999999999999800, -0.2000000000000000100 ) ) ;
#190 = CARTESIAN_POINT ( 'NONE',  ( -15.24000000000000000, 0.3499999999999999800, 0.2000000000000000400 ) ) ;
#191 = LINE ( 'NONE', #192, #193 ) ;
#192 = CARTESIAN_POINT ( 'NONE',  ( -18.68000000000000000, 0.3499999999999999800, -1.280000000000000000 ) ) ;
#193 = VECTOR ( 'NONE', #196, 1000.000000000000000 ) ;
#194 = VERTEX_POINT ( 'NONE', #687 ) ;
#195 = EDGE_LOOP ( 'NONE', ( #607, #1048, #1448, #1551 ) ) ;
#196 = DIRECTION ( 'NONE',  ( -1.000000000000000000, 0.0000000000000000000, 0.0000000000000000000 ) ) ;
#197 = CARTESIAN_POINT ( 'NONE',  ( -2.855000000000000000, 0.3499999999999999800, -0.8299999999999999600 ) ) ;
#198 = LINE ( 'NONE', #199, #200 ) ;
#199 = CARTESIAN_POINT ( 'NONE',  ( -4.205000000000000100, -1.423024947075759900, -1.280000000000000000 ) ) ;
#200 = VECTOR ( 'NONE', #201, 1000.000000000000000 ) ;
#201 = DIRECTION ( 'NONE',  ( 0.0000000000000000000, 1.000000000000000000, 0.0000000000000000000 ) ) ;
#202 = FACE_OUTER_BOUND ( 'NONE', #41, .T. ) ;
#203 = CYLINDRICAL_SURFACE ( 'NONE', #204, 0.4499999999999999000 ) ;
#204 = AXIS2_PLACEMENT_3D ( 'NONE', #205, #206, #207 ) ;
#205 = CARTESIAN_POINT ( 'NONE',  ( -17.68000000000000000, 13.77279220613577900, 2.799999999999999800 ) ) ;
#206 = DIRECTION ( 'NONE',  ( 0.0000000000000000000, -1.000000000000000000, 0.0000000000000000000 ) ) ;
#207 = DIRECTION ( 'NONE',  ( 0.0000000000000000000, 0.0000000000000000000, -1.000000000000000000 ) ) ;
#208 = CARTESIAN_POINT ( 'NONE',  ( 1.320000000000000100, 12.50000000000000000, 0.6600000000000000300 ) ) ;
#209 = FACE_OUTER_BOUND ( 'NONE', #45, .T. ) ;
#210 = PLANE ( 'NONE',  #211 ) ;
#211 = AXIS2_PLACEMENT_3D ( 'NONE', #213, #214, #215 ) ;
#212 = ORIENTED_EDGE ( 'NONE', *, *, #1349, .F. ) ;
#213 = CARTESIAN_POINT ( 'NONE',  ( -4.205000000000000100, -1.423024947075759900, 3.350000000000000100 ) ) ;
#214 = DIRECTION ( 'NONE',  ( 0.0000000000000000000, 0.0000000000000000000, 1.000000000000000000 ) ) ;
#215 = DIRECTION ( 'NONE',  ( 1.000000000000000000, 0.0000000000000000000, 0.0000000000000000000 ) ) ;
#216 = LINE ( 'NONE', #217, #218 ) ;
#217 = CARTESIAN_POINT ( 'NONE',  ( -18.68000000000000000, 11.90000000000000000, 1.800000000000000000 ) ) ;
#218 = VECTOR ( 'NONE', #219, 1000.000000000000000 ) ;
#219 = DIRECTION ( 'NONE',  ( 0.0000000000000000000, 1.000000000000000000, 0.0000000000000000000 ) ) ;
#220 = CARTESIAN_POINT ( 'NONE',  ( 1.320000000000000100, 11.90000000000000000, 0.6600000000000000300 ) ) ;
#221 = FACE_BOUND ( 'NONE', #1687, .T. ) ;
#222 = FACE_BOUND ( 'NONE', #1512, .T. ) ;
#223 = FACE_OUTER_BOUND ( 'NONE', #2, .T. ) ;
#224 = FACE_BOUND ( 'NONE', #1371, .T. ) ;
#225 = FACE_BOUND ( 'NONE', #1553, .T. ) ;
#226 = PLANE ( 'NONE',  #227 ) ;
#227 = AXIS2_PLACEMENT_3D ( 'NONE', #228, #229, #230 ) ;
#228 = CARTESIAN_POINT ( 'NONE',  ( -18.68000000000000000, 0.3499999999999999800, 3.799999999999999800 ) ) ;
#229 = DIRECTION ( 'NONE',  ( 0.0000000000000000000, 1.000000000000000000, 0.0000000000000000000 ) ) ;
#230 = DIRECTION ( 'NONE',  ( 0.0000000000000000000, 0.0000000000000000000, 1.000000000000000000 ) ) ;
#231 = COLOUR_RGB ( '',0.0000000000000000000, 0.0000000000000000000, 0.0000000000000000000 ) ;
#232 = FILL_AREA_STYLE_COLOUR ( '', #231 ) ;
#233 = FILL_AREA_STYLE ('',( #232 ) ) ;
#234 = SURFACE_STYLE_FILL_AREA ( #233 ) ;
#235 = SURFACE_SIDE_STYLE ('',( #234 ) ) ;
#236 = SURFACE_STYLE_USAGE ( .BOTH. , #235 ) ;
#237 = PRESENTATION_STYLE_ASSIGNMENT (( #236 ) ) ;
#238 = STYLED_ITEM ( 'NONE', ( #237 ), #1408 ) ;
#239 = PRESENTATION_LAYER_ASSIGNMENT (  '', '', ( #238 ) ) ;
#240 = MECHANICAL_DESIGN_GEOMETRIC_PRESENTATION_REPRESENTATION (  '', ( #238 ), #248 ) ;
#241 =( LENGTH_UNIT ( ) NAMED_UNIT ( * ) SI_UNIT ( .MILLI., .METRE. ) );
#242 =( NAMED_UNIT ( * ) PLANE_ANGLE_UNIT ( ) SI_UNIT ( $, .RADIAN. ) );
#243 =( NAMED_UNIT ( * ) SI_UNIT ( $, .STERADIAN. ) SOLID_ANGLE_UNIT ( ) );
#244 = UNCERTAINTY_MEASURE_WITH_UNIT (LENGTH_MEASURE( 1.000000000000000100E-005 ), #241, 'distance_accuracy_value', 'NONE');
#245 = ORIENTED_EDGE ( 'NONE', *, *, #557, .F. ) ;
#246 = ORIENTED_EDGE ( 'NONE', *, *, #540, .T. ) ;
#247 = ORIENTED_EDGE ( 'NONE', *, *, #1602, .F. ) ;
#248 =( GEOMETRIC_REPRESENTATION_CONTEXT ( 3 ) GLOBAL_UNCERTAINTY_ASSIGNED_CONTEXT ( ( #244 ) ) GLOBAL_UNIT_ASSIGNED_CONTEXT ( ( #241, #242, #243 ) ) REPRESENTATION_CONTEXT ( 'NONE', 'WORKASPACE' ) );
#249 = CARTESIAN_POINT ( 'NONE',  ( -0.4000000000000045200, 0.3499999999999999800, 0.1299999999999999800 ) ) ;
#250 = FACE_OUTER_BOUND ( 'NONE', #1449, .T. ) ;
#251 = PLANE ( 'NONE',  #252 ) ;
#252 = AXIS2_PLACEMENT_3D ( 'NONE', #253, #254, #255 ) ;
#253 = CARTESIAN_POINT ( 'NONE',  ( 0.3200000000000000100, 11.90000000000000000, 1.260000000000000000 ) ) ;
#254 = DIRECTION ( 'NONE',  ( 0.0000000000000000000, 1.000000000000000000, 0.0000000000000000000 ) ) ;
#255 = DIRECTION ( 'NONE',  ( 0.0000000000000000000, 0.0000000000000000000, 1.000000000000000000 ) ) ;
#256 = CARTESIAN_POINT ( 'NONE',  ( -8.019999999999999600, 0.3499999999999999800, -0.1299999999999999800 ) ) ;
#257 = CARTESIAN_POINT ( 'NONE',  ( 0.3200000000000000100, 12.50000000000000000, 1.860000000000000100 ) ) ;
#258 = LINE ( 'NONE', #259, #260 ) ;
#259 = CARTESIAN_POINT ( 'NONE',  ( -14.65499999999999900, 0.0000000000000000000, -1.280000000000000000 ) ) ;
#260 = VECTOR ( 'NONE', #261, 1000.000000000000000 ) ;
#261 = DIRECTION ( 'NONE',  ( 0.0000000000000000000, 0.0000000000000000000, 1.000000000000000000 ) ) ;
#262 = LINE ( 'NONE', #263, #266 ) ;
#263 = CARTESIAN_POINT ( 'NONE',  ( -18.68000000000000000, 11.90000000000000000, 3.799999999999999800 ) ) ;
#264 = VERTEX_POINT ( 'NONE', #782 ) ;
#265 = ORIENTED_EDGE ( 'NONE', *, *, #1490, .F. ) ;
#266 = VECTOR ( 'NONE', #267, 1000.000000000000000 ) ;
#267 = DIRECTION ( 'NONE',  ( 0.0000000000000000000, 0.0000000000000000000, 1.000000000000000000 ) ) ;
#268 = CARTESIAN_POINT ( 'NONE',  ( -14.65499999999999900, 0.0000000000000000000, -1.280000000000000000 ) ) ;
#269 = CARTESIAN_POINT ( 'NONE',  ( -17.68000000000000000, 11.90000000000000000, 3.250000000000000000 ) ) ;
#270 = CARTESIAN_POINT ( 'NONE',  ( -16.68000000000000000, 12.50000000000000000, 3.799999999999999800 ) ) ;
#271 = FACE_OUTER_BOUND ( 'NONE', #1543, .T. ) ;
#272 = COLOUR_RGB ( '',0.7490196078431372600, 0.7490196078431372600, 0.7490196078431372600 ) ;
#273 = FILL_AREA_STYLE_COLOUR ( '', #272 ) ;
#274 = FILL_AREA_STYLE ('',( #273 ) ) ;
#275 = SURFACE_STYLE_FILL_AREA ( #274 ) ;
#276 = SURFACE_SIDE_STYLE ('',( #275 ) ) ;
#277 = SURFACE_STYLE_USAGE ( .BOTH. , #276 ) ;
#278 = PRESENTATION_STYLE_ASSIGNMENT (( #277 ) ) ;
#279 = STYLED_ITEM ( 'NONE', ( #278 ), #31 ) ;
#280 = PRESENTATION_LAYER_ASSIGNMENT (  '', '', ( #279 ) ) ;
#281 = MECHANICAL_DESIGN_GEOMETRIC_PRESENTATION_REPRESENTATION (  '', ( #279 ), #286 ) ;
#282 =( LENGTH_UNIT ( ) NAMED_UNIT ( * ) SI_UNIT ( .MILLI., .METRE. ) );
#283 =( NAMED_UNIT ( * ) PLANE_ANGLE_UNIT ( ) SI_UNIT ( $, .RADIAN. ) );
#284 =( NAMED_UNIT ( * ) SI_UNIT ( $, .STERADIAN. ) SOLID_ANGLE_UNIT ( ) );
#285 = UNCERTAINTY_MEASURE_WITH_UNIT (LENGTH_MEASURE( 1.000000000000000100E-005 ), #282, 'distance_accuracy_value', 'NONE');
#286 =( GEOMETRIC_REPRESENTATION_CONTEXT ( 3 ) GLOBAL_UNCERTAINTY_ASSIGNED_CONTEXT ( ( #285 ) ) GLOBAL_UNIT_ASSIGNED_CONTEXT ( ( #282, #283, #284 ) ) REPRESENTATION_CONTEXT ( 'NONE', 'WORKASPACE' ) );
#287 = CYLINDRICAL_SURFACE ( 'NONE', #288, 0.2000000000000000100 ) ;
#288 = AXIS2_PLACEMENT_3D ( 'NONE', #289, #290, #291 ) ;
#289 = CARTESIAN_POINT ( 'NONE',  ( -15.24000000000000000, 0.9156854249492349900, 2.571286783546829900E-017 ) ) ;
#290 = DIRECTION ( 'NONE',  ( 0.0000000000000000000, -1.000000000000000000, 0.0000000000000000000 ) ) ;
#291 = DIRECTION ( 'NONE',  ( 0.0000000000000000000, 0.0000000000000000000, -1.000000000000000000 ) ) ;
#292 = CARTESIAN_POINT ( 'NONE',  ( -18.68000000000000000, 0.3499999999999999800, 3.799999999999999800 ) ) ;
#293 = CARTESIAN_POINT ( 'NONE',  ( -7.219999999999999800, -3.299999999999999800, 0.1299999999999999800 ) ) ;
#294 = FACE_OUTER_BOUND ( 'NONE', #1697, .T. ) ;
#295 = CYLINDRICAL_SURFACE ( 'NONE', #296, 0.4499999999999999000 ) ;
#296 = AXIS2_PLACEMENT_3D ( 'NONE', #297, #299, #300 ) ;
#297 = CARTESIAN_POINT ( 'NONE',  ( -17.68000000000000000, 13.77279220613577900, 2.799999999999999800 ) ) ;
#298 = EDGE_CURVE ( 'NONE', #520, #14, #813, .T. ) ;
#299 = DIRECTION ( 'NONE',  ( 0.0000000000000000000, -1.000000000000000000, 0.0000000000000000000 ) ) ;
#300 = DIRECTION ( 'NONE',  ( 0.0000000000000000000, 0.0000000000000000000, -1.000000000000000000 ) ) ;
#301 = CARTESIAN_POINT ( 'NONE',  ( -2.855000000000000000, 0.3499999999999999800, 3.350000000000000100 ) ) ;
#302 = LINE ( 'NONE', #303, #304 ) ;
#303 = CARTESIAN_POINT ( 'NONE',  ( -4.205000000000000100, -1.423024947075759900, 3.350000000000000100 ) ) ;
#304 = VECTOR ( 'NONE', #305, 1000.000000000000000 ) ;
#305 = DIRECTION ( 'NONE',  ( 0.0000000000000000000, 1.000000000000000000, 0.0000000000000000000 ) ) ;
#306 = CARTESIAN_POINT ( 'NONE',  ( -4.205000000000000100, 0.3499999999999999800, -1.280000000000000000 ) ) ;
#307 = CIRCLE ( 'NONE', #308, 0.2000000000000000100 ) ;
#308 = AXIS2_PLACEMENT_3D ( 'NONE', #309, #310, #311 ) ;
#309 = CARTESIAN_POINT ( 'NONE',  ( -15.24000000000000000, 0.3499999999999999800, 2.571286783546829900E-017 ) ) ;
#310 = DIRECTION ( 'NONE',  ( 0.0000000000000000000, -1.000000000000000000, 0.0000000000000000000 ) ) ;
#311 = DIRECTION ( 'NONE',  ( 0.0000000000000000000, 0.0000000000000000000, 1.000000000000000000 ) ) ;
#312 = FACE_OUTER_BOUND ( 'NONE', #58, .T. ) ;
#313 = COLOUR_RGB ( '',0.7490196078431372600, 0.7490196078431372600, 0.7490196078431372600 ) ;
#314 = FILL_AREA_STYLE_COLOUR ( '', #313 ) ;
#315 = FILL_AREA_STYLE ('',( #314 ) ) ;
#316 = SURFACE_STYLE_FILL_AREA ( #315 ) ;
#317 = SURFACE_SIDE_STYLE ('',( #316 ) ) ;
#318 = SURFACE_STYLE_USAGE ( .BOTH. , #317 ) ;
#319 = PRESENTATION_STYLE_ASSIGNMENT (( #318 ) ) ;
#320 = STYLED_ITEM ( 'NONE', ( #319 ), #38 ) ;
#321 = PRESENTATION_LAYER_ASSIGNMENT (  '', '', ( #320 ) ) ;
#322 = MECHANICAL_DESIGN_GEOMETRIC_PRESENTATION_REPRESENTATION (  '', ( #320 ), #327 ) ;
#323 =( LENGTH_UNIT ( ) NAMED_UNIT ( * ) SI_UNIT ( .MILLI., .METRE. ) );
#324 =( NAMED_UNIT ( * ) PLANE_ANGLE_UNIT ( ) SI_UNIT ( $, .RADIAN. ) );
#325 =( NAMED_UNIT ( * ) SI_UNIT ( $, .STERADIAN. ) SOLID_ANGLE_UNIT ( ) );
#326 = UNCERTAINTY_MEASURE_WITH_UNIT (LENGTH_MEASURE( 1.000000000000000100E-005 ), #323, 'distance_accuracy_value', 'NONE');
#327 =( GEOMETRIC_REPRESENTATION_CONTEXT ( 3 ) GLOBAL_UNCERTAINTY_ASSIGNED_CONTEXT ( ( #326 ) ) GLOBAL_UNIT_ASSIGNED_CONTEXT ( ( #323, #324, #325 ) ) REPRESENTATION_CONTEXT ( 'NONE', 'WORKASPACE' ) );
#328 = PLANE ( 'NONE',  #329 ) ;
#329 = AXIS2_PLACEMENT_3D ( 'NONE', #330, #332, #333 ) ;
#330 = CARTESIAN_POINT ( 'NONE',  ( -8.019999999999999600, -4.141189633792525800, 0.1299999999999999800 ) ) ;
#331 = EDGE_CURVE ( 'NONE', #539, #26, #839, .T. ) ;
#332 = DIRECTION ( 'NONE',  ( 0.0000000000000000000, 0.0000000000000000000, -1.000000000000000000 ) ) ;
#333 = DIRECTION ( 'NONE',  ( -1.000000000000000000, 0.0000000000000000000, 0.0000000000000000000 ) ) ;
#334 = LINE ( 'NONE', #335, #336 ) ;
#335 = CARTESIAN_POINT ( 'NONE',  ( -18.68000000000000000, 12.50000000000000000, -1.280000000000000000 ) ) ;
#336 = VECTOR ( 'NONE', #337, 1000.000000000000000 ) ;
#337 = DIRECTION ( 'NONE',  ( -1.000000000000000000, 0.0000000000000000000, 0.0000000000000000000 ) ) ;
#338 = CARTESIAN_POINT ( 'NONE',  ( -18.68000000000000000, 12.50000000000000000, 1.800000000000000000 ) ) ;
#339 = FACE_OUTER_BOUND ( 'NONE', #1471, .T. ) ;
#340 = PLANE ( 'NONE',  #341 ) ;
#341 = AXIS2_PLACEMENT_3D ( 'NONE', #342, #343, #344 ) ;
#342 = CARTESIAN_POINT ( 'NONE',  ( -4.205000000000000100, -1.423024947075759900, -1.280000000000000000 ) ) ;
#343 = DIRECTION ( 'NONE',  ( 1.000000000000000000, 0.0000000000000000000, 0.0000000000000000000 ) ) ;
#344 = DIRECTION ( 'NONE',  ( 0.0000000000000000000, 0.0000000000000000000, -1.000000000000000000 ) ) ;
#345 = CARTESIAN_POINT ( 'NONE',  ( -15.24000000000000000, -3.299999999999999800, 0.2000000000000000400 ) ) ;
#346 = CIRCLE ( 'NONE', #347, 1.000000000000000000 ) ;
#347 = AXIS2_PLACEMENT_3D ( 'NONE', #350, #351, #352 ) ;
#348 = EDGE_CURVE ( 'NONE', #46, #1120, #845, .T. ) ;
#349 = ORIENTED_EDGE ( 'NONE', *, *, #1645, .T. ) ;
#350 = CARTESIAN_POINT ( 'NONE',  ( -17.68000000000000000, 12.50000000000000000, 2.799999999999999800 ) ) ;
#351 = DIRECTION ( 'NONE',  ( 0.0000000000000000000, 1.000000000000000000, 0.0000000000000000000 ) ) ;
#352 = DIRECTION ( 'NONE',  ( 0.0000000000000000000, 0.0000000000000000000, 1.000000000000000000 ) ) ;
#353 = FACE_OUTER_BOUND ( 'NONE', #1474, .T. ) ;
#354 = PLANE ( 'NONE',  #355 ) ;
#355 = AXIS2_PLACEMENT_3D ( 'NONE', #356, #357, #358 ) ;
#356 = CARTESIAN_POINT ( 'NONE',  ( -16.40500000000000100, -1.423024947075759900, 3.799999999999999800 ) ) ;
#357 = DIRECTION ( 'NONE',  ( -1.000000000000000000, 0.0000000000000000000, 0.0000000000000000000 ) ) ;
#358 = DIRECTION ( 'NONE',  ( 0.0000000000000000000, 0.0000000000000000000, 1.000000000000000000 ) ) ;
#359 = LINE ( 'NONE', #360, #361 ) ;
#360 = CARTESIAN_POINT ( 'NONE',  ( -17.75499999999999900, 0.3499999999999999800, 3.350000000000000100 ) ) ;
#361 = VECTOR ( 'NONE', #362, 1000.000000000000000 ) ;
#362 = DIRECTION ( 'NONE',  ( 1.000000000000000000, 0.0000000000000000000, 0.0000000000000000000 ) ) ;
#363 = FACE_OUTER_BOUND ( 'NONE', #1480, .T. ) ;
#364 = PLANE ( 'NONE',  #365 ) ;
#365 = AXIS2_PLACEMENT_3D ( 'NONE', #367, #368, #369 ) ;
#366 = ORIENTED_EDGE ( 'NONE', *, *, #1468, .T. ) ;
#367 = CARTESIAN_POINT ( 'NONE',  ( 0.0000000000000000000, 0.0000000000000000000, 0.0000000000000000000 ) ) ;
#368 = DIRECTION ( 'NONE',  ( 0.0000000000000000000, 1.000000000000000000, 0.0000000000000000000 ) ) ;
#369 = DIRECTION ( 'NONE',  ( 0.0000000000000000000, 0.0000000000000000000, 1.000000000000000000 ) ) ;
#370 = CARTESIAN_POINT ( 'NONE',  ( -14.65499999999999900, 0.0000000000000000000, -0.8299999999999999600 ) ) ;
#371 = LINE ( 'NONE', #372, #373 ) ;
#372 = CARTESIAN_POINT ( 'NONE',  ( 0.4000000000000045200, -3.299999999999999800, 0.1299999999999999800 ) ) ;
#373 = VECTOR ( 'NONE', #374, 1000.000000000000000 ) ;
#374 = DIRECTION ( 'NONE',  ( 0.0000000000000000000, 0.0000000000000000000, -1.000000000000000000 ) ) ;
#375 = LINE ( 'NONE', #376, #377 ) ;
#376 = CARTESIAN_POINT ( 'NONE',  ( 1.320000000000000100, 0.3499999999999999800, -1.280000000000000000 ) ) ;
#377 = VECTOR ( 'NONE', #378, 1000.000000000000000 ) ;
#378 = DIRECTION ( 'NONE',  ( -1.280553747030123800E-016, 0.0000000000000000000, -1.000000000000000000 ) ) ;
#379 = CARTESIAN_POINT ( 'NONE',  ( 1.320000000000000100, 12.50000000000000000, 3.799999999999999800 ) ) ;
#380 = LINE ( 'NONE', #381, #382 ) ;
#381 = CARTESIAN_POINT ( 'NONE',  ( -14.65499999999999900, 0.3499999999999999800, -0.8299999999999999600 ) ) ;
#382 = VECTOR ( 'NONE', #385, 1000.000000000000000 ) ;
#383 = VERTEX_POINT ( 'NONE', #856 ) ;
#384 = ADVANCED_FACE ( 'NONE', ( #861 ), #862, .F. ) ;
#385 = DIRECTION ( 'NONE',  ( -1.000000000000000000, 0.0000000000000000000, -1.606225440719264900E-016 ) ) ;
#386 = LINE ( 'NONE', #387, #388 ) ;
#387 = CARTESIAN_POINT ( 'NONE',  ( -4.205000000000000100, 0.0000000000000000000, -0.8299999999999999600 ) ) ;
#388 = VECTOR ( 'NONE', #389, 1000.000000000000000 ) ;
#389 = DIRECTION ( 'NONE',  ( 1.000000000000000000, 0.0000000000000000000, 1.606225440719264900E-016 ) ) ;
#390 = FACE_OUTER_BOUND ( 'NONE', #1484, .T. ) ;
#391 = COLOUR_RGB ( '',0.7490196078431372600, 0.7490196078431372600, 0.7490196078431372600 ) ;
#392 = FILL_AREA_STYLE_COLOUR ( '', #391 ) ;
#393 = FILL_AREA_STYLE ('',( #392 ) ) ;
#394 = SURFACE_STYLE_FILL_AREA ( #393 ) ;
#395 = SURFACE_SIDE_STYLE ('',( #394 ) ) ;
#396 = SURFACE_STYLE_USAGE ( .BOTH. , #395 ) ;
#397 = PRESENTATION_STYLE_ASSIGNMENT (( #396 ) ) ;
#398 = STYLED_ITEM ( 'NONE', ( #397 ), #1444 ) ;
#399 = PRESENTATION_LAYER_ASSIGNMENT (  '', '', ( #398 ) ) ;
#400 = MECHANICAL_DESIGN_GEOMETRIC_PRESENTATION_REPRESENTATION (  '', ( #398 ), #405 ) ;
#401 =( LENGTH_UNIT ( ) NAMED_UNIT ( * ) SI_UNIT ( .MILLI., .METRE. ) );
#402 =( NAMED_UNIT ( * ) PLANE_ANGLE_UNIT ( ) SI_UNIT ( $, .RADIAN. ) );
#403 =( NAMED_UNIT ( * ) SI_UNIT ( $, .STERADIAN. ) SOLID_ANGLE_UNIT ( ) );
#404 = UNCERTAINTY_MEASURE_WITH_UNIT (LENGTH_MEASURE( 1.000000000000000100E-005 ), #401, 'distance_accuracy_value', 'NONE');
#405 =( GEOMETRIC_REPRESENTATION_CONTEXT ( 3 ) GLOBAL_UNCERTAINTY_ASSIGNED_CONTEXT ( ( #404 ) ) GLOBAL_UNIT_ASSIGNED_CONTEXT ( ( #401, #402, #403 ) ) REPRESENTATION_CONTEXT ( 'NONE', 'WORKASPACE' ) );
#406 = PLANE ( 'NONE',  #407 ) ;
#407 = AXIS2_PLACEMENT_3D ( 'NONE', #408, #409, #410 ) ;
#408 = CARTESIAN_POINT ( 'NONE',  ( -8.019999999999999600, -4.141189633792525800, -0.1299999999999999800 ) ) ;
#409 = DIRECTION ( 'NONE',  ( 6.776263578034399000E-017, 0.0000000000000000000, 1.000000000000000000 ) ) ;
#410 = DIRECTION ( 'NONE',  ( 1.000000000000000000, 0.0000000000000000000, -6.776263578034399000E-017 ) ) ;
#411 = FACE_OUTER_BOUND ( 'NONE', #1708, .T. ) ;
#412 = PLANE ( 'NONE',  #413 ) ;
#413 = AXIS2_PLACEMENT_3D ( 'NONE', #414, #415, #416 ) ;
#414 = CARTESIAN_POINT ( 'NONE',  ( -13.30500000000000100, -1.423024947075759900, -1.280000000000000000 ) ) ;
#415 = DIRECTION ( 'NONE',  ( -1.000000000000000000, 0.0000000000000000000, 0.0000000000000000000 ) ) ;
#416 = DIRECTION ( 'NONE',  ( 0.0000000000000000000, 0.0000000000000000000, 1.000000000000000000 ) ) ;
#417 = EDGE_CURVE ( 'NONE', #642, #35, #888, .T. ) ;
#418 = ORIENTED_EDGE ( 'NONE', *, *, #971, .T. ) ;
#419 = ORIENTED_EDGE ( 'NONE', *, *, #728, .T. ) ;
#420 = CARTESIAN_POINT ( 'NONE',  ( -17.68000000000000000, 12.50000000000000000, 2.350000000000000100 ) ) ;
#421 = LINE ( 'NONE', #422, #423 ) ;
#422 = CARTESIAN_POINT ( 'NONE',  ( -2.855000000000000000, -1.423024947075759900, -1.280000000000000000 ) ) ;
#423 = VECTOR ( 'NONE', #424, 1000.000000000000000 ) ;
#424 = DIRECTION ( 'NONE',  ( 0.0000000000000000000, 1.000000000000000000, 0.0000000000000000000 ) ) ;
#425 = LINE ( 'NONE', #426, #427 ) ;
#426 = CARTESIAN_POINT ( 'NONE',  ( -17.75499999999999900, 0.0000000000000000000, 3.350000000000000100 ) ) ;
#427 = VECTOR ( 'NONE', #428, 1000.000000000000000 ) ;
#428 = DIRECTION ( 'NONE',  ( -1.000000000000000000, 0.0000000000000000000, 0.0000000000000000000 ) ) ;
#429 = FACE_OUTER_BOUND ( 'NONE', #195, .T. ) ;
#430 = PLANE ( 'NONE',  #431 ) ;
#431 = AXIS2_PLACEMENT_3D ( 'NONE', #432, #433, #434 ) ;
#432 = CARTESIAN_POINT ( 'NONE',  ( -2.855000000000000000, -1.423024947075759900, 3.799999999999999800 ) ) ;
#433 = DIRECTION ( 'NONE',  ( -1.000000000000000000, 0.0000000000000000000, 0.0000000000000000000 ) ) ;
#434 = DIRECTION ( 'NONE',  ( 0.0000000000000000000, 0.0000000000000000000, 1.000000000000000000 ) ) ;
#435 = LINE ( 'NONE', #436, #437 ) ;
#436 = CARTESIAN_POINT ( 'NONE',  ( 0.4000000000000045200, -4.141189633792525800, 0.1299999999999999800 ) ) ;
#437 = VECTOR ( 'NONE', #438, 1000.000000000000000 ) ;
#438 = DIRECTION ( 'NONE',  ( 0.0000000000000000000, 1.000000000000000000, 0.0000000000000000000 ) ) ;
#439 = CARTESIAN_POINT ( 'NONE',  ( -4.205000000000000100, 0.0000000000000000000, 3.350000000000000100 ) ) ;
#440 = FACE_OUTER_BOUND ( 'NONE', #1491, .T. ) ;
#441 = PLANE ( 'NONE',  #442 ) ;
#442 = AXIS2_PLACEMENT_3D ( 'NONE', #443, #444, #445 ) ;
#443 = CARTESIAN_POINT ( 'NONE',  ( 0.0000000000000000000, 0.0000000000000000000, 0.0000000000000000000 ) ) ;
#444 = DIRECTION ( 'NONE',  ( 0.0000000000000000000, 1.000000000000000000, 0.0000000000000000000 ) ) ;
#445 = DIRECTION ( 'NONE',  ( 0.0000000000000000000, 0.0000000000000000000, 1.000000000000000000 ) ) ;
#446 = LINE ( 'NONE', #447, #448 ) ;
#447 = CARTESIAN_POINT ( 'NONE',  ( -16.40500000000000100, -1.423024947075759900, 3.350000000000000100 ) ) ;
#448 = VECTOR ( 'NONE', #449, 1000.000000000000000 ) ;
#449 = DIRECTION ( 'NONE',  ( 0.0000000000000000000, 1.000000000000000000, 0.0000000000000000000 ) ) ;
#450 = LINE ( 'NONE', #451, #453 ) ;
#451 = CARTESIAN_POINT ( 'NONE',  ( -14.65499999999999900, 0.3499999999999999800, -1.280000000000000000 ) ) ;
#452 = ORIENTED_EDGE ( 'NONE', *, *, #746, .F. ) ;
#453 = VECTOR ( 'NONE', #454, 1000.000000000000000 ) ;
#454 = DIRECTION ( 'NONE',  ( 0.0000000000000000000, 0.0000000000000000000, -1.000000000000000000 ) ) ;
#455 = CARTESIAN_POINT ( 'NONE',  ( -17.68000000000000000, 12.50000000000000000, 3.250000000000000000 ) ) ;
#456 = CARTESIAN_POINT ( 'NONE',  ( -15.24000000000000000, 0.3499999999999999800, -0.1999999999999999800 ) ) ;
#457 = LINE ( 'NONE', #458, #459 ) ;
#458 = CARTESIAN_POINT ( 'NONE',  ( -18.68000000000000000, 0.3499999999999999800, 3.799999999999999800 ) ) ;
#459 = VECTOR ( 'NONE', #460, 1000.000000000000000 ) ;
#460 = DIRECTION ( 'NONE',  ( 1.000000000000000000, 0.0000000000000000000, 0.0000000000000000000 ) ) ;
#461 = CARTESIAN_POINT ( 'NONE',  ( -17.75499999999999900, 0.3499999999999999800, 3.350000000000000100 ) ) ;
#462 = CARTESIAN_POINT ( 'NONE',  ( -16.68000000000000000, 12.50000000000000000, 2.799999999999999800 ) ) ;
#463 = LINE ( 'NONE', #464, #465 ) ;
#464 = CARTESIAN_POINT ( 'NONE',  ( -8.019999999999999600, -4.141189633792525800, -0.1299999999999999800 ) ) ;
#465 = VECTOR ( 'NONE', #466, 1000.000000000000000 ) ;
#466 = DIRECTION ( 'NONE',  ( 0.0000000000000000000, 1.000000000000000000, 0.0000000000000000000 ) ) ;
#467 = LINE ( 'NONE', #468, #471 ) ;
#468 = CARTESIAN_POINT ( 'NONE',  ( -17.78000000000000100, 0.9156854249492349900, 0.2000000000000000100 ) ) ;
#469 = ADVANCED_FACE ( 'NONE', ( #934 ), #950, .T. ) ;
#470 = ORIENTED_EDGE ( 'NONE', *, *, #1384, .T. ) ;
#471 = VECTOR ( 'NONE', #472, 1000.000000000000000 ) ;
#472 = DIRECTION ( 'NONE',  ( 0.0000000000000000000, -1.000000000000000000, 0.0000000000000000000 ) ) ;
#473 = CARTESIAN_POINT ( 'NONE',  ( 1.320000000000000100, 0.3499999999999999800, 3.799999999999999800 ) ) ;
#474 = CARTESIAN_POINT ( 'NONE',  ( 0.4000000000000045200, -3.299999999999999800, -0.1299999999999999800 ) ) ;
#475 = FACE_OUTER_BOUND ( 'NONE', #1509, .T. ) ;
#476 = PLANE ( 'NONE',  #477 ) ;
#477 = AXIS2_PLACEMENT_3D ( 'NONE', #478, #479, #480 ) ;
#478 = CARTESIAN_POINT ( 'NONE',  ( -18.68000000000000000, 12.50000000000000000, 3.799999999999999800 ) ) ;
#479 = DIRECTION ( 'NONE',  ( 0.0000000000000000000, 1.000000000000000000, 0.0000000000000000000 ) ) ;
#480 = DIRECTION ( 'NONE',  ( 0.0000000000000000000, 0.0000000000000000000, 1.000000000000000000 ) ) ;
#481 = CARTESIAN_POINT ( 'NONE',  ( -13.30500000000000100, 0.3499999999999999800, -0.8299999999999999600 ) ) ;
#482 = CARTESIAN_POINT ( 'NONE',  ( -2.855000000000000000, 0.0000000000000000000, -0.8299999999999999600 ) ) ;
#483 = LINE ( 'NONE', #484, #485 ) ;
#484 = CARTESIAN_POINT ( 'NONE',  ( -0.4000000000000045200, 0.3499999999999999800, 0.1299999999999999800 ) ) ;
#485 = VECTOR ( 'NONE', #486, 1000.000000000000000 ) ;
#486 = DIRECTION ( 'NONE',  ( 0.0000000000000000000, 0.0000000000000000000, -1.000000000000000000 ) ) ;
#487 = LINE ( 'NONE', #488, #489 ) ;
#488 = CARTESIAN_POINT ( 'NONE',  ( -4.205000000000000100, 0.0000000000000000000, 3.799999999999999800 ) ) ;
#489 = VECTOR ( 'NONE', #490, 1000.000000000000000 ) ;
#490 = DIRECTION ( 'NONE',  ( 1.000000000000000000, 0.0000000000000000000, 0.0000000000000000000 ) ) ;
#491 = LINE ( 'NONE', #492, #493 ) ;
#492 = CARTESIAN_POINT ( 'NONE',  ( -15.24000000000000000, 0.9156854249492349900, 0.2000000000000000400 ) ) ;
#493 = VECTOR ( 'NONE', #494, 1000.000000000000000 ) ;
#494 = DIRECTION ( 'NONE',  ( 0.0000000000000000000, -1.000000000000000000, 0.0000000000000000000 ) ) ;
#495 = LINE ( 'NONE', #496, #497 ) ;
#496 = CARTESIAN_POINT ( 'NONE',  ( 1.320000000000000100, 12.50000000000000000, -1.280000000000000000 ) ) ;
#497 = VECTOR ( 'NONE', #498, 1000.000000000000000 ) ;
#498 = DIRECTION ( 'NONE',  ( -1.280553747030123800E-016, 0.0000000000000000000, -1.000000000000000000 ) ) ;
#499 = CARTESIAN_POINT ( 'NONE',  ( -2.855000000000000000, 0.0000000000000000000, -1.280000000000000000 ) ) ;
#500 = LINE ( 'NONE', #501, #502 ) ;
#501 = CARTESIAN_POINT ( 'NONE',  ( -8.019999999999999600, -3.299999999999999800, 0.1299999999999999800 ) ) ;
#502 = VECTOR ( 'NONE', #503, 1000.000000000000000 ) ;
#503 = DIRECTION ( 'NONE',  ( 0.0000000000000000000, 0.0000000000000000000, 1.000000000000000000 ) ) ;
#504 = LINE ( 'NONE', #505, #506 ) ;
#505 = CARTESIAN_POINT ( 'NONE',  ( -0.4000000000000045200, -4.141189633792525800, 0.1299999999999999800 ) ) ;
#506 = VECTOR ( 'NONE', #507, 1000.000000000000000 ) ;
#507 = DIRECTION ( 'NONE',  ( 0.0000000000000000000, 1.000000000000000000, 0.0000000000000000000 ) ) ;
#508 = FACE_OUTER_BOUND ( 'NONE', #1516, .T. ) ;
#509 = COLOUR_RGB ( '',0.7490196078431372600, 0.7490196078431372600, 0.7490196078431372600 ) ;
#510 = FILL_AREA_STYLE_COLOUR ( '', #509 ) ;
#511 = FILL_AREA_STYLE ('',( #510 ) ) ;
#512 = SURFACE_STYLE_FILL_AREA ( #511 ) ;
#513 = SURFACE_SIDE_STYLE ('',( #512 ) ) ;
#514 = SURFACE_STYLE_USAGE ( .BOTH. , #513 ) ;
#515 = PRESENTATION_STYLE_ASSIGNMENT (( #514 ) ) ;
#516 = STYLED_ITEM ( 'NONE', ( #515 ), #1477 ) ;
#517 = PRESENTATION_LAYER_ASSIGNMENT (  '', '', ( #516 ) ) ;
#518 = MECHANICAL_DESIGN_GEOMETRIC_PRESENTATION_REPRESENTATION (  '', ( #516 ), #527 ) ;
#519 = ORIENTED_EDGE ( 'NONE', *, *, #348, .F. ) ;
#520 = VERTEX_POINT ( 'NONE', #976 ) ;
#521 = ORIENTED_EDGE ( 'NONE', *, *, #812, .T. ) ;
#522 = ORIENTED_EDGE ( 'NONE', *, *, #1639, .F. ) ;
#523 =( LENGTH_UNIT ( ) NAMED_UNIT ( * ) SI_UNIT ( .MILLI., .METRE. ) );
#524 =( NAMED_UNIT ( * ) PLANE_ANGLE_UNIT ( ) SI_UNIT ( $, .RADIAN. ) );
#525 =( NAMED_UNIT ( * ) SI_UNIT ( $, .STERADIAN. ) SOLID_ANGLE_UNIT ( ) );
#526 = UNCERTAINTY_MEASURE_WITH_UNIT (LENGTH_MEASURE( 1.000000000000000100E-005 ), #523, 'distance_accuracy_value', 'NONE');
#527 =( GEOMETRIC_REPRESENTATION_CONTEXT ( 3 ) GLOBAL_UNCERTAINTY_ASSIGNED_CONTEXT ( ( #526 ) ) GLOBAL_UNIT_ASSIGNED_CONTEXT ( ( #523, #524, #525 ) ) REPRESENTATION_CONTEXT ( 'NONE', 'WORKASPACE' ) );
#528 = PLANE ( 'NONE',  #529 ) ;
#529 = AXIS2_PLACEMENT_3D ( 'NONE', #530, #531, #532 ) ;
#530 = CARTESIAN_POINT ( 'NONE',  ( -0.4000000000000045200, -4.141189633792525800, 0.1299999999999999800 ) ) ;
#531 = DIRECTION ( 'NONE',  ( 1.000000000000000000, 0.0000000000000000000, 0.0000000000000000000 ) ) ;
#532 = DIRECTION ( 'NONE',  ( 0.0000000000000000000, 0.0000000000000000000, -1.000000000000000000 ) ) ;
#533 = FACE_OUTER_BOUND ( 'NONE', #1370, .T. ) ;
#534 = CYLINDRICAL_SURFACE ( 'NONE', #535, 1.000000000000000000 ) ;
#535 = AXIS2_PLACEMENT_3D ( 'NONE', #536, #537, #538 ) ;
#536 = CARTESIAN_POINT ( 'NONE',  ( -17.68000000000000000, 11.90000000000000000, 2.799999999999999800 ) ) ;
#537 = DIRECTION ( 'NONE',  ( 0.0000000000000000000, 1.000000000000000000, 0.0000000000000000000 ) ) ;
#538 = DIRECTION ( 'NONE',  ( 0.0000000000000000000, 0.0000000000000000000, 1.000000000000000000 ) ) ;
#539 = VERTEX_POINT ( 'NONE', #978 ) ;
#540 = EDGE_CURVE ( 'NONE', #43, #194, #979, .T. ) ;
#541 = CIRCLE ( 'NONE', #542, 0.2000000000000000100 ) ;
#542 = AXIS2_PLACEMENT_3D ( 'NONE', #543, #544, #545 ) ;
#543 = CARTESIAN_POINT ( 'NONE',  ( -17.78000000000000100, -3.299999999999999800, 0.0000000000000000000 ) ) ;
#544 = DIRECTION ( 'NONE',  ( 0.0000000000000000000, 1.000000000000000000, 0.0000000000000000000 ) ) ;
#545 = DIRECTION ( 'NONE',  ( 0.0000000000000000000, 0.0000000000000000000, 1.000000000000000000 ) ) ;
#546 = LINE ( 'NONE', #547, #548 ) ;
#547 = CARTESIAN_POINT ( 'NONE',  ( -0.4000000000000045200, 0.3499999999999999800, -0.1299999999999999800 ) ) ;
#548 = VECTOR ( 'NONE', #549, 1000.000000000000000 ) ;
#549 = DIRECTION ( 'NONE',  ( 1.000000000000000000, 0.0000000000000000000, -1.355252715606866000E-016 ) ) ;
#550 = LINE ( 'NONE', #551, #552 ) ;
#551 = CARTESIAN_POINT ( 'NONE',  ( 1.320000000000000100, 12.50000000000000000, 3.799999999999999800 ) ) ;
#552 = VECTOR ( 'NONE', #553, 1000.000000000000000 ) ;
#553 = DIRECTION ( 'NONE',  ( 0.0000000000000000000, -1.000000000000000000, 0.0000000000000000000 ) ) ;
#554 = CARTESIAN_POINT ( 'NONE',  ( -17.75499999999999900, 0.0000000000000000000, 3.350000000000000100 ) ) ;
#555 = FACE_OUTER_BOUND ( 'NONE', #1372, .T. ) ;
#556 = PLANE ( 'NONE',  #558 ) ;
#557 = EDGE_CURVE ( 'NONE', #1367, #30, #987, .T. ) ;
#558 = AXIS2_PLACEMENT_3D ( 'NONE', #559, #560, #561 ) ;
#559 = CARTESIAN_POINT ( 'NONE',  ( -14.65499999999999900, -1.423024947075759900, -0.8299999999999999600 ) ) ;
#560 = DIRECTION ( 'NONE',  ( 1.606225440719264900E-016, 0.0000000000000000000, -1.000000000000000000 ) ) ;
#561 = DIRECTION ( 'NONE',  ( -1.000000000000000000, 0.0000000000000000000, -1.606225440719264900E-016 ) ) ;
#562 = FACE_OUTER_BOUND ( 'NONE', #1655, .T. ) ;
#563 = COLOUR_RGB ( '',0.7490196078431372600, 0.7490196078431372600, 0.7490196078431372600 ) ;
#564 = FILL_AREA_STYLE_COLOUR ( '', #563 ) ;
#565 = FILL_AREA_STYLE ('',( #564 ) ) ;
#566 = SURFACE_STYLE_FILL_AREA ( #565 ) ;
#567 = SURFACE_SIDE_STYLE ('',( #566 ) ) ;
#568 = SURFACE_STYLE_USAGE ( .BOTH. , #567 ) ;
#569 = PRESENTATION_STYLE_ASSIGNMENT (( #568 ) ) ;
#570 = STYLED_ITEM ( 'NONE', ( #569 ), #1622 ) ;
#571 = PRESENTATION_LAYER_ASSIGNMENT (  '', '', ( #570 ) ) ;
#572 = MECHANICAL_DESIGN_GEOMETRIC_PRESENTATION_REPRESENTATION (  '', ( #570 ), #577 ) ;
#573 =( LENGTH_UNIT ( ) NAMED_UNIT ( * ) SI_UNIT ( .MILLI., .METRE. ) );
#574 =( NAMED_UNIT ( * ) PLANE_ANGLE_UNIT ( ) SI_UNIT ( $, .RADIAN. ) );
#575 =( NAMED_UNIT ( * ) SI_UNIT ( $, .STERADIAN. ) SOLID_ANGLE_UNIT ( ) );
#576 = UNCERTAINTY_MEASURE_WITH_UNIT (LENGTH_MEASURE( 1.000000000000000100E-005 ), #573, 'distance_accuracy_value', 'NONE');
#577 =( GEOMETRIC_REPRESENTATION_CONTEXT ( 3 ) GLOBAL_UNCERTAINTY_ASSIGNED_CONTEXT ( ( #576 ) ) GLOBAL_UNIT_ASSIGNED_CONTEXT ( ( #573, #574, #575 ) ) REPRESENTATION_CONTEXT ( 'NONE', 'WORKASPACE' ) );
#578 = PLANE ( 'NONE',  #579 ) ;
#579 = AXIS2_PLACEMENT_3D ( 'NONE', #580, #581, #582 ) ;
#580 = CARTESIAN_POINT ( 'NONE',  ( -7.219999999999999800, -4.141189633792525800, 0.1299999999999999800 ) ) ;
#581 = DIRECTION ( 'NONE',  ( -1.000000000000000000, 0.0000000000000000000, 0.0000000000000000000 ) ) ;
#582 = DIRECTION ( 'NONE',  ( 0.0000000000000000000, 0.0000000000000000000, 1.000000000000000000 ) ) ;
#583 = CIRCLE ( 'NONE', #584, 0.6000000000000000900 ) ;
#584 = AXIS2_PLACEMENT_3D ( 'NONE', #585, #586, #587 ) ;
#585 = CARTESIAN_POINT ( 'NONE',  ( 0.3200000000000000100, 11.90000000000000000, 1.260000000000000000 ) ) ;
#586 = DIRECTION ( 'NONE',  ( 0.0000000000000000000, 1.000000000000000000, 0.0000000000000000000 ) ) ;
#587 = DIRECTION ( 'NONE',  ( 0.0000000000000000000, 0.0000000000000000000, 1.000000000000000000 ) ) ;
#588 = LINE ( 'NONE', #589, #591 ) ;
#589 = CARTESIAN_POINT ( 'NONE',  ( 1.320000000000000100, 12.50000000000000000, 0.6600000000000000300 ) ) ;
#590 = ADVANCED_FACE ( 'NONE', ( #1028 ), #1046, .F. ) ;
#591 = VECTOR ( 'NONE', #592, 1000.000000000000000 ) ;
#592 = DIRECTION ( 'NONE',  ( -1.000000000000000000, 0.0000000000000000000, 0.0000000000000000000 ) ) ;
#593 = FACE_OUTER_BOUND ( 'NONE', #1725, .T. ) ;
#594 = PLANE ( 'NONE',  #595 ) ;
#595 = AXIS2_PLACEMENT_3D ( 'NONE', #596, #597, #598 ) ;
#596 = CARTESIAN_POINT ( 'NONE',  ( -4.205000000000000100, -1.423024947075759900, -0.8299999999999999600 ) ) ;
#597 = DIRECTION ( 'NONE',  ( 1.606225440719264900E-016, 0.0000000000000000000, -1.000000000000000000 ) ) ;
#598 = DIRECTION ( 'NONE',  ( -1.000000000000000000, 0.0000000000000000000, -1.606225440719264900E-016 ) ) ;
#599 = LINE ( 'NONE', #600, #601 ) ;
#600 = CARTESIAN_POINT ( 'NONE',  ( -4.205000000000000100, 0.0000000000000000000, -1.280000000000000000 ) ) ;
#601 = VECTOR ( 'NONE', #602, 1000.000000000000000 ) ;
#602 = DIRECTION ( 'NONE',  ( 0.0000000000000000000, 0.0000000000000000000, 1.000000000000000000 ) ) ;
#603 = FACE_OUTER_BOUND ( 'NONE', #1656, .T. ) ;
#604 = COLOUR_RGB ( '',0.7490196078431372600, 0.7490196078431372600, 0.7490196078431372600 ) ;
#605 = FILL_AREA_STYLE_COLOUR ( '', #604 ) ;
#606 = FILL_AREA_STYLE ('',( #605 ) ) ;
#607 = ORIENTED_EDGE ( 'NONE', *, *, #1595, .F. ) ;
#608 = SURFACE_STYLE_FILL_AREA ( #606 ) ;
#609 = SURFACE_SIDE_STYLE ('',( #608 ) ) ;
#610 = SURFACE_STYLE_USAGE ( .BOTH. , #609 ) ;
#611 = PRESENTATION_STYLE_ASSIGNMENT (( #610 ) ) ;
#612 = STYLED_ITEM ( 'NONE', ( #611 ), #1624 ) ;
#613 = PRESENTATION_LAYER_ASSIGNMENT (  '', '', ( #612 ) ) ;
#614 = MECHANICAL_DESIGN_GEOMETRIC_PRESENTATION_REPRESENTATION (  '', ( #612 ), #619 ) ;
#615 =( LENGTH_UNIT ( ) NAMED_UNIT ( * ) SI_UNIT ( .MILLI., .METRE. ) );
#616 =( NAMED_UNIT ( * ) PLANE_ANGLE_UNIT ( ) SI_UNIT ( $, .RADIAN. ) );
#617 =( NAMED_UNIT ( * ) SI_UNIT ( $, .STERADIAN. ) SOLID_ANGLE_UNIT ( ) );
#618 = UNCERTAINTY_MEASURE_WITH_UNIT (LENGTH_MEASURE( 1.000000000000000100E-005 ), #615, 'distance_accuracy_value', 'NONE');
#619 =( GEOMETRIC_REPRESENTATION_CONTEXT ( 3 ) GLOBAL_UNCERTAINTY_ASSIGNED_CONTEXT ( ( #618 ) ) GLOBAL_UNIT_ASSIGNED_CONTEXT ( ( #615, #616, #617 ) ) REPRESENTATION_CONTEXT ( 'NONE', 'WORKASPACE' ) );
#620 = PLANE ( 'NONE',  #621 ) ;
#621 = AXIS2_PLACEMENT_3D ( 'NONE', #622, #623, #626 ) ;
#622 = CARTESIAN_POINT ( 'NONE',  ( -17.78000000000000100, -3.299999999999999800, 0.0000000000000000000 ) ) ;
#623 = DIRECTION ( 'NONE',  ( 0.0000000000000000000, 1.000000000000000000, 0.0000000000000000000 ) ) ;
#624 = VERTEX_POINT ( 'NONE', #1060 ) ;
#625 = ADVANCED_FACE ( 'NONE', ( #1072 ), #1090, .F. ) ;
#626 = DIRECTION ( 'NONE',  ( 0.0000000000000000000, 0.0000000000000000000, 1.000000000000000000 ) ) ;
#627 = CIRCLE ( 'NONE', #628, 0.2000000000000000100 ) ;
#628 = AXIS2_PLACEMENT_3D ( 'NONE', #629, #630, #631 ) ;
#629 = CARTESIAN_POINT ( 'NONE',  ( -17.78000000000000100, 0.3499999999999999800, 0.0000000000000000000 ) ) ;
#630 = DIRECTION ( 'NONE',  ( 0.0000000000000000000, -1.000000000000000000, 0.0000000000000000000 ) ) ;
#631 = DIRECTION ( 'NONE',  ( 0.0000000000000000000, 0.0000000000000000000, 1.000000000000000000 ) ) ;
#632 = LINE ( 'NONE', #633, #634 ) ;
#633 = CARTESIAN_POINT ( 'NONE',  ( -16.40500000000000100, 0.0000000000000000000, 3.799999999999999800 ) ) ;
#634 = VECTOR ( 'NONE', #635, 1000.000000000000000 ) ;
#635 = DIRECTION ( 'NONE',  ( 0.0000000000000000000, 0.0000000000000000000, -1.000000000000000000 ) ) ;
#636 = FACE_OUTER_BOUND ( 'NONE', #1726, .T. ) ;
#637 = PLANE ( 'NONE',  #638 ) ;
#638 = AXIS2_PLACEMENT_3D ( 'NONE', #639, #640, #641 ) ;
#639 = CARTESIAN_POINT ( 'NONE',  ( 0.0000000000000000000, 0.0000000000000000000, 0.0000000000000000000 ) ) ;
#640 = DIRECTION ( 'NONE',  ( 0.0000000000000000000, 1.000000000000000000, 0.0000000000000000000 ) ) ;
#641 = DIRECTION ( 'NONE',  ( 0.0000000000000000000, 0.0000000000000000000, 1.000000000000000000 ) ) ;
#642 = VERTEX_POINT ( 'NONE', #1095 ) ;
#643 = CARTESIAN_POINT ( 'NONE',  ( 0.4000000000000045200, -3.299999999999999800, 0.1299999999999999800 ) ) ;
#644 = LINE ( 'NONE', #645, #646 ) ;
#645 = CARTESIAN_POINT ( 'NONE',  ( -7.219999999999999800, 0.3499999999999999800, 0.1299999999999999800 ) ) ;
#646 = VECTOR ( 'NONE', #647, 1000.000000000000000 ) ;
#647 = DIRECTION ( 'NONE',  ( 0.0000000000000000000, 0.0000000000000000000, 1.000000000000000000 ) ) ;
#648 = LINE ( 'NONE', #649, #650 ) ;
#649 = CARTESIAN_POINT ( 'NONE',  ( -8.019999999999999600, 0.3499999999999999800, 0.1299999999999999800 ) ) ;
#650 = VECTOR ( 'NONE', #651, 1000.000000000000000 ) ;
#651 = DIRECTION ( 'NONE',  ( 0.0000000000000000000, 0.0000000000000000000, -1.000000000000000000 ) ) ;
#652 = FACE_OUTER_BOUND ( 'NONE', #1729, .T. ) ;
#653 = COLOUR_RGB ( '',0.7490196078431372600, 0.7490196078431372600, 0.7490196078431372600 ) ;
#654 = FILL_AREA_STYLE_COLOUR ( '', #653 ) ;
#655 = FILL_AREA_STYLE ('',( #654 ) ) ;
#656 = SURFACE_STYLE_FILL_AREA ( #655 ) ;
#657 = SURFACE_SIDE_STYLE ('',( #656 ) ) ;
#658 = SURFACE_STYLE_USAGE ( .BOTH. , #657 ) ;
#659 = ORIENTED_EDGE ( 'NONE', *, *, #971, .F. ) ;
#660 = ADVANCED_FACE ( 'NONE', ( #1105 ), #1106, .F. ) ;
#661 = PRESENTATION_STYLE_ASSIGNMENT (( #658 ) ) ;
#662 = STYLED_ITEM ( 'NONE', ( #661 ), #1709 ) ;
#663 = PRESENTATION_LAYER_ASSIGNMENT (  '', '', ( #662 ) ) ;
#664 = MECHANICAL_DESIGN_GEOMETRIC_PRESENTATION_REPRESENTATION (  '', ( #662 ), #669 ) ;
#665 =( LENGTH_UNIT ( ) NAMED_UNIT ( * ) SI_UNIT ( .MILLI., .METRE. ) );
#666 =( NAMED_UNIT ( * ) PLANE_ANGLE_UNIT ( ) SI_UNIT ( $, .RADIAN. ) );
#667 =( NAMED_UNIT ( * ) SI_UNIT ( $, .STERADIAN. ) SOLID_ANGLE_UNIT ( ) );
#668 = UNCERTAINTY_MEASURE_WITH_UNIT (LENGTH_MEASURE( 1.000000000000000100E-005 ), #665, 'distance_accuracy_value', 'NONE');
#669 =( GEOMETRIC_REPRESENTATION_CONTEXT ( 3 ) GLOBAL_UNCERTAINTY_ASSIGNED_CONTEXT ( ( #668 ) ) GLOBAL_UNIT_ASSIGNED_CONTEXT ( ( #665, #666, #667 ) ) REPRESENTATION_CONTEXT ( 'NONE', 'WORKASPACE' ) );
#670 = CYLINDRICAL_SURFACE ( 'NONE', #671, 0.2000000000000000100 ) ;
#671 = AXIS2_PLACEMENT_3D ( 'NONE', #672, #673, #674 ) ;
#672 = CARTESIAN_POINT ( 'NONE',  ( -15.24000000000000000, 0.9156854249492349900, 2.571286783546829900E-017 ) ) ;
#673 = DIRECTION ( 'NONE',  ( 0.0000000000000000000, -1.000000000000000000, 0.0000000000000000000 ) ) ;
#674 = DIRECTION ( 'NONE',  ( 0.0000000000000000000, 0.0000000000000000000, -1.000000000000000000 ) ) ;
#675 = CIRCLE ( 'NONE', #676, 0.4499999999999999000 ) ;
#676 = AXIS2_PLACEMENT_3D ( 'NONE', #679, #680, #681 ) ;
#677 = VERTEX_POINT ( 'NONE', #1111 ) ;
#678 = EDGE_LOOP ( 'NONE', ( #1102, #1455, #1579, #1659, #1689, #1716, #1262, #1452 ) ) ;
#679 = CARTESIAN_POINT ( 'NONE',  ( -17.68000000000000000, 11.90000000000000000, 2.799999999999999800 ) ) ;
#680 = DIRECTION ( 'NONE',  ( 0.0000000000000000000, 1.000000000000000000, 0.0000000000000000000 ) ) ;
#681 = DIRECTION ( 'NONE',  ( 0.0000000000000000000, 0.0000000000000000000, 1.000000000000000000 ) ) ;
#682 = CIRCLE ( 'NONE', #683, 0.4499999999999999000 ) ;
#683 = AXIS2_PLACEMENT_3D ( 'NONE', #684, #685, #686 ) ;
#684 = CARTESIAN_POINT ( 'NONE',  ( -17.68000000000000000, 12.50000000000000000, 2.799999999999999800 ) ) ;
#685 = DIRECTION ( 'NONE',  ( 0.0000000000000000000, 1.000000000000000000, 0.0000000000000000000 ) ) ;
#686 = DIRECTION ( 'NONE',  ( 0.0000000000000000000, 0.0000000000000000000, 1.000000000000000000 ) ) ;
#687 = CARTESIAN_POINT ( 'NONE',  ( -14.65499999999999900, 0.3499999999999999800, -0.8299999999999999600 ) ) ;
#688 = LINE ( 'NONE', #689, #690 ) ;
#689 = CARTESIAN_POINT ( 'NONE',  ( -16.40500000000000100, -1.423024947075759900, 3.799999999999999800 ) ) ;
#690 = VECTOR ( 'NONE', #691, 1000.000000000000000 ) ;
#691 = DIRECTION ( 'NONE',  ( 0.0000000000000000000, 1.000000000000000000, 0.0000000000000000000 ) ) ;
#692 = LINE ( 'NONE', #693, #694 ) ;
#693 = CARTESIAN_POINT ( 'NONE',  ( 0.3200000000000000100, 11.90000000000000000, 1.860000000000000100 ) ) ;
#694 = VECTOR ( 'NONE', #696, 1000.000000000000000 ) ;
#695 = ORIENTED_EDGE ( 'NONE', *, *, #1012, .T. ) ;
#696 = DIRECTION ( 'NONE',  ( 0.0000000000000000000, 1.000000000000000000, 0.0000000000000000000 ) ) ;
#697 = FACE_OUTER_BOUND ( 'NONE', #12, .T. ) ;
#698 = PLANE ( 'NONE',  #699 ) ;
#699 = AXIS2_PLACEMENT_3D ( 'NONE', #700, #701, #702 ) ;
#700 = CARTESIAN_POINT ( 'NONE',  ( 1.320000000000000100, 11.90000000000000000, 0.6600000000000000300 ) ) ;
#701 = DIRECTION ( 'NONE',  ( 0.0000000000000000000, 0.0000000000000000000, -1.000000000000000000 ) ) ;
#702 = DIRECTION ( 'NONE',  ( -1.000000000000000000, 0.0000000000000000000, 0.0000000000000000000 ) ) ;
#703 = CARTESIAN_POINT ( 'NONE',  ( -17.78000000000000100, -3.299999999999999800, 0.2000000000000000100 ) ) ;
#704 = LINE ( 'NONE', #705, #706 ) ;
#705 = CARTESIAN_POINT ( 'NONE',  ( -2.855000000000000000, 0.3499999999999999800, -1.280000000000000000 ) ) ;
#706 = VECTOR ( 'NONE', #707, 1000.000000000000000 ) ;
#707 = DIRECTION ( 'NONE',  ( 0.0000000000000000000, 0.0000000000000000000, 1.000000000000000000 ) ) ;
#708 = LINE ( 'NONE', #709, #710 ) ;
#709 = CARTESIAN_POINT ( 'NONE',  ( -18.68000000000000000, 0.3499999999999999800, -1.280000000000000000 ) ) ;
#710 = VECTOR ( 'NONE', #711, 1000.000000000000000 ) ;
#711 = DIRECTION ( 'NONE',  ( -1.000000000000000000, 0.0000000000000000000, 0.0000000000000000000 ) ) ;
#712 = CARTESIAN_POINT ( 'NONE',  ( -17.68000000000000000, 12.50000000000000000, 1.800000000000000000 ) ) ;
#713 = LINE ( 'NONE', #714, #715 ) ;
#714 = CARTESIAN_POINT ( 'NONE',  ( -2.855000000000000000, -1.423024947075759900, 3.350000000000000100 ) ) ;
#715 = VECTOR ( 'NONE', #716, 1000.000000000000000 ) ;
#716 = DIRECTION ( 'NONE',  ( 0.0000000000000000000, 1.000000000000000000, 0.0000000000000000000 ) ) ;
#717 = LINE ( 'NONE', #718, #719 ) ;
#718 = CARTESIAN_POINT ( 'NONE',  ( -8.019999999999999600, -3.299999999999999800, -0.1299999999999999800 ) ) ;
#719 = VECTOR ( 'NONE', #720, 1000.000000000000000 ) ;
#720 = DIRECTION ( 'NONE',  ( -1.000000000000000000, 0.0000000000000000000, 6.776263578034399000E-017 ) ) ;
#721 = FACE_OUTER_BOUND ( 'NONE', #1387, .T. ) ;
#722 = COLOUR_RGB ( '',0.7490196078431372600, 0.7490196078431372600, 0.7490196078431372600 ) ;
#723 = FILL_AREA_STYLE_COLOUR ( '', #722 ) ;
#724 = FILL_AREA_STYLE ('',( #723 ) ) ;
#725 = SURFACE_STYLE_FILL_AREA ( #724 ) ;
#726 = SURFACE_SIDE_STYLE ('',( #725 ) ) ;
#727 = SURFACE_STYLE_USAGE ( .BOTH. , #726 ) ;
#728 = EDGE_CURVE ( 'NONE', #1466, #110, #1130, .T. ) ;
#729 = ADVANCED_FACE ( 'NONE', ( #1134 ), #1154, .F. ) ;
#730 = PRESENTATION_STYLE_ASSIGNMENT (( #727 ) ) ;
#731 = STYLED_ITEM ( 'NONE', ( #730 ), #1331 ) ;
#732 = PRESENTATION_LAYER_ASSIGNMENT (  '', '', ( #731 ) ) ;
#733 = MECHANICAL_DESIGN_GEOMETRIC_PRESENTATION_REPRESENTATION (  '', ( #731 ), #738 ) ;
#734 =( LENGTH_UNIT ( ) NAMED_UNIT ( * ) SI_UNIT ( .MILLI., .METRE. ) );
#735 =( NAMED_UNIT ( * ) PLANE_ANGLE_UNIT ( ) SI_UNIT ( $, .RADIAN. ) );
#736 =( NAMED_UNIT ( * ) SI_UNIT ( $, .STERADIAN. ) SOLID_ANGLE_UNIT ( ) );
#737 = UNCERTAINTY_MEASURE_WITH_UNIT (LENGTH_MEASURE( 1.000000000000000100E-005 ), #734, 'distance_accuracy_value', 'NONE');
#738 =( GEOMETRIC_REPRESENTATION_CONTEXT ( 3 ) GLOBAL_UNCERTAINTY_ASSIGNED_CONTEXT ( ( #737 ) ) GLOBAL_UNIT_ASSIGNED_CONTEXT ( ( #734, #735, #736 ) ) REPRESENTATION_CONTEXT ( 'NONE', 'WORKASPACE' ) );
#739 = PLANE ( 'NONE',  #740 ) ;
#740 = AXIS2_PLACEMENT_3D ( 'NONE', #741, #742, #743 ) ;
#741 = CARTESIAN_POINT ( 'NONE',  ( -0.4000000000000045200, -4.141189633792525800, 0.1299999999999999800 ) ) ;
#742 = DIRECTION ( 'NONE',  ( 1.355252715606866000E-016, 0.0000000000000000000, -1.000000000000000000 ) ) ;
#743 = DIRECTION ( 'NONE',  ( -1.000000000000000000, 0.0000000000000000000, -1.355252715606866000E-016 ) ) ;
#744 = CIRCLE ( 'NONE', #745, 1.000000000000000000 ) ;
#745 = AXIS2_PLACEMENT_3D ( 'NONE', #747, #748, #749 ) ;
#746 = EDGE_CURVE ( 'NONE', #972, #624, #1168, .T. ) ;
#747 = CARTESIAN_POINT ( 'NONE',  ( -17.68000000000000000, 11.90000000000000000, 2.799999999999999800 ) ) ;
#748 = DIRECTION ( 'NONE',  ( 0.0000000000000000000, 1.000000000000000000, 0.0000000000000000000 ) ) ;
#749 = DIRECTION ( 'NONE',  ( 0.0000000000000000000, 0.0000000000000000000, 1.000000000000000000 ) ) ;
#750 = LINE ( 'NONE', #751, #752 ) ;
#751 = CARTESIAN_POINT ( 'NONE',  ( -17.78000000000000100, 0.9156854249492349900, -0.2000000000000000100 ) ) ;
#752 = VECTOR ( 'NONE', #753, 1000.000000000000000 ) ;
#753 = DIRECTION ( 'NONE',  ( 0.0000000000000000000, -1.000000000000000000, 0.0000000000000000000 ) ) ;
#754 = LINE ( 'NONE', #755, #756 ) ;
#755 = CARTESIAN_POINT ( 'NONE',  ( -4.205000000000000100, 0.3499999999999999800, 3.799999999999999800 ) ) ;
#756 = VECTOR ( 'NONE', #757, 1000.000000000000000 ) ;
#757 = DIRECTION ( 'NONE',  ( 0.0000000000000000000, 0.0000000000000000000, -1.000000000000000000 ) ) ;
#758 = FACE_OUTER_BOUND ( 'NONE', #1534, .T. ) ;
#759 = PLANE ( 'NONE',  #760 ) ;
#760 = AXIS2_PLACEMENT_3D ( 'NONE', #761, #762, #764 ) ;
#761 = CARTESIAN_POINT ( 'NONE',  ( -14.65499999999999900, -1.423024947075759900, -1.280000000000000000 ) ) ;
#762 = DIRECTION ( 'NONE',  ( 1.000000000000000000, 0.0000000000000000000, 0.0000000000000000000 ) ) ;
#763 = EDGE_LOOP ( 'NONE', ( #1192, #1386, #1440, #1500 ) ) ;
#764 = DIRECTION ( 'NONE',  ( 0.0000000000000000000, 0.0000000000000000000, -1.000000000000000000 ) ) ;
#765 = LINE ( 'NONE', #766, #767 ) ;
#766 = CARTESIAN_POINT ( 'NONE',  ( -13.30500000000000100, 0.0000000000000000000, -1.280000000000000000 ) ) ;
#767 = VECTOR ( 'NONE', #768, 1000.000000000000000 ) ;
#768 = DIRECTION ( 'NONE',  ( 0.0000000000000000000, 0.0000000000000000000, -1.000000000000000000 ) ) ;
#769 = LINE ( 'NONE', #770, #771 ) ;
#770 = CARTESIAN_POINT ( 'NONE',  ( -16.68000000000000000, 11.90000000000000000, 2.799999999999999800 ) ) ;
#771 = VECTOR ( 'NONE', #772, 1000.000000000000000 ) ;
#772 = DIRECTION ( 'NONE',  ( 0.0000000000000000000, 1.000000000000000000, 0.0000000000000000000 ) ) ;
#773 = CARTESIAN_POINT ( 'NONE',  ( 1.320000000000000100, 0.3499999999999999800, -1.280000000000000000 ) ) ;
#774 = LINE ( 'NONE', #775, #776 ) ;
#775 = CARTESIAN_POINT ( 'NONE',  ( -2.855000000000000000, 0.0000000000000000000, 3.799999999999999800 ) ) ;
#776 = VECTOR ( 'NONE', #777, 1000.000000000000000 ) ;
#777 = DIRECTION ( 'NONE',  ( 0.0000000000000000000, 0.0000000000000000000, -1.000000000000000000 ) ) ;
#778 = LINE ( 'NONE', #779, #780 ) ;
#779 = CARTESIAN_POINT ( 'NONE',  ( -18.68000000000000000, 11.90000000000000000, 3.799999999999999800 ) ) ;
#780 = VECTOR ( 'NONE', #781, 1000.000000000000000 ) ;
#781 = DIRECTION ( 'NONE',  ( 1.000000000000000000, 0.0000000000000000000, -2.168404344971004900E-016 ) ) ;
#782 = CARTESIAN_POINT ( 'NONE',  ( -16.40500000000000100, 0.3499999999999999800, 3.799999999999999800 ) ) ;
#783 = LINE ( 'NONE', #784, #785 ) ;
#784 = CARTESIAN_POINT ( 'NONE',  ( -4.205000000000000100, -1.423024947075759900, 3.799999999999999800 ) ) ;
#785 = VECTOR ( 'NONE', #786, 1000.000000000000000 ) ;
#786 = DIRECTION ( 'NONE',  ( 0.0000000000000000000, 1.000000000000000000, 0.0000000000000000000 ) ) ;
#787 = LINE ( 'NONE', #788, #789 ) ;
#788 = CARTESIAN_POINT ( 'NONE',  ( 1.320000000000000100, 11.90000000000000000, 0.6600000000000000300 ) ) ;
#789 = VECTOR ( 'NONE', #790, 1000.000000000000000 ) ;
#790 = DIRECTION ( 'NONE',  ( 0.0000000000000000000, 1.000000000000000000, 0.0000000000000000000 ) ) ;
#791 = CARTESIAN_POINT ( 'NONE',  ( -4.205000000000000100, 0.0000000000000000000, -0.8299999999999999600 ) ) ;
#792 = LINE ( 'NONE', #793, #794 ) ;
#793 = CARTESIAN_POINT ( 'NONE',  ( -17.68000000000000000, 13.77279220613577900, 3.250000000000000000 ) ) ;
#794 = VECTOR ( 'NONE', #795, 1000.000000000000000 ) ;
#795 = DIRECTION ( 'NONE',  ( 0.0000000000000000000, -1.000000000000000000, 0.0000000000000000000 ) ) ;
#796 = LINE ( 'NONE', #797, #798 ) ;
#797 = CARTESIAN_POINT ( 'NONE',  ( 1.320000000000000100, 11.90000000000000000, 0.6600000000000000300 ) ) ;
#798 = VECTOR ( 'NONE', #799, 1000.000000000000000 ) ;
#799 = DIRECTION ( 'NONE',  ( 0.0000000000000000000, 0.0000000000000000000, -1.000000000000000000 ) ) ;
#800 = LINE ( 'NONE', #801, #802 ) ;
#801 = CARTESIAN_POINT ( 'NONE',  ( 1.320000000000000100, 11.90000000000000000, 1.860000000000000100 ) ) ;
#802 = VECTOR ( 'NONE', #803, 1000.000000000000000 ) ;
#803 = DIRECTION ( 'NONE',  ( 0.0000000000000000000, 1.000000000000000000, 0.0000000000000000000 ) ) ;
#804 = LINE ( 'NONE', #805, #806 ) ;
#805 = CARTESIAN_POINT ( 'NONE',  ( -7.219999999999999800, -4.141189633792525800, -0.1299999999999999800 ) ) ;
#806 = VECTOR ( 'NONE', #807, 1000.000000000000000 ) ;
#807 = DIRECTION ( 'NONE',  ( 0.0000000000000000000, 1.000000000000000000, 0.0000000000000000000 ) ) ;
#808 = LINE ( 'NONE', #809, #810 ) ;
#809 = CARTESIAN_POINT ( 'NONE',  ( -0.4000000000000045200, 0.3499999999999999800, 0.1299999999999999800 ) ) ;
#810 = VECTOR ( 'NONE', #811, 1000.000000000000000 ) ;
#811 = DIRECTION ( 'NONE',  ( -1.000000000000000000, 0.0000000000000000000, -1.355252715606866000E-016 ) ) ;
#812 = EDGE_CURVE ( 'NONE', #110, #1047, #1206, .T. ) ;
#813 = LINE ( 'NONE', #814, #815 ) ;
#814 = CARTESIAN_POINT ( 'NONE',  ( 0.4000000000000045200, 0.3499999999999999800, 0.1299999999999999800 ) ) ;
#815 = VECTOR ( 'NONE', #816, 1000.000000000000000 ) ;
#816 = DIRECTION ( 'NONE',  ( 0.0000000000000000000, 0.0000000000000000000, 1.000000000000000000 ) ) ;
#817 = CARTESIAN_POINT ( 'NONE',  ( -2.855000000000000000, 0.0000000000000000000, 3.799999999999999800 ) ) ;
#818 = LINE ( 'NONE', #819, #820 ) ;
#819 = CARTESIAN_POINT ( 'NONE',  ( -13.30500000000000100, -1.423024947075759900, -0.8299999999999999600 ) ) ;
#820 = VECTOR ( 'NONE', #821, 1000.000000000000000 ) ;
#821 = DIRECTION ( 'NONE',  ( 0.0000000000000000000, 1.000000000000000000, 0.0000000000000000000 ) ) ;
#822 = CIRCLE ( 'NONE', #823, 0.2000000000000000100 ) ;
#823 = AXIS2_PLACEMENT_3D ( 'NONE', #824, #825, #826 ) ;
#824 = CARTESIAN_POINT ( 'NONE',  ( -15.24000000000000000, -3.299999999999999800, 2.571286783546829900E-017 ) ) ;
#825 = DIRECTION ( 'NONE',  ( 0.0000000000000000000, 1.000000000000000000, 0.0000000000000000000 ) ) ;
#826 = DIRECTION ( 'NONE',  ( 0.0000000000000000000, 0.0000000000000000000, 1.000000000000000000 ) ) ;
#827 = LINE ( 'NONE', #828, #831 ) ;
#828 = CARTESIAN_POINT ( 'NONE',  ( -18.68000000000000000, 12.50000000000000000, -1.280000000000000000 ) ) ;
#829 = ORIENTED_EDGE ( 'NONE', *, *, #1636, .F. ) ;
#830 = ORIENTED_EDGE ( 'NONE', *, *, #1139, .F. ) ;
#831 = VECTOR ( 'NONE', #832, 1000.000000000000000 ) ;
#832 = DIRECTION ( 'NONE',  ( 0.0000000000000000000, -1.000000000000000000, 0.0000000000000000000 ) ) ;
#833 = FACE_OUTER_BOUND ( 'NONE', #1548, .T. ) ;
#834 = PLANE ( 'NONE',  #835 ) ;
#835 = AXIS2_PLACEMENT_3D ( 'NONE', #836, #837, #838 ) ;
#836 = CARTESIAN_POINT ( 'NONE',  ( -18.68000000000000000, 12.50000000000000000, -1.280000000000000000 ) ) ;
#837 = DIRECTION ( 'NONE',  ( 1.000000000000000000, 0.0000000000000000000, -6.829619984160660000E-016 ) ) ;
#838 = DIRECTION ( 'NONE',  ( -6.829619984160660000E-016, 0.0000000000000000000, -1.000000000000000000 ) ) ;
#839 = CIRCLE ( 'NONE', #840, 0.6000000000000000900 ) ;
#840 = AXIS2_PLACEMENT_3D ( 'NONE', #841, #842, #843 ) ;
#841 = CARTESIAN_POINT ( 'NONE',  ( 0.3200000000000000100, 12.50000000000000000, 1.260000000000000000 ) ) ;
#842 = DIRECTION ( 'NONE',  ( 0.0000000000000000000, 1.000000000000000000, 0.0000000000000000000 ) ) ;
#843 = DIRECTION ( 'NONE',  ( 0.0000000000000000000, 0.0000000000000000000, 1.000000000000000000 ) ) ;
#844 = CARTESIAN_POINT ( 'NONE',  ( -0.4000000000000045200, -3.299999999999999800, 0.1299999999999999800 ) ) ;
#845 = LINE ( 'NONE', #846, #848 ) ;
#846 = CARTESIAN_POINT ( 'NONE',  ( -17.68000000000000000, 13.77279220613577900, 2.350000000000000100 ) ) ;
#847 = ORIENTED_EDGE ( 'NONE', *, *, #1157, .F. ) ;
#848 = VECTOR ( 'NONE', #849, 1000.000000000000000 ) ;
#849 = DIRECTION ( 'NONE',  ( 0.0000000000000000000, -1.000000000000000000, 0.0000000000000000000 ) ) ;
#850 = LINE ( 'NONE', #851, #852 ) ;
#851 = CARTESIAN_POINT ( 'NONE',  ( -14.65499999999999900, -1.423024947075759900, -1.280000000000000000 ) ) ;
#852 = VECTOR ( 'NONE', #853, 1000.000000000000000 ) ;
#853 = DIRECTION ( 'NONE',  ( 0.0000000000000000000, 1.000000000000000000, 0.0000000000000000000 ) ) ;
#854 = CARTESIAN_POINT ( 'NONE',  ( 0.3200000000000000100, 11.90000000000000000, 0.6600000000000000300 ) ) ;
#855 = CARTESIAN_POINT ( 'NONE',  ( -17.68000000000000000, 11.90000000000000000, 1.800000000000000000 ) ) ;
#856 = CARTESIAN_POINT ( 'NONE',  ( -14.65499999999999900, 0.3499999999999999800, -1.280000000000000000 ) ) ;
#857 = LINE ( 'NONE', #858, #859 ) ;
#858 = CARTESIAN_POINT ( 'NONE',  ( -18.68000000000000000, 0.3499999999999999800, -1.280000000000000000 ) ) ;
#859 = VECTOR ( 'NONE', #860, 1000.000000000000000 ) ;
#860 = DIRECTION ( 'NONE',  ( 6.829619984160660000E-016, 0.0000000000000000000, 1.000000000000000000 ) ) ;
#861 = FACE_OUTER_BOUND ( 'NONE', #678, .T. ) ;
#862 = PLANE ( 'NONE',  #863 ) ;
#863 = AXIS2_PLACEMENT_3D ( 'NONE', #865, #866, #867 ) ;
#864 = ORIENTED_EDGE ( 'NONE', *, *, #728, .F. ) ;
#865 = CARTESIAN_POINT ( 'NONE',  ( 1.320000000000000100, 12.50000000000000000, -1.280000000000000000 ) ) ;
#866 = DIRECTION ( 'NONE',  ( -1.000000000000000000, 0.0000000000000000000, 1.280553747030123800E-016 ) ) ;
#867 = DIRECTION ( 'NONE',  ( 1.280553747030123800E-016, 0.0000000000000000000, 1.000000000000000000 ) ) ;
#868 = LINE ( 'NONE', #869, #870 ) ;
#869 = CARTESIAN_POINT ( 'NONE',  ( -4.205000000000000100, 0.3499999999999999800, 3.350000000000000100 ) ) ;
#870 = VECTOR ( 'NONE', #871, 1000.000000000000000 ) ;
#871 = DIRECTION ( 'NONE',  ( 1.000000000000000000, 0.0000000000000000000, 0.0000000000000000000 ) ) ;
#872 = LINE ( 'NONE', #873, #874 ) ;
#873 = CARTESIAN_POINT ( 'NONE',  ( -18.68000000000000000, 12.50000000000000000, 3.799999999999999800 ) ) ;
#874 = VECTOR ( 'NONE', #875, 1000.000000000000000 ) ;
#875 = DIRECTION ( 'NONE',  ( 0.0000000000000000000, -1.000000000000000000, 0.0000000000000000000 ) ) ;
#876 = FACE_OUTER_BOUND ( 'NONE', #1555, .T. ) ;
#877 = PLANE ( 'NONE',  #878 ) ;
#878 = AXIS2_PLACEMENT_3D ( 'NONE', #879, #880, #883 ) ;
#879 = CARTESIAN_POINT ( 'NONE',  ( 0.0000000000000000000, 0.0000000000000000000, 0.0000000000000000000 ) ) ;
#880 = DIRECTION ( 'NONE',  ( 0.0000000000000000000, 1.000000000000000000, 0.0000000000000000000 ) ) ;
#881 = ORIENTED_EDGE ( 'NONE', *, *, #1472, .F. ) ;
#882 = EDGE_LOOP ( 'NONE', ( #1313, #1400, #1522, #1620 ) ) ;
#883 = DIRECTION ( 'NONE',  ( 0.0000000000000000000, 0.0000000000000000000, 1.000000000000000000 ) ) ;
#884 = LINE ( 'NONE', #885, #886 ) ;
#885 = CARTESIAN_POINT ( 'NONE',  ( -8.019999999999999600, 0.3499999999999999800, 0.1299999999999999800 ) ) ;
#886 = VECTOR ( 'NONE', #887, 1000.000000000000000 ) ;
#887 = DIRECTION ( 'NONE',  ( -1.000000000000000000, 0.0000000000000000000, 0.0000000000000000000 ) ) ;
#888 = LINE ( 'NONE', #889, #890 ) ;
#889 = CARTESIAN_POINT ( 'NONE',  ( -4.205000000000000100, 0.3499999999999999800, -1.280000000000000000 ) ) ;
#890 = VECTOR ( 'NONE', #891, 1000.000000000000000 ) ;
#891 = DIRECTION ( 'NONE',  ( 0.0000000000000000000, 0.0000000000000000000, -1.000000000000000000 ) ) ;
#892 = CARTESIAN_POINT ( 'NONE',  ( -2.855000000000000000, 0.3499999999999999800, -1.280000000000000000 ) ) ;
#893 = FACE_OUTER_BOUND ( 'NONE', #1467, .T. ) ;
#894 = COLOUR_RGB ( '',0.7490196078431372600, 0.7490196078431372600, 0.7490196078431372600 ) ;
#895 = FILL_AREA_STYLE_COLOUR ( '', #894 ) ;
#896 = FILL_AREA_STYLE ('',( #895 ) ) ;
#897 = SURFACE_STYLE_FILL_AREA ( #896 ) ;
#898 = SURFACE_SIDE_STYLE ('',( #897 ) ) ;
#899 = EDGE_CURVE ( 'NONE', #1479, #1565, #1238, .T. ) ;
#900 = SURFACE_STYLE_USAGE ( .BOTH. , #898 ) ;
#901 = PRESENTATION_STYLE_ASSIGNMENT (( #900 ) ) ;
#902 = STYLED_ITEM ( 'NONE', ( #901 ), #1519 ) ;
#903 = PRESENTATION_LAYER_ASSIGNMENT (  '', '', ( #902 ) ) ;
#904 = MECHANICAL_DESIGN_GEOMETRIC_PRESENTATION_REPRESENTATION (  '', ( #902 ), #909 ) ;
#905 =( LENGTH_UNIT ( ) NAMED_UNIT ( * ) SI_UNIT ( .MILLI., .METRE. ) );
#906 =( NAMED_UNIT ( * ) PLANE_ANGLE_UNIT ( ) SI_UNIT ( $, .RADIAN. ) );
#907 =( NAMED_UNIT ( * ) SI_UNIT ( $, .STERADIAN. ) SOLID_ANGLE_UNIT ( ) );
#908 = UNCERTAINTY_MEASURE_WITH_UNIT (LENGTH_MEASURE( 1.000000000000000100E-005 ), #905, 'distance_accuracy_value', 'NONE');
#909 =( GEOMETRIC_REPRESENTATION_CONTEXT ( 3 ) GLOBAL_UNCERTAINTY_ASSIGNED_CONTEXT ( ( #908 ) ) GLOBAL_UNIT_ASSIGNED_CONTEXT ( ( #905, #906, #907 ) ) REPRESENTATION_CONTEXT ( 'NONE', 'WORKASPACE' ) );
#910 = CYLINDRICAL_SURFACE ( 'NONE', #911, 0.2000000000000000100 ) ;
#911 = AXIS2_PLACEMENT_3D ( 'NONE', #912, #913, #914 ) ;
#912 = CARTESIAN_POINT ( 'NONE',  ( -17.78000000000000100, 0.9156854249492349900, 0.0000000000000000000 ) ) ;
#913 = DIRECTION ( 'NONE',  ( 0.0000000000000000000, -1.000000000000000000, 0.0000000000000000000 ) ) ;
#914 = DIRECTION ( 'NONE',  ( 0.0000000000000000000, 0.0000000000000000000, -1.000000000000000000 ) ) ;
#915 = FACE_OUTER_BOUND ( 'NONE', #1743, .T. ) ;
#916 = ORIENTED_EDGE ( 'NONE', *, *, #991, .F. ) ;
#917 = ORIENTED_EDGE ( 'NONE', *, *, #1243, .F. ) ;
#918 = VERTEX_POINT ( 'NONE', #1251 ) ;
#919 = EDGE_LOOP ( 'NONE', ( #1351, #1405, #1460, #1520 ) ) ;
#920 = CYLINDRICAL_SURFACE ( 'NONE', #921, 0.6000000000000000900 ) ;
#921 = AXIS2_PLACEMENT_3D ( 'NONE', #922, #923, #924 ) ;
#922 = CARTESIAN_POINT ( 'NONE',  ( 0.3200000000000000100, 11.90000000000000000, 1.260000000000000000 ) ) ;
#923 = DIRECTION ( 'NONE',  ( 0.0000000000000000000, 1.000000000000000000, 0.0000000000000000000 ) ) ;
#924 = DIRECTION ( 'NONE',  ( 0.0000000000000000000, 0.0000000000000000000, 1.000000000000000000 ) ) ;
#925 = CIRCLE ( 'NONE', #926, 0.2000000000000000100 ) ;
#926 = AXIS2_PLACEMENT_3D ( 'NONE', #927, #928, #929 ) ;
#927 = CARTESIAN_POINT ( 'NONE',  ( -15.24000000000000000, 0.3499999999999999800, 2.571286783546829900E-017 ) ) ;
#928 = DIRECTION ( 'NONE',  ( 0.0000000000000000000, -1.000000000000000000, 0.0000000000000000000 ) ) ;
#929 = DIRECTION ( 'NONE',  ( 0.0000000000000000000, 0.0000000000000000000, 1.000000000000000000 ) ) ;
#930 = LINE ( 'NONE', #931, #932 ) ;
#931 = CARTESIAN_POINT ( 'NONE',  ( -14.65499999999999900, 0.0000000000000000000, -0.8299999999999999600 ) ) ;
#932 = VECTOR ( 'NONE', #933, 1000.000000000000000 ) ;
#933 = DIRECTION ( 'NONE',  ( 1.000000000000000000, 0.0000000000000000000, 1.606225440719264900E-016 ) ) ;
#934 = FACE_OUTER_BOUND ( 'NONE', #763, .T. ) ;
#935 = COLOUR_RGB ( '',0.7490196078431372600, 0.7490196078431372600, 0.7490196078431372600 ) ;
#936 = FILL_AREA_STYLE_COLOUR ( '', #935 ) ;
#937 = FILL_AREA_STYLE ('',( #936 ) ) ;
#938 = SURFACE_STYLE_FILL_AREA ( #937 ) ;
#939 = SURFACE_SIDE_STYLE ('',( #938 ) ) ;
#940 = SURFACE_STYLE_USAGE ( .BOTH. , #939 ) ;
#941 = PRESENTATION_STYLE_ASSIGNMENT (( #940 ) ) ;
#942 = STYLED_ITEM ( 'NONE', ( #941 ), #469 ) ;
#943 = PRESENTATION_LAYER_ASSIGNMENT (  '', '', ( #942 ) ) ;
#944 = MECHANICAL_DESIGN_GEOMETRIC_PRESENTATION_REPRESENTATION (  '', ( #942 ), #949 ) ;
#945 =( LENGTH_UNIT ( ) NAMED_UNIT ( * ) SI_UNIT ( .MILLI., .METRE. ) );
#946 =( NAMED_UNIT ( * ) PLANE_ANGLE_UNIT ( ) SI_UNIT ( $, .RADIAN. ) );
#947 =( NAMED_UNIT ( * ) SI_UNIT ( $, .STERADIAN. ) SOLID_ANGLE_UNIT ( ) );
#948 = UNCERTAINTY_MEASURE_WITH_UNIT (LENGTH_MEASURE( 1.000000000000000100E-005 ), #945, 'distance_accuracy_value', 'NONE');
#949 =( GEOMETRIC_REPRESENTATION_CONTEXT ( 3 ) GLOBAL_UNCERTAINTY_ASSIGNED_CONTEXT ( ( #948 ) ) GLOBAL_UNIT_ASSIGNED_CONTEXT ( ( #945, #946, #947 ) ) REPRESENTATION_CONTEXT ( 'NONE', 'WORKASPACE' ) );
#950 = CYLINDRICAL_SURFACE ( 'NONE', #951, 0.2000000000000000100 ) ;
#951 = AXIS2_PLACEMENT_3D ( 'NONE', #955, #956, #957 ) ;
#952 = ORIENTED_EDGE ( 'NONE', *, *, #1263, .F. ) ;
#953 = EDGE_LOOP ( 'NONE', ( #1356, #1411, #1533, #1627 ) ) ;
#954 = EDGE_CURVE ( 'NONE', #1511, #1634, #1253, .T. ) ;
#955 = CARTESIAN_POINT ( 'NONE',  ( -17.78000000000000100, 0.9156854249492349900, 0.0000000000000000000 ) ) ;
#956 = DIRECTION ( 'NONE',  ( 0.0000000000000000000, -1.000000000000000000, 0.0000000000000000000 ) ) ;
#957 = DIRECTION ( 'NONE',  ( 0.0000000000000000000, 0.0000000000000000000, -1.000000000000000000 ) ) ;
#958 = LINE ( 'NONE', #959, #960 ) ;
#959 = CARTESIAN_POINT ( 'NONE',  ( -7.219999999999999800, -3.299999999999999800, 0.1299999999999999800 ) ) ;
#960 = VECTOR ( 'NONE', #961, 1000.000000000000000 ) ;
#961 = DIRECTION ( 'NONE',  ( 0.0000000000000000000, 0.0000000000000000000, -1.000000000000000000 ) ) ;
#962 = LINE ( 'NONE', #963, #964 ) ;
#963 = CARTESIAN_POINT ( 'NONE',  ( -18.68000000000000000, 12.50000000000000000, -1.280000000000000000 ) ) ;
#964 = VECTOR ( 'NONE', #965, 1000.000000000000000 ) ;
#965 = DIRECTION ( 'NONE',  ( 6.829619984160660000E-016, 0.0000000000000000000, 1.000000000000000000 ) ) ;
#966 = CARTESIAN_POINT ( 'NONE',  ( 1.320000000000000100, 12.50000000000000000, 1.860000000000000100 ) ) ;
#967 = FACE_OUTER_BOUND ( 'NONE', #1571, .T. ) ;
#968 = PLANE ( 'NONE',  #969 ) ;
#969 = AXIS2_PLACEMENT_3D ( 'NONE', #970, #974, #975 ) ;
#970 = CARTESIAN_POINT ( 'NONE',  ( -18.68000000000000000, 12.50000000000000000, -1.280000000000000000 ) ) ;
#971 = EDGE_CURVE ( 'NONE', #1191, #264, #1257, .T. ) ;
#972 = VERTEX_POINT ( 'NONE', #1264 ) ;
#973 = ORIENTED_EDGE ( 'NONE', *, *, #1570, .F. ) ;
#974 = DIRECTION ( 'NONE',  ( 0.0000000000000000000, 0.0000000000000000000, 1.000000000000000000 ) ) ;
#975 = DIRECTION ( 'NONE',  ( 1.000000000000000000, 0.0000000000000000000, 0.0000000000000000000 ) ) ;
#976 = CARTESIAN_POINT ( 'NONE',  ( 0.4000000000000045200, 0.3499999999999999800, -0.1299999999999999800 ) ) ;
#977 = CARTESIAN_POINT ( 'NONE',  ( -16.68000000000000000, 11.90000000000000000, 2.799999999999999800 ) ) ;
#978 = CARTESIAN_POINT ( 'NONE',  ( 0.3200000000000000100, 12.50000000000000000, 0.6600000000000000300 ) ) ;
#979 = LINE ( 'NONE', #980, #981 ) ;
#980 = CARTESIAN_POINT ( 'NONE',  ( -14.65499999999999900, -1.423024947075759900, -0.8299999999999999600 ) ) ;
#981 = VECTOR ( 'NONE', #982, 1000.000000000000000 ) ;
#982 = DIRECTION ( 'NONE',  ( 0.0000000000000000000, 1.000000000000000000, 0.0000000000000000000 ) ) ;
#983 = LINE ( 'NONE', #984, #985 ) ;
#984 = CARTESIAN_POINT ( 'NONE',  ( -7.219999999999999800, -4.141189633792525800, 0.1299999999999999800 ) ) ;
#985 = VECTOR ( 'NONE', #986, 1000.000000000000000 ) ;
#986 = DIRECTION ( 'NONE',  ( 0.0000000000000000000, 1.000000000000000000, 0.0000000000000000000 ) ) ;
#987 = LINE ( 'NONE', #988, #989 ) ;
#988 = CARTESIAN_POINT ( 'NONE',  ( -16.68000000000000000, 11.90000000000000000, 3.799999999999999800 ) ) ;
#989 = VECTOR ( 'NONE', #995, 1000.000000000000000 ) ;
#990 = ORIENTED_EDGE ( 'NONE', *, *, #1296, .F. ) ;
#991 = EDGE_CURVE ( 'NONE', #1461, #1564, #1265, .T. ) ;
#992 = VERTEX_POINT ( 'NONE', #1269 ) ;
#993 = ORIENTED_EDGE ( 'NONE', *, *, #1496, .F. ) ;
#994 = ORIENTED_EDGE ( 'NONE', *, *, #52, .T. ) ;
#995 = DIRECTION ( 'NONE',  ( 0.0000000000000000000, 1.000000000000000000, 0.0000000000000000000 ) ) ;
#996 = LINE ( 'NONE', #997, #998 ) ;
#997 = CARTESIAN_POINT ( 'NONE',  ( -17.75499999999999900, -1.423024947075759900, 3.799999999999999800 ) ) ;
#998 = VECTOR ( 'NONE', #999, 1000.000000000000000 ) ;
#999 = DIRECTION ( 'NONE',  ( 0.0000000000000000000, 1.000000000000000000, 0.0000000000000000000 ) ) ;
#1000 = FACE_OUTER_BOUND ( 'NONE', #1578, .T. ) ;
#1001 = COLOUR_RGB ( '',0.7490196078431372600, 0.7490196078431372600, 0.7490196078431372600 ) ;
#1002 = FILL_AREA_STYLE_COLOUR ( '', #1001 ) ;
#1003 = FILL_AREA_STYLE ('',( #1002 ) ) ;
#1004 = SURFACE_STYLE_FILL_AREA ( #1003 ) ;
#1005 = SURFACE_SIDE_STYLE ('',( #1004 ) ) ;
#1006 = SURFACE_STYLE_USAGE ( .BOTH. , #1005 ) ;
#1007 = PRESENTATION_STYLE_ASSIGNMENT (( #1006 ) ) ;
#1008 = STYLED_ITEM ( 'NONE', ( #1007 ), #1540 ) ;
#1009 = PRESENTATION_LAYER_ASSIGNMENT (  '', '', ( #1008 ) ) ;
#1010 = MECHANICAL_DESIGN_GEOMETRIC_PRESENTATION_REPRESENTATION (  '', ( #1008 ), #1017 ) ;
#1011 = ORIENTED_EDGE ( 'NONE', *, *, #1328, .F. ) ;
#1012 = EDGE_CURVE ( 'NONE', #1375, #1693, #1275, .T. ) ;
#1013 =( LENGTH_UNIT ( ) NAMED_UNIT ( * ) SI_UNIT ( .MILLI., .METRE. ) );
#1014 =( NAMED_UNIT ( * ) PLANE_ANGLE_UNIT ( ) SI_UNIT ( $, .RADIAN. ) );
#1015 =( NAMED_UNIT ( * ) SI_UNIT ( $, .STERADIAN. ) SOLID_ANGLE_UNIT ( ) );
#1016 = UNCERTAINTY_MEASURE_WITH_UNIT (LENGTH_MEASURE( 1.000000000000000100E-005 ), #1013, 'distance_accuracy_value', 'NONE');
#1017 =( GEOMETRIC_REPRESENTATION_CONTEXT ( 3 ) GLOBAL_UNCERTAINTY_ASSIGNED_CONTEXT ( ( #1016 ) ) GLOBAL_UNIT_ASSIGNED_CONTEXT ( ( #1013, #1014, #1015 ) ) REPRESENTATION_CONTEXT ( 'NONE', 'WORKASPACE' ) );
#1018 = PLANE ( 'NONE',  #1019 ) ;
#1019 = AXIS2_PLACEMENT_3D ( 'NONE', #1020, #1021, #1022 ) ;
#1020 = CARTESIAN_POINT ( 'NONE',  ( -15.24000000000000000, -3.299999999999999800, 2.571286783546829900E-017 ) ) ;
#1021 = DIRECTION ( 'NONE',  ( 0.0000000000000000000, 1.000000000000000000, 0.0000000000000000000 ) ) ;
#1022 = DIRECTION ( 'NONE',  ( 0.0000000000000000000, 0.0000000000000000000, 1.000000000000000000 ) ) ;
#1023 = CIRCLE ( 'NONE', #1024, 0.2000000000000000100 ) ;
#1024 = AXIS2_PLACEMENT_3D ( 'NONE', #1025, #1026, #1027 ) ;
#1025 = CARTESIAN_POINT ( 'NONE',  ( -17.78000000000000100, -3.299999999999999800, 0.0000000000000000000 ) ) ;
#1026 = DIRECTION ( 'NONE',  ( 0.0000000000000000000, 1.000000000000000000, 0.0000000000000000000 ) ) ;
#1027 = DIRECTION ( 'NONE',  ( 0.0000000000000000000, 0.0000000000000000000, 1.000000000000000000 ) ) ;
#1028 = FACE_OUTER_BOUND ( 'NONE', #882, .T. ) ;
#1029 = ORIENTED_EDGE ( 'NONE', *, *, #1349, .T. ) ;
#1030 = EDGE_LOOP ( 'NONE', ( #1378, #1434, #1541, #1592 ) ) ;
#1031 = COLOUR_RGB ( '',0.7490196078431372600, 0.7490196078431372600, 0.7490196078431372600 ) ;
#1032 = FILL_AREA_STYLE_COLOUR ( '', #1031 ) ;
#1033 = FILL_AREA_STYLE ('',( #1032 ) ) ;
#1034 = SURFACE_STYLE_FILL_AREA ( #1033 ) ;
#1035 = SURFACE_SIDE_STYLE ('',( #1034 ) ) ;
#1036 = SURFACE_STYLE_USAGE ( .BOTH. , #1035 ) ;
#1037 = PRESENTATION_STYLE_ASSIGNMENT (( #1036 ) ) ;
#1038 = STYLED_ITEM ( 'NONE', ( #1037 ), #590 ) ;
#1039 = PRESENTATION_LAYER_ASSIGNMENT (  '', '', ( #1038 ) ) ;
#1040 = MECHANICAL_DESIGN_GEOMETRIC_PRESENTATION_REPRESENTATION (  '', ( #1038 ), #1045 ) ;
#1041 =( LENGTH_UNIT ( ) NAMED_UNIT ( * ) SI_UNIT ( .MILLI., .METRE. ) );
#1042 =( NAMED_UNIT ( * ) PLANE_ANGLE_UNIT ( ) SI_UNIT ( $, .RADIAN. ) );
#1043 =( NAMED_UNIT ( * ) SI_UNIT ( $, .STERADIAN. ) SOLID_ANGLE_UNIT ( ) );
#1044 = UNCERTAINTY_MEASURE_WITH_UNIT (LENGTH_MEASURE( 1.000000000000000100E-005 ), #1041, 'distance_accuracy_value', 'NONE');
#1045 =( GEOMETRIC_REPRESENTATION_CONTEXT ( 3 ) GLOBAL_UNCERTAINTY_ASSIGNED_CONTEXT ( ( #1044 ) ) GLOBAL_UNIT_ASSIGNED_CONTEXT ( ( #1041, #1042, #1043 ) ) REPRESENTATION_CONTEXT ( 'NONE', 'WORKASPACE' ) );
#1046 = PLANE ( 'NONE',  #1049 ) ;
#1047 = VERTEX_POINT ( 'NONE', #1279 ) ;
#1048 = ORIENTED_EDGE ( 'NONE', *, *, #1354, .T. ) ;
#1049 = AXIS2_PLACEMENT_3D ( 'NONE', #1050, #1051, #1052 ) ;
#1050 = CARTESIAN_POINT ( 'NONE',  ( 0.4000000000000045200, -4.141189633792525800, 0.1299999999999999800 ) ) ;
#1051 = DIRECTION ( 'NONE',  ( -1.000000000000000000, 0.0000000000000000000, 0.0000000000000000000 ) ) ;
#1052 = DIRECTION ( 'NONE',  ( 0.0000000000000000000, 0.0000000000000000000, 1.000000000000000000 ) ) ;
#1053 = CARTESIAN_POINT ( 'NONE',  ( -18.68000000000000000, 0.3499999999999999800, -1.280000000000000000 ) ) ;
#1054 = FACE_OUTER_BOUND ( 'NONE', #1580, .T. ) ;
#1055 = PLANE ( 'NONE',  #1056 ) ;
#1056 = AXIS2_PLACEMENT_3D ( 'NONE', #1057, #1058, #1059 ) ;
#1057 = CARTESIAN_POINT ( 'NONE',  ( -18.68000000000000000, 12.50000000000000000, 3.799999999999999800 ) ) ;
#1058 = DIRECTION ( 'NONE',  ( 0.0000000000000000000, 1.000000000000000000, 0.0000000000000000000 ) ) ;
#1059 = DIRECTION ( 'NONE',  ( 0.0000000000000000000, 0.0000000000000000000, 1.000000000000000000 ) ) ;
#1060 = CARTESIAN_POINT ( 'NONE',  ( -8.019999999999999600, 0.3499999999999999800, 0.1299999999999999800 ) ) ;
#1061 = CARTESIAN_POINT ( 'NONE',  ( -4.205000000000000100, 0.3499999999999999800, 3.350000000000000100 ) ) ;
#1062 = LINE ( 'NONE', #1063, #1064 ) ;
#1063 = CARTESIAN_POINT ( 'NONE',  ( 1.320000000000000100, 12.50000000000000000, -1.280000000000000000 ) ) ;
#1064 = VECTOR ( 'NONE', #1067, 1000.000000000000000 ) ;
#1065 = VERTEX_POINT ( 'NONE', #1284 ) ;
#1066 = ORIENTED_EDGE ( 'NONE', *, *, #1475, .F. ) ;
#1067 = DIRECTION ( 'NONE',  ( 0.0000000000000000000, -1.000000000000000000, 0.0000000000000000000 ) ) ;
#1068 = LINE ( 'NONE', #1069, #1070 ) ;
#1069 = CARTESIAN_POINT ( 'NONE',  ( -4.205000000000000100, 0.0000000000000000000, 3.799999999999999800 ) ) ;
#1070 = VECTOR ( 'NONE', #1071, 1000.000000000000000 ) ;
#1071 = DIRECTION ( 'NONE',  ( 0.0000000000000000000, 0.0000000000000000000, 1.000000000000000000 ) ) ;
#1072 = FACE_OUTER_BOUND ( 'NONE', #919, .T. ) ;
#1073 = COLOUR_RGB ( '',0.7490196078431372600, 0.7490196078431372600, 0.7490196078431372600 ) ;
#1074 = FILL_AREA_STYLE_COLOUR ( '', #1073 ) ;
#1075 = FILL_AREA_STYLE ('',( #1074 ) ) ;
#1076 = SURFACE_STYLE_FILL_AREA ( #1075 ) ;
#1077 = SURFACE_SIDE_STYLE ('',( #1076 ) ) ;
#1078 = SURFACE_STYLE_USAGE ( .BOTH. , #1077 ) ;
#1079 = PRESENTATION_STYLE_ASSIGNMENT (( #1078 ) ) ;
#1080 = STYLED_ITEM ( 'NONE', ( #1079 ), #625 ) ;
#1081 = PRESENTATION_LAYER_ASSIGNMENT (  '', '', ( #1080 ) ) ;
#1082 = MECHANICAL_DESIGN_GEOMETRIC_PRESENTATION_REPRESENTATION (  '', ( #1080 ), #1089 ) ;
#1083 = EDGE_CURVE ( 'NONE', #18, #1101, #1289, .T. ) ;
#1084 = ORIENTED_EDGE ( 'NONE', *, *, #1355, .F. ) ;
#1085 =( LENGTH_UNIT ( ) NAMED_UNIT ( * ) SI_UNIT ( .MILLI., .METRE. ) );
#1086 =( NAMED_UNIT ( * ) PLANE_ANGLE_UNIT ( ) SI_UNIT ( $, .RADIAN. ) );
#1087 =( NAMED_UNIT ( * ) SI_UNIT ( $, .STERADIAN. ) SOLID_ANGLE_UNIT ( ) );
#1088 = UNCERTAINTY_MEASURE_WITH_UNIT (LENGTH_MEASURE( 1.000000000000000100E-005 ), #1085, 'distance_accuracy_value', 'NONE');
#1089 =( GEOMETRIC_REPRESENTATION_CONTEXT ( 3 ) GLOBAL_UNCERTAINTY_ASSIGNED_CONTEXT ( ( #1088 ) ) GLOBAL_UNIT_ASSIGNED_CONTEXT ( ( #1085, #1086, #1087 ) ) REPRESENTATION_CONTEXT ( 'NONE', 'WORKASPACE' ) );
#1090 = PLANE ( 'NONE',  #1091 ) ;
#1091 = AXIS2_PLACEMENT_3D ( 'NONE', #1092, #1093, #1094 ) ;
#1092 = CARTESIAN_POINT ( 'NONE',  ( -17.78000000000000100, -3.299999999999999800, 0.0000000000000000000 ) ) ;
#1093 = DIRECTION ( 'NONE',  ( 0.0000000000000000000, 1.000000000000000000, 0.0000000000000000000 ) ) ;
#1094 = DIRECTION ( 'NONE',  ( 0.0000000000000000000, 0.0000000000000000000, 1.000000000000000000 ) ) ;
#1095 = CARTESIAN_POINT ( 'NONE',  ( -4.205000000000000100, 0.3499999999999999800, -0.8299999999999999600 ) ) ;
#1096 = FACE_OUTER_BOUND ( 'NONE', #1583, .T. ) ;
#1097 = PLANE ( 'NONE',  #1098 ) ;
#1098 = AXIS2_PLACEMENT_3D ( 'NONE', #1099, #1100, #1104 ) ;
#1099 = CARTESIAN_POINT ( 'NONE',  ( -18.68000000000000000, 12.50000000000000000, 3.799999999999999800 ) ) ;
#1100 = DIRECTION ( 'NONE',  ( 0.0000000000000000000, 0.0000000000000000000, -1.000000000000000000 ) ) ;
#1101 = VERTEX_POINT ( 'NONE', #1294 ) ;
#1102 = ORIENTED_EDGE ( 'NONE', *, *, #1360, .F. ) ;
#1103 = ORIENTED_EDGE ( 'NONE', *, *, #1361, .T. ) ;
#1104 = DIRECTION ( 'NONE',  ( -1.000000000000000000, 0.0000000000000000000, 0.0000000000000000000 ) ) ;
#1105 = FACE_OUTER_BOUND ( 'NONE', #953, .T. ) ;
#1106 = PLANE ( 'NONE',  #1107 ) ;
#1107 = AXIS2_PLACEMENT_3D ( 'NONE', #1108, #1109, #1110 ) ;
#1108 = CARTESIAN_POINT ( 'NONE',  ( -17.75499999999999900, -1.423024947075759900, 3.350000000000000100 ) ) ;
#1109 = DIRECTION ( 'NONE',  ( 0.0000000000000000000, 0.0000000000000000000, 1.000000000000000000 ) ) ;
#1110 = DIRECTION ( 'NONE',  ( 1.000000000000000000, 0.0000000000000000000, 0.0000000000000000000 ) ) ;
#1111 = CARTESIAN_POINT ( 'NONE',  ( -7.219999999999999800, 0.3499999999999999800, 0.1299999999999999800 ) ) ;
#1112 = CARTESIAN_POINT ( 'NONE',  ( -7.219999999999999800, -3.299999999999999800, -0.1299999999999999800 ) ) ;
#1113 = CARTESIAN_POINT ( 'NONE',  ( -13.30500000000000100, 0.0000000000000000000, -0.8299999999999999600 ) ) ;
#1114 = LINE ( 'NONE', #1115, #1116 ) ;
#1115 = CARTESIAN_POINT ( 'NONE',  ( -0.4000000000000045200, -3.299999999999999800, -0.1299999999999999800 ) ) ;
#1116 = VECTOR ( 'NONE', #1117, 1000.000000000000000 ) ;
#1117 = DIRECTION ( 'NONE',  ( -1.000000000000000000, 0.0000000000000000000, 1.355252715606866000E-016 ) ) ;
#1118 = FACE_OUTER_BOUND ( 'NONE', #1593, .T. ) ;
#1119 = PLANE ( 'NONE',  #1121 ) ;
#1120 = VERTEX_POINT ( 'NONE', #1295 ) ;
#1121 = AXIS2_PLACEMENT_3D ( 'NONE', #1122, #1123, #1124 ) ;
#1122 = CARTESIAN_POINT ( 'NONE',  ( -18.68000000000000000, 11.90000000000000000, 1.800000000000000000 ) ) ;
#1123 = DIRECTION ( 'NONE',  ( -4.336808689942015300E-016, 0.0000000000000000000, -1.000000000000000000 ) ) ;
#1124 = DIRECTION ( 'NONE',  ( -1.000000000000000000, 0.0000000000000000000, 4.336808689942015300E-016 ) ) ;
#1125 = CARTESIAN_POINT ( 'NONE',  ( -18.68000000000000000, 12.50000000000000000, -1.280000000000000000 ) ) ;
#1126 = LINE ( 'NONE', #1127, #1128 ) ;
#1127 = CARTESIAN_POINT ( 'NONE',  ( -13.30500000000000100, -1.423024947075759900, -1.280000000000000000 ) ) ;
#1128 = VECTOR ( 'NONE', #1129, 1000.000000000000000 ) ;
#1129 = DIRECTION ( 'NONE',  ( 0.0000000000000000000, 1.000000000000000000, 0.0000000000000000000 ) ) ;
#1130 = LINE ( 'NONE', #1131, #1132 ) ;
#1131 = CARTESIAN_POINT ( 'NONE',  ( -2.855000000000000000, 0.0000000000000000000, -1.280000000000000000 ) ) ;
#1132 = VECTOR ( 'NONE', #1133, 1000.000000000000000 ) ;
#1133 = DIRECTION ( 'NONE',  ( 0.0000000000000000000, 0.0000000000000000000, -1.000000000000000000 ) ) ;
#1134 = FACE_OUTER_BOUND ( 'NONE', #1030, .T. ) ;
#1135 = COLOUR_RGB ( '',0.7490196078431372600, 0.7490196078431372600, 0.7490196078431372600 ) ;
#1136 = FILL_AREA_STYLE_COLOUR ( '', #1135 ) ;
#1137 = VERTEX_POINT ( 'NONE', #1301 ) ;
#1138 = ORIENTED_EDGE ( 'NONE', *, *, #1363, .T. ) ;
#1139 = EDGE_CURVE ( 'NONE', #1406, #1508, #1306, .T. ) ;
#1140 = EDGE_CURVE ( 'NONE', #46, #54, #1310, .T. ) ;
#1141 = FILL_AREA_STYLE ('',( #1136 ) ) ;
#1142 = SURFACE_STYLE_FILL_AREA ( #1141 ) ;
#1143 = SURFACE_SIDE_STYLE ('',( #1142 ) ) ;
#1144 = SURFACE_STYLE_USAGE ( .BOTH. , #1143 ) ;
#1145 = PRESENTATION_STYLE_ASSIGNMENT (( #1144 ) ) ;
#1146 = STYLED_ITEM ( 'NONE', ( #1145 ), #729 ) ;
#1147 = PRESENTATION_LAYER_ASSIGNMENT (  '', '', ( #1146 ) ) ;
#1148 = MECHANICAL_DESIGN_GEOMETRIC_PRESENTATION_REPRESENTATION (  '', ( #1146 ), #1153 ) ;
#1149 =( LENGTH_UNIT ( ) NAMED_UNIT ( * ) SI_UNIT ( .MILLI., .METRE. ) );
#1150 =( NAMED_UNIT ( * ) PLANE_ANGLE_UNIT ( ) SI_UNIT ( $, .RADIAN. ) );
#1151 =( NAMED_UNIT ( * ) SI_UNIT ( $, .STERADIAN. ) SOLID_ANGLE_UNIT ( ) );
#1152 = UNCERTAINTY_MEASURE_WITH_UNIT (LENGTH_MEASURE( 1.000000000000000100E-005 ), #1149, 'distance_accuracy_value', 'NONE');
#1153 =( GEOMETRIC_REPRESENTATION_CONTEXT ( 3 ) GLOBAL_UNCERTAINTY_ASSIGNED_CONTEXT ( ( #1152 ) ) GLOBAL_UNIT_ASSIGNED_CONTEXT ( ( #1149, #1150, #1151 ) ) REPRESENTATION_CONTEXT ( 'NONE', 'WORKASPACE' ) );
#1154 = PLANE ( 'NONE',  #1155 ) ;
#1155 = AXIS2_PLACEMENT_3D ( 'NONE', #1156, #1158, #1159 ) ;
#1156 = CARTESIAN_POINT ( 'NONE',  ( -8.019999999999999600, -4.141189633792525800, 0.1299999999999999800 ) ) ;
#1157 = EDGE_CURVE ( 'NONE', #1357, #642, #1316, .T. ) ;
#1158 = DIRECTION ( 'NONE',  ( 1.000000000000000000, 0.0000000000000000000, 0.0000000000000000000 ) ) ;
#1159 = DIRECTION ( 'NONE',  ( 0.0000000000000000000, 0.0000000000000000000, -1.000000000000000000 ) ) ;
#1160 = LINE ( 'NONE', #1161, #1162 ) ;
#1161 = CARTESIAN_POINT ( 'NONE',  ( -17.75499999999999900, 0.3499999999999999800, 3.799999999999999800 ) ) ;
#1162 = VECTOR ( 'NONE', #1163, 1000.000000000000000 ) ;
#1163 = DIRECTION ( 'NONE',  ( 0.0000000000000000000, 0.0000000000000000000, -1.000000000000000000 ) ) ;
#1164 = LINE ( 'NONE', #1165, #1166 ) ;
#1165 = CARTESIAN_POINT ( 'NONE',  ( -16.68000000000000000, 12.50000000000000000, 3.799999999999999800 ) ) ;
#1166 = VECTOR ( 'NONE', #1167, 1000.000000000000000 ) ;
#1167 = DIRECTION ( 'NONE',  ( 0.0000000000000000000, 0.0000000000000000000, -1.000000000000000000 ) ) ;
#1168 = LINE ( 'NONE', #1169, #1170 ) ;
#1169 = CARTESIAN_POINT ( 'NONE',  ( -8.019999999999999600, -4.141189633792525800, 0.1299999999999999800 ) ) ;
#1170 = VECTOR ( 'NONE', #1171, 1000.000000000000000 ) ;
#1171 = DIRECTION ( 'NONE',  ( 0.0000000000000000000, 1.000000000000000000, 0.0000000000000000000 ) ) ;
#1172 = LINE ( 'NONE', #1173, #1175 ) ;
#1173 = CARTESIAN_POINT ( 'NONE',  ( -18.68000000000000000, 11.90000000000000000, 1.800000000000000000 ) ) ;
#1174 = ORIENTED_EDGE ( 'NONE', *, *, #331, .T. ) ;
#1175 = VECTOR ( 'NONE', #1176, 1000.000000000000000 ) ;
#1176 = DIRECTION ( 'NONE',  ( -1.000000000000000000, 0.0000000000000000000, 4.336808689942015300E-016 ) ) ;
#1177 = CARTESIAN_POINT ( 'NONE',  ( -15.24000000000000000, -3.299999999999999800, -0.1999999999999999800 ) ) ;
#1178 = LINE ( 'NONE', #1179, #1180 ) ;
#1179 = CARTESIAN_POINT ( 'NONE',  ( -18.68000000000000000, 0.3499999999999999800, 3.799999999999999800 ) ) ;
#1180 = VECTOR ( 'NONE', #1181, 1000.000000000000000 ) ;
#1181 = DIRECTION ( 'NONE',  ( 1.000000000000000000, 0.0000000000000000000, 0.0000000000000000000 ) ) ;
#1182 = CARTESIAN_POINT ( 'NONE',  ( -17.75499999999999900, 0.0000000000000000000, 3.799999999999999800 ) ) ;
#1183 = LINE ( 'NONE', #1184, #1185 ) ;
#1184 = CARTESIAN_POINT ( 'NONE',  ( 0.4000000000000045200, -4.141189633792525800, -0.1299999999999999800 ) ) ;
#1185 = VECTOR ( 'NONE', #1186, 1000.000000000000000 ) ;
#1186 = DIRECTION ( 'NONE',  ( 0.0000000000000000000, 1.000000000000000000, 0.0000000000000000000 ) ) ;
#1187 = LINE ( 'NONE', #1188, #1189 ) ;
#1188 = CARTESIAN_POINT ( 'NONE',  ( -13.30500000000000100, 0.3499999999999999800, -1.280000000000000000 ) ) ;
#1189 = VECTOR ( 'NONE', #1190, 1000.000000000000000 ) ;
#1190 = DIRECTION ( 'NONE',  ( 0.0000000000000000000, 0.0000000000000000000, 1.000000000000000000 ) ) ;
#1191 = VERTEX_POINT ( 'NONE', #1320 ) ;
#1192 = ORIENTED_EDGE ( 'NONE', *, *, #1699, .F. ) ;
#1193 = LINE ( 'NONE', #1194, #1195 ) ;
#1194 = CARTESIAN_POINT ( 'NONE',  ( -16.68000000000000000, 11.90000000000000000, 3.799999999999999800 ) ) ;
#1195 = VECTOR ( 'NONE', #1196, 1000.000000000000000 ) ;
#1196 = DIRECTION ( 'NONE',  ( 0.0000000000000000000, 0.0000000000000000000, -1.000000000000000000 ) ) ;
#1197 = LINE ( 'NONE', #1198, #1199 ) ;
#1198 = CARTESIAN_POINT ( 'NONE',  ( -2.855000000000000000, -1.423024947075759900, -0.8299999999999999600 ) ) ;
#1199 = VECTOR ( 'NONE', #1200, 1000.000000000000000 ) ;
#1200 = DIRECTION ( 'NONE',  ( 0.0000000000000000000, 1.000000000000000000, 0.0000000000000000000 ) ) ;
#1201 = CIRCLE ( 'NONE', #1202, 0.4499999999999999000 ) ;
#1202 = AXIS2_PLACEMENT_3D ( 'NONE', #1203, #1204, #1205 ) ;
#1203 = CARTESIAN_POINT ( 'NONE',  ( -17.68000000000000000, 11.90000000000000000, 2.799999999999999800 ) ) ;
#1204 = DIRECTION ( 'NONE',  ( 0.0000000000000000000, 1.000000000000000000, 0.0000000000000000000 ) ) ;
#1205 = DIRECTION ( 'NONE',  ( 0.0000000000000000000, 0.0000000000000000000, 1.000000000000000000 ) ) ;
#1206 = LINE ( 'NONE', #1207, #1208 ) ;
#1207 = CARTESIAN_POINT ( 'NONE',  ( -4.205000000000000100, 0.0000000000000000000, -1.280000000000000000 ) ) ;
#1208 = VECTOR ( 'NONE', #1210, 1000.000000000000000 ) ;
#1209 = ORIENTED_EDGE ( 'NONE', *, *, #1369, .F. ) ;
#1210 = DIRECTION ( 'NONE',  ( -1.000000000000000000, 0.0000000000000000000, -1.606225440719264900E-016 ) ) ;
#1211 = CARTESIAN_POINT ( 'NONE',  ( 1.320000000000000100, 12.50000000000000000, -1.280000000000000000 ) ) ;
#1212 = LINE ( 'NONE', #1213, #1214 ) ;
#1213 = CARTESIAN_POINT ( 'NONE',  ( -17.75499999999999900, -1.423024947075759900, 3.350000000000000100 ) ) ;
#1214 = VECTOR ( 'NONE', #1215, 1000.000000000000000 ) ;
#1215 = DIRECTION ( 'NONE',  ( 0.0000000000000000000, 1.000000000000000000, 0.0000000000000000000 ) ) ;
#1216 = FACE_OUTER_BOUND ( 'NONE', #1612, .T. ) ;
#1217 = COLOUR_RGB ( '',0.7490196078431372600, 0.7490196078431372600, 0.7490196078431372600 ) ;
#1218 = FILL_AREA_STYLE_COLOUR ( '', #1217 ) ;
#1219 = FILL_AREA_STYLE ('',( #1218 ) ) ;
#1220 = SURFACE_STYLE_FILL_AREA ( #1219 ) ;
#1221 = SURFACE_SIDE_STYLE ('',( #1220 ) ) ;
#1222 = SURFACE_STYLE_USAGE ( .BOTH. , #1221 ) ;
#1223 = PRESENTATION_STYLE_ASSIGNMENT (( #1222 ) ) ;
#1224 = STYLED_ITEM ( 'NONE', ( #1223 ), #1577 ) ;
#1225 = PRESENTATION_LAYER_ASSIGNMENT (  '', '', ( #1224 ) ) ;
#1226 = ADVANCED_FACE ( 'NONE', ( #533 ), #534, .F. ) ;
#1227 = MECHANICAL_DESIGN_GEOMETRIC_PRESENTATION_REPRESENTATION (  '', ( #1224 ), #1232 ) ;
#1228 =( LENGTH_UNIT ( ) NAMED_UNIT ( * ) SI_UNIT ( .MILLI., .METRE. ) );
#1229 =( NAMED_UNIT ( * ) PLANE_ANGLE_UNIT ( ) SI_UNIT ( $, .RADIAN. ) );
#1230 =( NAMED_UNIT ( * ) SI_UNIT ( $, .STERADIAN. ) SOLID_ANGLE_UNIT ( ) );
#1231 = UNCERTAINTY_MEASURE_WITH_UNIT (LENGTH_MEASURE( 1.000000000000000100E-005 ), #1228, 'distance_accuracy_value', 'NONE');
#1232 =( GEOMETRIC_REPRESENTATION_CONTEXT ( 3 ) GLOBAL_UNCERTAINTY_ASSIGNED_CONTEXT ( ( #1231 ) ) GLOBAL_UNIT_ASSIGNED_CONTEXT ( ( #1228, #1229, #1230 ) ) REPRESENTATION_CONTEXT ( 'NONE', 'WORKASPACE' ) );
#1233 = PLANE ( 'NONE',  #1234 ) ;
#1234 = AXIS2_PLACEMENT_3D ( 'NONE', #1235, #1236, #1237 ) ;
#1235 = CARTESIAN_POINT ( 'NONE',  ( -17.78000000000000100, -3.299999999999999800, 0.0000000000000000000 ) ) ;
#1236 = DIRECTION ( 'NONE',  ( 0.0000000000000000000, 1.000000000000000000, 0.0000000000000000000 ) ) ;
#1237 = DIRECTION ( 'NONE',  ( 0.0000000000000000000, 0.0000000000000000000, 1.000000000000000000 ) ) ;
#1238 = LINE ( 'NONE', #1239, #1240 ) ;
#1239 = CARTESIAN_POINT ( 'NONE',  ( -17.75499999999999900, 0.0000000000000000000, 3.799999999999999800 ) ) ;
#1240 = VECTOR ( 'NONE', #1241, 1000.000000000000000 ) ;
#1241 = DIRECTION ( 'NONE',  ( 0.0000000000000000000, 0.0000000000000000000, 1.000000000000000000 ) ) ;
#1242 = FACE_OUTER_BOUND ( 'NONE', #1615, .T. ) ;
#1243 = EDGE_CURVE ( 'NONE', #1364, #520, #546, .T. ) ;
#1244 = ORIENTED_EDGE ( 'NONE', *, *, #1363, .F. ) ;
#1245 = ADVANCED_FACE ( 'NONE', ( #555 ), #556, .F. ) ;
#1246 = PLANE ( 'NONE',  #1247 ) ;
#1247 = AXIS2_PLACEMENT_3D ( 'NONE', #1248, #1249, #1250 ) ;
#1248 = CARTESIAN_POINT ( 'NONE',  ( -4.205000000000000100, -1.423024947075759900, 3.799999999999999800 ) ) ;
#1249 = DIRECTION ( 'NONE',  ( 1.000000000000000000, 0.0000000000000000000, 0.0000000000000000000 ) ) ;
#1250 = DIRECTION ( 'NONE',  ( 0.0000000000000000000, 0.0000000000000000000, -1.000000000000000000 ) ) ;
#1251 = CARTESIAN_POINT ( 'NONE',  ( -0.4000000000000045200, -3.299999999999999800, -0.1299999999999999800 ) ) ;
#1252 = CARTESIAN_POINT ( 'NONE',  ( -13.30500000000000100, 0.0000000000000000000, -1.280000000000000000 ) ) ;
#1253 = LINE ( 'NONE', #1254, #1255 ) ;
#1254 = CARTESIAN_POINT ( 'NONE',  ( -17.68000000000000000, 11.90000000000000000, 1.800000000000000000 ) ) ;
#1255 = VECTOR ( 'NONE', #1256, 1000.000000000000000 ) ;
#1256 = DIRECTION ( 'NONE',  ( 0.0000000000000000000, 1.000000000000000000, 0.0000000000000000000 ) ) ;
#1257 = LINE ( 'NONE', #1258, #1259 ) ;
#1258 = CARTESIAN_POINT ( 'NONE',  ( -16.40500000000000100, 0.3499999999999999800, 3.799999999999999800 ) ) ;
#1259 = VECTOR ( 'NONE', #1260, 1000.000000000000000 ) ;
#1260 = DIRECTION ( 'NONE',  ( 0.0000000000000000000, 0.0000000000000000000, 1.000000000000000000 ) ) ;
#1261 = CARTESIAN_POINT ( 'NONE',  ( -17.75499999999999900, 0.3499999999999999800, 3.799999999999999800 ) ) ;
#1262 = ORIENTED_EDGE ( 'NONE', *, *, #1374, .F. ) ;
#1263 = EDGE_CURVE ( 'NONE', #1401, #539, #588, .T. ) ;
#1264 = CARTESIAN_POINT ( 'NONE',  ( -8.019999999999999600, -3.299999999999999800, 0.1299999999999999800 ) ) ;
#1265 = LINE ( 'NONE', #1266, #1267 ) ;
#1266 = CARTESIAN_POINT ( 'NONE',  ( -15.24000000000000000, 0.9156854249492349900, -0.1999999999999999800 ) ) ;
#1267 = VECTOR ( 'NONE', #1268, 1000.000000000000000 ) ;
#1268 = DIRECTION ( 'NONE',  ( 0.0000000000000000000, -1.000000000000000000, 0.0000000000000000000 ) ) ;
#1269 = CARTESIAN_POINT ( 'NONE',  ( -2.855000000000000000, 0.3499999999999999800, 3.799999999999999800 ) ) ;
#1270 = CARTESIAN_POINT ( 'NONE',  ( -13.30500000000000100, 0.3499999999999999800, -1.280000000000000000 ) ) ;
#1271 = LINE ( 'NONE', #1272, #1273 ) ;
#1272 = CARTESIAN_POINT ( 'NONE',  ( -2.855000000000000000, -1.423024947075759900, 3.799999999999999800 ) ) ;
#1273 = VECTOR ( 'NONE', #1274, 1000.000000000000000 ) ;
#1274 = DIRECTION ( 'NONE',  ( 0.0000000000000000000, 1.000000000000000000, 0.0000000000000000000 ) ) ;
#1275 = LINE ( 'NONE', #1276, #1277 ) ;
#1276 = CARTESIAN_POINT ( 'NONE',  ( -4.205000000000000100, 0.0000000000000000000, 3.350000000000000100 ) ) ;
#1277 = VECTOR ( 'NONE', #1278, 1000.000000000000000 ) ;
#1278 = DIRECTION ( 'NONE',  ( -1.000000000000000000, 0.0000000000000000000, 0.0000000000000000000 ) ) ;
#1279 = CARTESIAN_POINT ( 'NONE',  ( -4.205000000000000100, 0.0000000000000000000, -1.280000000000000000 ) ) ;
#1280 = LINE ( 'NONE', #1281, #1282 ) ;
#1281 = CARTESIAN_POINT ( 'NONE',  ( -0.4000000000000045200, -3.299999999999999800, 0.1299999999999999800 ) ) ;
#1282 = VECTOR ( 'NONE', #1283, 1000.000000000000000 ) ;
#1283 = DIRECTION ( 'NONE',  ( 1.000000000000000000, 0.0000000000000000000, 1.355252715606866000E-016 ) ) ;
#1284 = CARTESIAN_POINT ( 'NONE',  ( -7.219999999999999800, 0.3499999999999999800, -0.1299999999999999800 ) ) ;
#1285 = LINE ( 'NONE', #1286, #1287 ) ;
#1286 = CARTESIAN_POINT ( 'NONE',  ( 0.3200000000000000100, 11.90000000000000000, 0.6600000000000000300 ) ) ;
#1287 = VECTOR ( 'NONE', #1288, 1000.000000000000000 ) ;
#1288 = DIRECTION ( 'NONE',  ( 0.0000000000000000000, 1.000000000000000000, 0.0000000000000000000 ) ) ;
#1289 = CIRCLE ( 'NONE', #1290, 0.2000000000000000100 ) ;
#1290 = AXIS2_PLACEMENT_3D ( 'NONE', #1291, #1292, #1293 ) ;
#1291 = CARTESIAN_POINT ( 'NONE',  ( -17.78000000000000100, 0.3499999999999999800, 0.0000000000000000000 ) ) ;
#1292 = DIRECTION ( 'NONE',  ( 0.0000000000000000000, -1.000000000000000000, 0.0000000000000000000 ) ) ;
#1293 = DIRECTION ( 'NONE',  ( 0.0000000000000000000, 0.0000000000000000000, 1.000000000000000000 ) ) ;
#1294 = CARTESIAN_POINT ( 'NONE',  ( -17.78000000000000100, 0.3499999999999999800, 0.2000000000000000100 ) ) ;
#1295 = CARTESIAN_POINT ( 'NONE',  ( -17.68000000000000000, 11.90000000000000000, 2.350000000000000100 ) ) ;
#1296 = EDGE_CURVE ( 'NONE', #1065, #677, #644, .T. ) ;
#1297 = LINE ( 'NONE', #1298, #1299 ) ;
#1298 = CARTESIAN_POINT ( 'NONE',  ( -18.68000000000000000, 12.50000000000000000, 1.800000000000000000 ) ) ;
#1299 = VECTOR ( 'NONE', #1300, 1000.000000000000000 ) ;
#1300 = DIRECTION ( 'NONE',  ( -1.000000000000000000, 0.0000000000000000000, 4.336808689942015300E-016 ) ) ;
#1301 = CARTESIAN_POINT ( 'NONE',  ( -17.78000000000000100, -3.299999999999999800, -0.2000000000000000100 ) ) ;
#1302 = LINE ( 'NONE', #1303, #1304 ) ;
#1303 = CARTESIAN_POINT ( 'NONE',  ( -18.68000000000000000, 0.3499999999999999800, -1.280000000000000000 ) ) ;
#1304 = VECTOR ( 'NONE', #1305, 1000.000000000000000 ) ;
#1305 = DIRECTION ( 'NONE',  ( -1.000000000000000000, 0.0000000000000000000, 0.0000000000000000000 ) ) ;
#1306 = LINE ( 'NONE', #1307, #1308 ) ;
#1307 = CARTESIAN_POINT ( 'NONE',  ( 1.320000000000000100, 11.90000000000000000, 0.6600000000000000300 ) ) ;
#1308 = VECTOR ( 'NONE', #1309, 1000.000000000000000 ) ;
#1309 = DIRECTION ( 'NONE',  ( -1.000000000000000000, 0.0000000000000000000, 0.0000000000000000000 ) ) ;
#1310 = CIRCLE ( 'NONE', #1311, 0.4499999999999999000 ) ;
#1311 = AXIS2_PLACEMENT_3D ( 'NONE', #1312, #1314, #1315 ) ;
#1312 = CARTESIAN_POINT ( 'NONE',  ( -17.68000000000000000, 12.50000000000000000, 2.799999999999999800 ) ) ;
#1313 = ORIENTED_EDGE ( 'NONE', *, *, #49, .F. ) ;
#1314 = DIRECTION ( 'NONE',  ( 0.0000000000000000000, 1.000000000000000000, 0.0000000000000000000 ) ) ;
#1315 = DIRECTION ( 'NONE',  ( 0.0000000000000000000, 0.0000000000000000000, 1.000000000000000000 ) ) ;
#1316 = LINE ( 'NONE', #1317, #1318 ) ;
#1317 = CARTESIAN_POINT ( 'NONE',  ( -4.205000000000000100, -1.423024947075759900, -0.8299999999999999600 ) ) ;
#1318 = VECTOR ( 'NONE', #1319, 1000.000000000000000 ) ;
#1319 = DIRECTION ( 'NONE',  ( 0.0000000000000000000, 1.000000000000000000, 0.0000000000000000000 ) ) ;
#1320 = CARTESIAN_POINT ( 'NONE',  ( -16.40500000000000100, 0.3499999999999999800, 3.350000000000000100 ) ) ;
#1321 =( LENGTH_UNIT ( ) NAMED_UNIT ( * ) SI_UNIT ( .MILLI., .METRE. ) );
#1322 =( NAMED_UNIT ( * ) PLANE_ANGLE_UNIT ( ) SI_UNIT ( $, .RADIAN. ) );
#1323 =( NAMED_UNIT ( * ) SI_UNIT ( $, .STERADIAN. ) SOLID_ANGLE_UNIT ( ) );
#1324 = UNCERTAINTY_MEASURE_WITH_UNIT (LENGTH_MEASURE( 1.000000000000000100E-005 ), #1321, 'distance_accuracy_value', 'NONE');
#1325 =( GEOMETRIC_REPRESENTATION_CONTEXT ( 3 ) GLOBAL_UNCERTAINTY_ASSIGNED_CONTEXT ( ( #1324 ) ) GLOBAL_UNIT_ASSIGNED_CONTEXT ( ( #1321, #1322, #1323 ) ) REPRESENTATION_CONTEXT ( 'NONE', 'WORKASPACE' ) );
#1326 = ADVANCED_BREP_SHAPE_REPRESENTATION ( 'G6DN_1A_L', ( #1408, #1333 ), #1325 ) ;
#1327 = ORIENTED_EDGE ( 'NONE', *, *, #1384, .F. ) ;
#1328 = EDGE_CURVE ( 'NONE', #383, #1733, #708, .T. ) ;
#1329 = ORIENTED_EDGE ( 'NONE', *, *, #47, .T. ) ;
#1330 = ORIENTED_EDGE ( 'NONE', *, *, #1443, .F. ) ;
#1331 = ADVANCED_FACE ( 'NONE', ( #721 ), #739, .F. ) ;
#1332 = ORIENTED_EDGE ( 'NONE', *, *, #1388, .T. ) ;
#1333 = AXIS2_PLACEMENT_3D ( 'NONE', #1334, #1335, #1336 ) ;
#1334 = CARTESIAN_POINT ( 'NONE',  ( 0.0000000000000000000, 0.0000000000000000000, 0.0000000000000000000 ) ) ;
#1335 = DIRECTION ( 'NONE',  ( 0.0000000000000000000, 0.0000000000000000000, 1.000000000000000000 ) ) ;
#1336 = DIRECTION ( 'NONE',  ( 1.000000000000000000, 0.0000000000000000000, 0.0000000000000000000 ) ) ;
#1337 = APPLICATION_CONTEXT ( 'automotive_design' ) ;
#1338 = APPLICATION_PROTOCOL_DEFINITION ( 'draft international standard', 'automotive_design', 1998, #1337 ) ;
#1339 = PRODUCT_CONTEXT ( 'NONE', #1337, 'mechanical' ) ;
#1340 = PRODUCT ( 'G6DN_1A_L', 'G6DN_1A_L', '', ( #1339 ) ) ;
#1341 = APPLICATION_CONTEXT ( 'automotive_design' ) ;
#1342 = APPLICATION_PROTOCOL_DEFINITION ( 'draft international standard', 'automotive_design', 1998, #1341 ) ;
#1343 = PRODUCT_DEFINITION_CONTEXT ( 'detailed design', #1341, 'design' ) ;
#1344 = PRODUCT_DEFINITION ( 'UNKNOWN', '', #1345, #1343 ) ;
#1345 = PRODUCT_DEFINITION_FORMATION_WITH_SPECIFIED_SOURCE ( 'ANY', '', #1340, .NOT_KNOWN. ) ;
#1346 = PRODUCT_RELATED_PRODUCT_CATEGORY ( 'part', '', ( #1340 ) ) ;
#1347 = PRODUCT_DEFINITION_SHAPE ( 'NONE', 'NONE',  #1344 ) ;
#1348 = ORIENTED_EDGE ( 'NONE', *, *, #15, .T. ) ;
#1349 = EDGE_CURVE ( 'NONE', #1554, #1584, #765, .T. ) ;
#1350 = ORIENTED_EDGE ( 'NONE', *, *, #1523, .T. ) ;
#1351 = ORIENTED_EDGE ( 'NONE', *, *, #1740, .F. ) ;
#1352 = SHAPE_DEFINITION_REPRESENTATION ( #1347, #1326 ) ;
#1353 = ORIENTED_EDGE ( 'NONE', *, *, #1539, .T. ) ;
#1354 = EDGE_CURVE ( 'NONE', #1501, #1375, #774, .T. ) ;
#1355 = EDGE_CURVE ( 'NONE', #1382, #8, #783, .T. ) ;
#1356 = ORIENTED_EDGE ( 'NONE', *, *, #51, .F. ) ;
#1357 = VERTEX_POINT ( 'NONE', #791 ) ;
#1358 = ORIENTED_EDGE ( 'NONE', *, *, #1391, .T. ) ;
#1359 = ORIENTED_EDGE ( 'NONE', *, *, #1392, .F. ) ;
#1360 = EDGE_CURVE ( 'NONE', #1385, #1406, #796, .T. ) ;
#1361 = EDGE_CURVE ( 'NONE', #1739, #1065, #804, .T. ) ;
#1362 = ORIENTED_EDGE ( 'NONE', *, *, #557, .T. ) ;
#1363 = EDGE_CURVE ( 'NONE', #1741, #1733, #827, .T. ) ;
#1364 = VERTEX_POINT ( 'NONE', #62 ) ;
#1365 = ORIENTED_EDGE ( 'NONE', *, *, #1397, .T. ) ;
#1366 = ORIENTED_EDGE ( 'NONE', *, *, #1680, .T. ) ;
#1367 = VERTEX_POINT ( 'NONE', #63 ) ;
#1368 = VERTEX_POINT ( 'NONE', #90 ) ;
#1369 = EDGE_CURVE ( 'NONE', #1395, #642, #91, .T. ) ;
#1370 = EDGE_LOOP ( 'NONE', ( #1421, #1483, #1545, #1600 ) ) ;
#1371 = EDGE_LOOP ( 'NONE', ( #1423, #1486 ) ) ;
#1372 = EDGE_LOOP ( 'NONE', ( #1424, #1487, #1607, #1675 ) ) ;
#1373 = EDGE_CURVE ( 'NONE', #1431, #1564, #120, .T. ) ;
#1374 = EDGE_CURVE ( 'NONE', #1401, #1746, #126, .T. ) ;
#1375 = VERTEX_POINT ( 'NONE', #134 ) ;
#1376 = VERTEX_POINT ( 'NONE', #135 ) ;
#1377 = ORIENTED_EDGE ( 'NONE', *, *, #1514, .T. ) ;
#1378 = ORIENTED_EDGE ( 'NONE', *, *, #59, .F. ) ;
#1379 = ORIENTED_EDGE ( 'NONE', *, *, #1497, .T. ) ;
#1380 = ORIENTED_EDGE ( 'NONE', *, *, #348, .T. ) ;
#1381 = ORIENTED_EDGE ( 'NONE', *, *, #1415, .T. ) ;
#1382 = VERTEX_POINT ( 'NONE', #136 ) ;
#1383 = ORIENTED_EDGE ( 'NONE', *, *, #1713, .F. ) ;
#1384 = EDGE_CURVE ( 'NONE', #1413, #1065, #143, .T. ) ;
#1385 = VERTEX_POINT ( 'NONE', #147 ) ;
#1386 = ORIENTED_EDGE ( 'NONE', *, *, #1625, .T. ) ;
#1387 = EDGE_LOOP ( 'NONE', ( #1435, #1560, #25, #349 ) ) ;
#1388 = EDGE_CURVE ( 'NONE', #918, #1364, #153, .T. ) ;
#1389 = ADVANCED_FACE ( 'NONE', ( #165 ), #166, .F. ) ;
#1390 = ORIENTED_EDGE ( 'NONE', *, *, #1426, .F. ) ;
#1391 = EDGE_CURVE ( 'NONE', #972, #1418, #175, .T. ) ;
#1392 = EDGE_CURVE ( 'NONE', #1419, #992, #179, .T. ) ;
#1393 = ORIENTED_EDGE ( 'NONE', *, *, #1374, .T. ) ;
#1394 = VERTEX_POINT ( 'NONE', #190 ) ;
#1395 = VERTEX_POINT ( 'NONE', #197 ) ;
#1396 = ORIENTED_EDGE ( 'NONE', *, *, #1436, .F. ) ;
#1397 = EDGE_CURVE ( 'NONE', #1047, #35, #198, .T. ) ;
#1398 = ORIENTED_EDGE ( 'NONE', *, *, #1489, .T. ) ;
#1399 = ORIENTED_EDGE ( 'NONE', *, *, #1623, .F. ) ;
#1400 = ORIENTED_EDGE ( 'NONE', *, *, #1438, .T. ) ;
#1401 = VERTEX_POINT ( 'NONE', #208 ) ;
#1402 = ORIENTED_EDGE ( 'NONE', *, *, #1617, .T. ) ;
#1403 = ORIENTED_EDGE ( 'NONE', *, *, #1443, .T. ) ;
#1404 = ORIENTED_EDGE ( 'NONE', *, *, #991, .T. ) ;
#1405 = ORIENTED_EDGE ( 'NONE', *, *, #1438, .F. ) ;
#1406 = VERTEX_POINT ( 'NONE', #220 ) ;
#1407 = ORIENTED_EDGE ( 'NONE', *, *, #1559, .T. ) ;
#1408 = MANIFOLD_SOLID_BREP ( 'NONE', #61 ) ;
#1409 = ORIENTED_EDGE ( 'NONE', *, *, #1442, .F. ) ;
#1410 = EDGE_LOOP ( 'NONE', ( #1601, #1657 ) ) ;
#1411 = ORIENTED_EDGE ( 'NONE', *, *, #1447, .T. ) ;
#1412 = ADVANCED_FACE ( 'NONE', ( #250 ), #251, .T. ) ;
#1413 = VERTEX_POINT ( 'NONE', #256 ) ;
#1414 = ORIENTED_EDGE ( 'NONE', *, *, #1296, .T. ) ;
#1415 = EDGE_CURVE ( 'NONE', #1376, #1368, #262, .T. ) ;
#1416 = ORIENTED_EDGE ( 'NONE', *, *, #1719, .T. ) ;
#1417 = ORIENTED_EDGE ( 'NONE', *, *, #1513, .T. ) ;
#1418 = VERTEX_POINT ( 'NONE', #293 ) ;
#1419 = VERTEX_POINT ( 'NONE', #301 ) ;
#1420 = ORIENTED_EDGE ( 'NONE', *, *, #1558, .T. ) ;
#1421 = ORIENTED_EDGE ( 'NONE', *, *, #1685, .T. ) ;
#1422 = ORIENTED_EDGE ( 'NONE', *, *, #1083, .T. ) ;
#1423 = ORIENTED_EDGE ( 'NONE', *, *, #1682, .F. ) ;
#1424 = ORIENTED_EDGE ( 'NONE', *, *, #540, .F. ) ;
#1425 = EDGE_LOOP ( 'NONE', ( #1503, #1561, #1614, #1692 ) ) ;
#1426 = EDGE_CURVE ( 'NONE', #1746, #1741, #334, .T. ) ;
#1427 = ORIENTED_EDGE ( 'NONE', *, *, #1468, .F. ) ;
#1428 = ORIENTED_EDGE ( 'NONE', *, *, #1470, .T. ) ;
#1429 = ADVANCED_FACE ( 'NONE', ( #339 ), #340, .F. ) ;
#1430 = ORIENTED_EDGE ( 'NONE', *, *, #1630, .T. ) ;
#1431 = VERTEX_POINT ( 'NONE', #345 ) ;
#1432 = ORIENTED_EDGE ( 'NONE', *, *, #1663, .T. ) ;
#1433 = ADVANCED_FACE ( 'NONE', ( #353 ), #354, .F. ) ;
#1434 = ORIENTED_EDGE ( 'NONE', *, *, #1475, .T. ) ;
#1435 = ORIENTED_EDGE ( 'NONE', *, *, #1476, .F. ) ;
#1436 = EDGE_CURVE ( 'NONE', #1462, #1191, #359, .T. ) ;
#1437 = ADVANCED_FACE ( 'NONE', ( #363 ), #364, .F. ) ;
#1438 = EDGE_CURVE ( 'NONE', #1629, #1463, #371, .T. ) ;
#1439 = ORIENTED_EDGE ( 'NONE', *, *, #1481, .F. ) ;
#1440 = ORIENTED_EDGE ( 'NONE', *, *, #1636, .T. ) ;
#1441 = ORIENTED_EDGE ( 'NONE', *, *, #1243, .T. ) ;
#1442 = EDGE_CURVE ( 'NONE', #1465, #194, #380, .T. ) ;
#1443 = EDGE_CURVE ( 'NONE', #1357, #1466, #386, .T. ) ;
#1444 = ADVANCED_FACE ( 'NONE', ( #390 ), #406, .F. ) ;
#1445 = ORIENTED_EDGE ( 'NONE', *, *, #1485, .F. ) ;
#1446 = ORIENTED_EDGE ( 'NONE', *, *, #1489, .F. ) ;
#1447 = EDGE_CURVE ( 'NONE', #3, #1479, #425, .T. ) ;
#1448 = ORIENTED_EDGE ( 'NONE', *, *, #1490, .T. ) ;
#1449 = EDGE_LOOP ( 'NONE', ( #1504, #1567, #1616, #1661 ) ) ;
#1450 = ORIENTED_EDGE ( 'NONE', *, *, #1426, .T. ) ;
#1451 = ADVANCED_FACE ( 'NONE', ( #440 ), #441, .F. ) ;
#1452 = ORIENTED_EDGE ( 'NONE', *, *, #1497, .F. ) ;
#1453 = ORIENTED_EDGE ( 'NONE', *, *, #1373, .T. ) ;
#1454 = ORIENTED_EDGE ( 'NONE', *, *, #19, .T. ) ;
#1455 = ORIENTED_EDGE ( 'NONE', *, *, #1499, .T. ) ;
#1456 = ORIENTED_EDGE ( 'NONE', *, *, #812, .F. ) ;
#1457 = ORIENTED_EDGE ( 'NONE', *, *, #1488, .F. ) ;
#1458 = ORIENTED_EDGE ( 'NONE', *, *, #1496, .T. ) ;
#1459 = ORIENTED_EDGE ( 'NONE', *, *, #1502, .T. ) ;
#1460 = ORIENTED_EDGE ( 'NONE', *, *, #1599, .F. ) ;
#1461 = VERTEX_POINT ( 'NONE', #456 ) ;
#1462 = VERTEX_POINT ( 'NONE', #461 ) ;
#1463 = VERTEX_POINT ( 'NONE', #474 ) ;
#1464 = ADVANCED_FACE ( 'NONE', ( #475 ), #476, .T. ) ;
#1465 = VERTEX_POINT ( 'NONE', #481 ) ;
#1466 = VERTEX_POINT ( 'NONE', #482 ) ;
#1467 = EDGE_LOOP ( 'NONE', ( #1422, #1605, #60, #829 ) ) ;
#1468 = EDGE_CURVE ( 'NONE', #22, #1364, #483, .T. ) ;
#1469 = ORIENTED_EDGE ( 'NONE', *, *, #1514, .F. ) ;
#1470 = EDGE_CURVE ( 'NONE', #1382, #1501, #487, .T. ) ;
#1471 = EDGE_LOOP ( 'NONE', ( #1529, #1585, #1664, #1694 ) ) ;
#1472 = EDGE_CURVE ( 'NONE', #1394, #1431, #491, .T. ) ;
#1473 = ORIENTED_EDGE ( 'NONE', *, *, #1513, .F. ) ;
#1474 = EDGE_LOOP ( 'NONE', ( #1532, #1587, #33, #418 ) ) ;
#1475 = EDGE_CURVE ( 'NONE', #10, #972, #500, .T. ) ;
#1476 = EDGE_CURVE ( 'NONE', #1506, #22, #504, .T. ) ;
#1477 = ADVANCED_FACE ( 'NONE', ( #508 ), #528, .F. ) ;
#1478 = ORIENTED_EDGE ( 'NONE', *, *, #1682, .T. ) ;
#1479 = VERTEX_POINT ( 'NONE', #554 ) ;
#1480 = EDGE_LOOP ( 'NONE', ( #1537, #1590, #1649, #28 ) ) ;
#1481 = EDGE_CURVE ( 'NONE', #1508, #1667, #583, .T. ) ;
#1482 = ORIENTED_EDGE ( 'NONE', *, *, #1568, .T. ) ;
#1483 = ORIENTED_EDGE ( 'NONE', *, *, #954, .F. ) ;
#1484 = EDGE_LOOP ( 'NONE', ( #1542, #1597, #36, #470 ) ) ;
#1485 = EDGE_CURVE ( 'NONE', #624, #1413, #648, .T. ) ;
#1486 = ORIENTED_EDGE ( 'NONE', *, *, #1523, .F. ) ;
#1487 = ORIENTED_EDGE ( 'NONE', *, *, #1524, .T. ) ;
#1488 = EDGE_CURVE ( 'NONE', #54, #46, #682, .T. ) ;
#1489 = EDGE_CURVE ( 'NONE', #1517, #1395, #704, .T. ) ;
#1490 = EDGE_CURVE ( 'NONE', #1375, #1419, #713, .T. ) ;
#1491 = EDGE_LOOP ( 'NONE', ( #1569, #1619, #1662, #1690 ) ) ;
#1492 = EDGE_CURVE ( 'NONE', #1535, #1511, #744, .T. ) ;
#1493 = ADVANCED_FACE ( 'NONE', ( #758 ), #759, .F. ) ;
#1494 = ORIENTED_EDGE ( 'NONE', *, *, #1538, .T. ) ;
#1495 = ORIENTED_EDGE ( 'NONE', *, *, #1539, .F. ) ;
#1496 = EDGE_CURVE ( 'NONE', #1368, #1367, #778, .T. ) ;
#1497 = EDGE_CURVE ( 'NONE', #1406, #1401, #787, .T. ) ;
#1498 = EDGE_CURVE ( 'NONE', #54, #29, #792, .T. ) ;
#1499 = EDGE_CURVE ( 'NONE', #1385, #1527, #800, .T. ) ;
#1500 = ORIENTED_EDGE ( 'NONE', *, *, #1544, .T. ) ;
#1501 = VERTEX_POINT ( 'NONE', #817 ) ;
#1502 = EDGE_CURVE ( 'NONE', #1564, #1431, #822, .T. ) ;
#1503 = ORIENTED_EDGE ( 'NONE', *, *, #13, .T. ) ;
#1504 = ORIENTED_EDGE ( 'NONE', *, *, #1360, .T. ) ;
#1505 = ADVANCED_FACE ( 'NONE', ( #833 ), #834, .F. ) ;
#1506 = VERTEX_POINT ( 'NONE', #844 ) ;
#1507 = ORIENTED_EDGE ( 'NONE', *, *, #1736, .T. ) ;
#1508 = VERTEX_POINT ( 'NONE', #854 ) ;
#1509 = EDGE_LOOP ( 'NONE', ( #1582, #1642 ) ) ;
#1510 = ORIENTED_EDGE ( 'NONE', *, *, #1731, .T. ) ;
#1511 = VERTEX_POINT ( 'NONE', #855 ) ;
#1512 = EDGE_LOOP ( 'NONE', ( #1552, #1586 ) ) ;
#1513 = EDGE_CURVE ( 'NONE', #1547, #1419, #868, .T. ) ;
#1514 = EDGE_CURVE ( 'NONE', #1368, #1678, #872, .T. ) ;
#1515 = ADVANCED_FACE ( 'NONE', ( #876 ), #877, .F. ) ;
#1516 = EDGE_LOOP ( 'NONE', ( #1588, #1647, #50, #366 ) ) ;
#1517 = VERTEX_POINT ( 'NONE', #892 ) ;
#1518 = ORIENTED_EDGE ( 'NONE', *, *, #1558, .F. ) ;
#1519 = ADVANCED_FACE ( 'NONE', ( #893 ), #910, .T. ) ;
#1520 = ORIENTED_EDGE ( 'NONE', *, *, #17, .F. ) ;
#1521 = ORIENTED_EDGE ( 'NONE', *, *, #1559, .F. ) ;
#1522 = ORIENTED_EDGE ( 'NONE', *, *, #1566, .T. ) ;
#1523 = EDGE_CURVE ( 'NONE', #1394, #1461, #925, .T. ) ;
#1524 = EDGE_CURVE ( 'NONE', #43, #1554, #930, .T. ) ;
#1525 = ORIENTED_EDGE ( 'NONE', *, *, #1568, .F. ) ;
#1526 = ORIENTED_EDGE ( 'NONE', *, *, #1573, .T. ) ;
#1527 = VERTEX_POINT ( 'NONE', #966 ) ;
#1528 = ADVANCED_FACE ( 'NONE', ( #967 ), #968, .F. ) ;
#1529 = ORIENTED_EDGE ( 'NONE', *, *, #1397, .F. ) ;
#1530 = ORIENTED_EDGE ( 'NONE', *, *, #1563, .T. ) ;
#1531 = ORIENTED_EDGE ( 'NONE', *, *, #1498, .T. ) ;
#1532 = ORIENTED_EDGE ( 'NONE', *, *, #1712, .F. ) ;
#1533 = ORIENTED_EDGE ( 'NONE', *, *, #1576, .T. ) ;
#1534 = EDGE_LOOP ( 'NONE', ( #1606, #7, #246, #994 ) ) ;
#1535 = VERTEX_POINT ( 'NONE', #977 ) ;
#1536 = ORIENTED_EDGE ( 'NONE', *, *, #1570, .T. ) ;
#1537 = ORIENTED_EDGE ( 'NONE', *, *, #1447, .F. ) ;
#1538 = EDGE_CURVE ( 'NONE', #1418, #677, #983, .T. ) ;
#1539 = EDGE_CURVE ( 'NONE', #1565, #1589, #996, .T. ) ;
#1540 = ADVANCED_FACE ( 'NONE', ( #1000 ), #1018, .F. ) ;
#1541 = ORIENTED_EDGE ( 'NONE', *, *, #746, .T. ) ;
#1542 = ORIENTED_EDGE ( 'NONE', *, *, #1361, .F. ) ;
#1543 = EDGE_LOOP ( 'NONE', ( #1478, #1714, #1453, #916 ) ) ;
#1544 = EDGE_CURVE ( 'NONE', #1137, #1632, #1023, .T. ) ;
#1545 = ORIENTED_EDGE ( 'NONE', *, *, #1492, .F. ) ;
#1546 = ADVANCED_FACE ( 'NONE', ( #1054 ), #1055, .T. ) ;
#1547 = VERTEX_POINT ( 'NONE', #1061 ) ;
#1548 = EDGE_LOOP ( 'NONE', ( #1598, #1652, #1711, #1138, #1416, #1469 ) ) ;
#1549 = EDGE_CURVE ( 'NONE', #1693, #1382, #1068, .T. ) ;
#1550 = ADVANCED_FACE ( 'NONE', ( #1096 ), #1097, .F. ) ;
#1551 = ORIENTED_EDGE ( 'NONE', *, *, #1392, .T. ) ;
#1552 = ORIENTED_EDGE ( 'NONE', *, *, #1083, .F. ) ;
#1553 = EDGE_LOOP ( 'NONE', ( #1608, #55, #917, #1427 ) ) ;
#1554 = VERTEX_POINT ( 'NONE', #1113 ) ;
#1555 = EDGE_LOOP ( 'NONE', ( #1610, #9, #39, #212 ) ) ;
#1556 = ADVANCED_FACE ( 'NONE', ( #1118 ), #1119, .F. ) ;
#1557 = ORIENTED_EDGE ( 'NONE', *, *, #1595, .T. ) ;
#1558 = EDGE_CURVE ( 'NONE', #1584, #1594, #1126, .T. ) ;
#1559 = EDGE_CURVE ( 'NONE', #1589, #1462, #1160, .T. ) ;
#1560 = ORIENTED_EDGE ( 'NONE', *, *, #1599, .T. ) ;
#1561 = ORIENTED_EDGE ( 'NONE', *, *, #1499, .F. ) ;
#1562 = ORIENTED_EDGE ( 'NONE', *, *, #1602, .T. ) ;
#1563 = EDGE_CURVE ( 'NONE', #1511, #1376, #1172, .T. ) ;
#1564 = VERTEX_POINT ( 'NONE', #1177 ) ;
#1565 = VERTEX_POINT ( 'NONE', #1182 ) ;
#1566 = EDGE_CURVE ( 'NONE', #1463, #520, #1183, .T. ) ;
#1567 = ORIENTED_EDGE ( 'NONE', *, *, #1139, .T. ) ;
#1568 = EDGE_CURVE ( 'NONE', #1594, #1465, #1187, .T. ) ;
#1569 = ORIENTED_EDGE ( 'NONE', *, *, #1354, .F. ) ;
#1570 = EDGE_CURVE ( 'NONE', #1367, #1535, #1193, .T. ) ;
#1571 = EDGE_LOOP ( 'NONE', ( #1618, #23, #521, #1365, #1454, #1518, #1638, #1701, #1745, #1244, #1390, #1507 ) ) ;
#1572 = ORIENTED_EDGE ( 'NONE', *, *, #1609, .F. ) ;
#1573 = EDGE_CURVE ( 'NONE', #1466, #1395, #1197, .T. ) ;
#1574 = EDGE_CURVE ( 'NONE', #29, #1120, #1201, .T. ) ;
#1575 = ORIENTED_EDGE ( 'NONE', *, *, #1611, .F. ) ;
#1576 = EDGE_CURVE ( 'NONE', #1479, #1462, #1212, .T. ) ;
#1577 = ADVANCED_FACE ( 'NONE', ( #1216 ), #1233, .F. ) ;
#1578 = EDGE_LOOP ( 'NONE', ( #1628, #16 ) ) ;
#1579 = ORIENTED_EDGE ( 'NONE', *, *, #1617, .F. ) ;
#1580 = EDGE_LOOP ( 'NONE', ( #1633, #56, #952, #1393, #1450, #1510, #1572, #1668, #1724, #1348, #1402 ) ) ;
#1581 = ADVANCED_FACE ( 'NONE', ( #1242 ), #1246, .F. ) ;
#1582 = ORIENTED_EDGE ( 'NONE', *, *, #1140, .T. ) ;
#1583 = EDGE_LOOP ( 'NONE', ( #1641, #245, #993, #1377, #1432, #1495, #1613, #1688, #1735, #1084, #1428, #1557, #1, #42 ) ) ;
#1584 = VERTEX_POINT ( 'NONE', #1252 ) ;
#1585 = ORIENTED_EDGE ( 'NONE', *, *, #1623, .T. ) ;
#1586 = ORIENTED_EDGE ( 'NONE', *, *, #1625, .F. ) ;
#1587 = ORIENTED_EDGE ( 'NONE', *, *, #1626, .T. ) ;
#1588 = ORIENTED_EDGE ( 'NONE', *, *, #1388, .F. ) ;
#1589 = VERTEX_POINT ( 'NONE', #1261 ) ;
#1590 = ORIENTED_EDGE ( 'NONE', *, *, #1626, .F. ) ;
#1591 = ORIENTED_EDGE ( 'NONE', *, *, #1723, .T. ) ;
#1592 = ORIENTED_EDGE ( 'NONE', *, *, #1485, .T. ) ;
#1593 = EDGE_LOOP ( 'NONE', ( #1648, #1676, #1715, #1738 ) ) ;
#1594 = VERTEX_POINT ( 'NONE', #1270 ) ;
#1595 = EDGE_CURVE ( 'NONE', #1501, #992, #1271, .T. ) ;
#1596 = ORIENTED_EDGE ( 'NONE', *, *, #1637, .F. ) ;
#1597 = ORIENTED_EDGE ( 'NONE', *, *, #1635, .T. ) ;
#1598 = ORIENTED_EDGE ( 'NONE', *, *, #1415, .F. ) ;
#1599 = EDGE_CURVE ( 'NONE', #1506, #1629, #1280, .T. ) ;
#1600 = ORIENTED_EDGE ( 'NONE', *, *, #1639, .T. ) ;
#1601 = ORIENTED_EDGE ( 'NONE', *, *, #1630, .F. ) ;
#1602 = EDGE_CURVE ( 'NONE', #1508, #539, #1285, .T. ) ;
#1603 = ORIENTED_EDGE ( 'NONE', *, *, #1492, .T. ) ;
#1604 = ORIENTED_EDGE ( 'NONE', *, *, #1355, .T. ) ;
#1605 = ORIENTED_EDGE ( 'NONE', *, *, #1699, .T. ) ;
#1606 = ORIENTED_EDGE ( 'NONE', *, *, #1718, .F. ) ;
#1607 = ORIENTED_EDGE ( 'NONE', *, *, #1646, .T. ) ;
#1608 = ORIENTED_EDGE ( 'NONE', *, *, #1645, .F. ) ;
#1609 = EDGE_CURVE ( 'NONE', #1634, #1684, #1297, .T. ) ;
#1610 = ORIENTED_EDGE ( 'NONE', *, *, #1524, .F. ) ;
#1611 = EDGE_CURVE ( 'NONE', #1640, #1517, #1302, .T. ) ;
#1612 = EDGE_LOOP ( 'NONE', ( #1666, #1695 ) ) ;
#1613 = ORIENTED_EDGE ( 'NONE', *, *, #1651, .T. ) ;
#1614 = ORIENTED_EDGE ( 'NONE', *, *, #1653, .F. ) ;
#1615 = EDGE_LOOP ( 'NONE', ( #1658, #1717, #1604, #5 ) ) ;
#1616 = ORIENTED_EDGE ( 'NONE', *, *, #1481, .T. ) ;
#1617 = EDGE_CURVE ( 'NONE', #44, #1527, #495, .T. ) ;
#1618 = ORIENTED_EDGE ( 'NONE', *, *, #1611, .T. ) ;
#1619 = ORIENTED_EDGE ( 'NONE', *, *, #1470, .F. ) ;
#1620 = ORIENTED_EDGE ( 'NONE', *, *, #298, .T. ) ;
#1621 = ORIENTED_EDGE ( 'NONE', *, *, #1369, .T. ) ;
#1622 = ADVANCED_FACE ( 'NONE', ( #562 ), #578, .F. ) ;
#1623 = EDGE_CURVE ( 'NONE', #1047, #1357, #599, .T. ) ;
#1624 = ADVANCED_FACE ( 'NONE', ( #603 ), #620, .F. ) ;
#1625 = EDGE_CURVE ( 'NONE', #1101, #18, #627, .T. ) ;
#1626 = EDGE_CURVE ( 'NONE', #1665, #3, #632, .T. ) ;
#1627 = ORIENTED_EDGE ( 'NONE', *, *, #1436, .T. ) ;
#1628 = ORIENTED_EDGE ( 'NONE', *, *, #1502, .F. ) ;
#1629 = VERTEX_POINT ( 'NONE', #643 ) ;
#1630 = EDGE_CURVE ( 'NONE', #1120, #29, #675, .T. ) ;
#1631 = ADVANCED_FACE ( 'NONE', ( #697 ), #698, .F. ) ;
#1632 = VERTEX_POINT ( 'NONE', #703 ) ;
#1633 = ORIENTED_EDGE ( 'NONE', *, *, #13, .F. ) ;
#1634 = VERTEX_POINT ( 'NONE', #712 ) ;
#1635 = EDGE_CURVE ( 'NONE', #1739, #10, #717, .T. ) ;
#1636 = EDGE_CURVE ( 'NONE', #18, #1137, #750, .T. ) ;
#1637 = EDGE_CURVE ( 'NONE', #8, #1547, #754, .T. ) ;
#1638 = ORIENTED_EDGE ( 'NONE', *, *, #1660, .T. ) ;
#1639 = EDGE_CURVE ( 'NONE', #1535, #1698, #769, .T. ) ;
#1640 = VERTEX_POINT ( 'NONE', #773 ) ;
#1641 = ORIENTED_EDGE ( 'NONE', *, *, #15, .F. ) ;
#1642 = ORIENTED_EDGE ( 'NONE', *, *, #1488, .T. ) ;
#1643 = ORIENTED_EDGE ( 'NONE', *, *, #1663, .F. ) ;
#1644 = ORIENTED_EDGE ( 'NONE', *, *, #19, .F. ) ;
#1645 = EDGE_CURVE ( 'NONE', #14, #22, #808, .T. ) ;
#1646 = EDGE_CURVE ( 'NONE', #1554, #1465, #818, .T. ) ;
#1647 = ORIENTED_EDGE ( 'NONE', *, *, #17, .T. ) ;
#1648 = ORIENTED_EDGE ( 'NONE', *, *, #1609, .T. ) ;
#1649 = ORIENTED_EDGE ( 'NONE', *, *, #1651, .F. ) ;
#1650 = ADVANCED_FACE ( 'NONE', ( #64 ), #80, .F. ) ;
#1651 = EDGE_CURVE ( 'NONE', #1565, #1665, #85, .T. ) ;
#1652 = ORIENTED_EDGE ( 'NONE', *, *, #1672, .T. ) ;
#1653 = EDGE_CURVE ( 'NONE', #1667, #1385, #102, .T. ) ;
#1654 = ADVANCED_FACE ( 'NONE', ( #114 ), #115, .F. ) ;
#1655 = EDGE_LOOP ( 'NONE', ( #1681, #1707, #1103, #1414 ) ) ;
#1656 = EDGE_LOOP ( 'NONE', ( #1683, #1710, #1737, #1066 ) ) ;
#1657 = ORIENTED_EDGE ( 'NONE', *, *, #1574, .F. ) ;
#1658 = ORIENTED_EDGE ( 'NONE', *, *, #1680, .F. ) ;
#1659 = ORIENTED_EDGE ( 'NONE', *, *, #129, .T. ) ;
#1660 = EDGE_CURVE ( 'NONE', #1584, #1677, #157, .T. ) ;
#1661 = ORIENTED_EDGE ( 'NONE', *, *, #1653, .T. ) ;
#1662 = ORIENTED_EDGE ( 'NONE', *, *, #1549, .F. ) ;
#1663 = EDGE_CURVE ( 'NONE', #1678, #1589, #171, .T. ) ;
#1664 = ORIENTED_EDGE ( 'NONE', *, *, #1157, .T. ) ;
#1665 = VERTEX_POINT ( 'NONE', #183 ) ;
#1666 = ORIENTED_EDGE ( 'NONE', *, *, #1544, .F. ) ;
#1667 = VERTEX_POINT ( 'NONE', #188 ) ;
#1668 = ORIENTED_EDGE ( 'NONE', *, *, #1685, .F. ) ;
#1669 = ORIENTED_EDGE ( 'NONE', *, *, #1686, .F. ) ;
#1670 = EDGE_LOOP ( 'NONE', ( #1696, #1722, #1332, #1441 ) ) ;
#1671 = ADVANCED_FACE ( 'NONE', ( #202 ), #203, .T. ) ;
#1672 = EDGE_CURVE ( 'NONE', #1376, #1684, #216, .T. ) ;
#1673 = ADVANCED_FACE ( 'NONE', ( #221, #222, #223, #224, #225 ), #226, .F. ) ;
#1674 = EDGE_LOOP ( 'NONE', ( #1705, #1734, #1353, #1407 ) ) ;
#1675 = ORIENTED_EDGE ( 'NONE', *, *, #1442, .T. ) ;
#1676 = ORIENTED_EDGE ( 'NONE', *, *, #1672, .F. ) ;
#1677 = VERTEX_POINT ( 'NONE', #268 ) ;
#1678 = VERTEX_POINT ( 'NONE', #292 ) ;
#1679 = ADVANCED_FACE ( 'NONE', ( #294 ), #295, .T. ) ;
#1680 = EDGE_CURVE ( 'NONE', #1693, #1547, #302, .T. ) ;
#1681 = ORIENTED_EDGE ( 'NONE', *, *, #1538, .F. ) ;
#1682 = EDGE_CURVE ( 'NONE', #1461, #1394, #307, .T. ) ;
#1683 = ORIENTED_EDGE ( 'NONE', *, *, #1635, .F. ) ;
#1684 = VERTEX_POINT ( 'NONE', #338 ) ;
#1685 = EDGE_CURVE ( 'NONE', #1698, #1634, #346, .T. ) ;
#1686 = EDGE_CURVE ( 'NONE', #1700, #1640, #375, .T. ) ;
#1687 = EDGE_LOOP ( 'NONE', ( #1703, #990, #1327, #1445 ) ) ;
#1688 = ORIENTED_EDGE ( 'NONE', *, *, #1712, .T. ) ;
#1689 = ORIENTED_EDGE ( 'NONE', *, *, #1686, .T. ) ;
#1690 = ORIENTED_EDGE ( 'NONE', *, *, #1012, .F. ) ;
#1691 = ADVANCED_FACE ( 'NONE', ( #411 ), #412, .F. ) ;
#1692 = ORIENTED_EDGE ( 'NONE', *, *, #1713, .T. ) ;
#1693 = VERTEX_POINT ( 'NONE', #439 ) ;
#1694 = ORIENTED_EDGE ( 'NONE', *, *, #417, .T. ) ;
#1695 = ORIENTED_EDGE ( 'NONE', *, *, #127, .F. ) ;
#1696 = ORIENTED_EDGE ( 'NONE', *, *, #1566, .F. ) ;
#1697 = EDGE_LOOP ( 'NONE', ( #1720, #1747, #1380, #1430 ) ) ;
#1698 = VERTEX_POINT ( 'NONE', #462 ) ;
#1699 = EDGE_CURVE ( 'NONE', #1101, #1632, #467, .T. ) ;
#1700 = VERTEX_POINT ( 'NONE', #473 ) ;
#1701 = ORIENTED_EDGE ( 'NONE', *, *, #1718, .T. ) ;
#1702 = ORIENTED_EDGE ( 'NONE', *, *, #1719, .F. ) ;
#1703 = ORIENTED_EDGE ( 'NONE', *, *, #1723, .F. ) ;
#1704 = ADVANCED_FACE ( 'NONE', ( #593 ), #594, .F. ) ;
#1705 = ORIENTED_EDGE ( 'NONE', *, *, #1576, .F. ) ;
#1706 = ADVANCED_FACE ( 'NONE', ( #636 ), #637, .F. ) ;
#1707 = ORIENTED_EDGE ( 'NONE', *, *, #1730, .T. ) ;
#1708 = EDGE_LOOP ( 'NONE', ( #1732, #1029, #1420, #1482 ) ) ;
#1709 = ADVANCED_FACE ( 'NONE', ( #652 ), #670, .T. ) ;
#1710 = ORIENTED_EDGE ( 'NONE', *, *, #1730, .F. ) ;
#1711 = ORIENTED_EDGE ( 'NONE', *, *, #1731, .F. ) ;
#1712 = EDGE_CURVE ( 'NONE', #1665, #264, #688, .T. ) ;
#1713 = EDGE_CURVE ( 'NONE', #1667, #26, #692, .T. ) ;
#1714 = ORIENTED_EDGE ( 'NONE', *, *, #1472, .T. ) ;
#1715 = ORIENTED_EDGE ( 'NONE', *, *, #1563, .F. ) ;
#1716 = ORIENTED_EDGE ( 'NONE', *, *, #1736, .F. ) ;
#1717 = ORIENTED_EDGE ( 'NONE', *, *, #1549, .T. ) ;
#1718 = EDGE_CURVE ( 'NONE', #1677, #383, #850, .T. ) ;
#1719 = EDGE_CURVE ( 'NONE', #1733, #1678, #857, .T. ) ;
#1720 = ORIENTED_EDGE ( 'NONE', *, *, #1498, .F. ) ;
#1721 = ORIENTED_EDGE ( 'NONE', *, *, #1574, .T. ) ;
#1722 = ORIENTED_EDGE ( 'NONE', *, *, #1740, .T. ) ;
#1723 = EDGE_CURVE ( 'NONE', #677, #624, #884, .T. ) ;
#1724 = ORIENTED_EDGE ( 'NONE', *, *, #1742, .F. ) ;
#1725 = EDGE_LOOP ( 'NONE', ( #847, #1403, #1526, #1621 ) ) ;
#1726 = EDGE_LOOP ( 'NONE', ( #864, #1330, #1399, #1456 ) ) ;
#1727 = ADVANCED_FACE ( 'NONE', ( #915 ), #920, .F. ) ;
#1728 = ORIENTED_EDGE ( 'NONE', *, *, #1744, .F. ) ;
#1729 = EDGE_LOOP ( 'NONE', ( #881, #1350, #1404, #1459 ) ) ;
#1730 = EDGE_CURVE ( 'NONE', #1418, #1739, #958, .T. ) ;
#1731 = EDGE_CURVE ( 'NONE', #1741, #1684, #962, .T. ) ;
#1732 = ORIENTED_EDGE ( 'NONE', *, *, #1646, .F. ) ;
#1733 = VERTEX_POINT ( 'NONE', #1053 ) ;
#1734 = ORIENTED_EDGE ( 'NONE', *, *, #899, .T. ) ;
#1735 = ORIENTED_EDGE ( 'NONE', *, *, #57, .T. ) ;
#1736 = EDGE_CURVE ( 'NONE', #1746, #1640, #1062, .T. ) ;
#1737 = ORIENTED_EDGE ( 'NONE', *, *, #1391, .F. ) ;
#1738 = ORIENTED_EDGE ( 'NONE', *, *, #954, .T. ) ;
#1739 = VERTEX_POINT ( 'NONE', #1112 ) ;
#1740 = EDGE_CURVE ( 'NONE', #1463, #918, #1114, .T. ) ;
#1741 = VERTEX_POINT ( 'NONE', #1125 ) ;
#1742 = EDGE_CURVE ( 'NONE', #30, #1698, #1164, .T. ) ;
#1743 = EDGE_LOOP ( 'NONE', ( #1174, #1383, #1439, #1562 ) ) ;
#1744 = EDGE_CURVE ( 'NONE', #992, #1700, #1178, .T. ) ;
#1745 = ORIENTED_EDGE ( 'NONE', *, *, #1328, .T. ) ;
#1746 = VERTEX_POINT ( 'NONE', #1211 ) ;
#1747 = ORIENTED_EDGE ( 'NONE', *, *, #1140, .F. ) ;
ENDSEC;
END-ISO-10303-21;

