ISO-10303-21;
HEADER;
FILE_DESCRIPTION (( 'STEP AP214' ),
    '1' );
FILE_NAME ('SMTU1632-LF.STEP',
    '2023-08-04T17:08:18',
    ( '' ),
    ( '' ),
    'SwSTEP 2.0',
    'SolidWorks 2021',
    '' );
FILE_SCHEMA (( 'AUTOMOTIVE_DESIGN' ));
ENDSEC;

DATA;
#1 = CARTESIAN_POINT ( 'NONE',  ( -11.44999999999999929, 2.250000000000000000, 2.000000000000000000 ) ) ;
#2 = CARTESIAN_POINT ( 'NONE',  ( -8.518216894312658383, 4.214999999999999858, -1.081575642661280146 ) ) ;
#3 = CARTESIAN_POINT ( 'NONE',  ( -3.449999999999999734, 1.399999999999999911, 5.030656020838629949 ) ) ;
#4 = VECTOR ( 'NONE', #6765, 1000.000000000000000 ) ;
#5 = DIRECTION ( 'NONE',  ( 0.000000000000000000, 0.000000000000000000, 1.000000000000000000 ) ) ;
#6 = FACE_OUTER_BOUND ( 'NONE', #5512, .T. ) ;
#7 = ORIENTED_EDGE ( 'NONE', *, *, #1008, .T. ) ;
#8 = ORIENTED_EDGE ( 'NONE', *, *, #6603, .T. ) ;
#9 = CARTESIAN_POINT ( 'NONE',  ( -5.332682251925390027, 39.49734969922095473, 7.250000000000000000 ) ) ;
#10 = VERTEX_POINT ( 'NONE', #9365 ) ;
#11 = VECTOR ( 'NONE', #7833, 1000.000000000000000 ) ;
#12 = EDGE_CURVE ( 'NONE', #5629, #2195, #8812, .T. ) ;
#13 = VECTOR ( 'NONE', #6070, 1000.000000000000000 ) ;
#14 = CARTESIAN_POINT ( 'NONE',  ( 7.741843969807050030, 0.8122259988819510168, -2.600000000000000089 ) ) ;
#15 = DIRECTION ( 'NONE',  ( 1.115254456442280028E-15, 1.000000000000000000, 8.732519206215780096E-16 ) ) ;
#16 = VECTOR ( 'NONE', #6879, 1000.000000000000000 ) ;
#17 = LINE ( 'NONE', #613, #3164 ) ;
#18 = CARTESIAN_POINT ( 'NONE',  ( -3.520000000000000018, -7.269011204192789677, 0.1499999999999999944 ) ) ;
#19 = EDGE_CURVE ( 'NONE', #6484, #2013, #6472, .T. ) ;
#20 = VECTOR ( 'NONE', #5368, 1000.000000000000000 ) ;
#21 = SURFACE_SIDE_STYLE ('',( #2101 ) ) ;
#22 = VERTEX_POINT ( 'NONE', #4838 ) ;
#23 = FACE_OUTER_BOUND ( 'NONE', #7445, .T. ) ;
#24 = TOROIDAL_SURFACE ( 'NONE', #7609, 0.05139320225002100284, 0.2999999999999999889 ) ;
#25 = VECTOR ( 'NONE', #8355, 1000.000000000000000 ) ;
#26 = VECTOR ( 'NONE', #1797, 1000.000000000000000 ) ;
#27 = DIRECTION ( 'NONE',  ( 0.000000000000000000, 0.000000000000000000, 1.000000000000000000 ) ) ;
#28 = DIRECTION ( 'NONE',  ( -1.000000000000000000, 0.000000000000000000, 0.000000000000000000 ) ) ;
#29 = ORIENTED_EDGE ( 'NONE', *, *, #6592, .T. ) ;
#30 = EDGE_CURVE ( 'NONE', #521, #9295, #3511, .T. ) ;
#32 = VECTOR ( 'NONE', #1830, 1000.000000000000000 ) ;
#31 = LINE ( 'NONE', #676, #7417 ) ;
#34 = ORIENTED_EDGE ( 'NONE', *, *, #4996, .F. ) ;
#33 = ORIENTED_EDGE ( 'NONE', *, *, #355, .T. ) ;
#35 = LINE ( 'NONE', #3733, #7712 ) ;
#36 = CARTESIAN_POINT ( 'NONE',  ( -8.518212052254959588, 4.214999999999999858, 1.081572542442220008 ) ) ;
#37 = ORIENTED_EDGE ( 'NONE', *, *, #5141, .T. ) ;
#38 = CARTESIAN_POINT ( 'NONE',  ( 8.666843969807048964, 4.450000000000000178, -2.600000000000000089 ) ) ;
#39 = VERTEX_POINT ( 'NONE', #4199 ) ;
#40 = AXIS2_PLACEMENT_3D ( 'NONE', #2304, #4339, #8202 ) ;
#41 = LINE ( 'NONE', #3045, #804 ) ;
#42 = ORIENTED_EDGE ( 'NONE', *, *, #5067, .T. ) ;
#43 = DIRECTION ( 'NONE',  ( -1.000000000000000000, -1.153406566473939781E-16, 1.734723475976805122E-15 ) ) ;
#44 = VECTOR ( 'NONE', #7027, 1000.000000000000000 ) ;
#45 = CARTESIAN_POINT ( 'NONE',  ( 1.522496667745595126E-16, 0.1499999999999999944, 2.600000000000000089 ) ) ;
#46 = CARTESIAN_POINT ( 'NONE',  ( -10.49184396980704115, 4.599999999999999645, 7.654042494670961551E-17 ) ) ;
#47 = LINE ( 'NONE', #7564, #4443 ) ;
#48 = CARTESIAN_POINT ( 'NONE',  ( -6.713483409786819678, 1.899999999999999911, -3.768918119361345020 ) ) ;
#49 = ORIENTED_EDGE ( 'NONE', *, *, #8529, .T. ) ;
#50 = AXIS2_PLACEMENT_3D ( 'NONE', #5539, #933, #201 ) ;
#51 = ORIENTED_EDGE ( 'NONE', *, *, #8049, .T. ) ;
#52 = VECTOR ( 'NONE', #1963, 1000.000000000000000 ) ;
#53 = EDGE_CURVE ( 'NONE', #4484, #8312, #1826, .T. ) ;
#54 = PLANE ( 'NONE',  #8424 ) ;
#55 = DIRECTION ( 'NONE',  ( 0.2242946045488349860, -0.9745213852811448474, -9.391806249381340711E-16 ) ) ;
#56 = CARTESIAN_POINT ( 'NONE',  ( -1.931937314617169887, 0.2000000000000000111, 5.799999999999999822 ) ) ;
#57 = FACE_OUTER_BOUND ( 'NONE', #2163, .T. ) ;
#58 = CARTESIAN_POINT ( 'NONE',  ( 0.000000000000000000, 5.599999999999999645, 0.000000000000000000 ) ) ;
#59 = DIRECTION ( 'NONE',  ( 4.130293990420970474E-15, 0.000000000000000000, 1.000000000000000000 ) ) ;
#60 = ORIENTED_EDGE ( 'NONE', *, *, #441, .T. ) ;
#61 = ORIENTED_EDGE ( 'NONE', *, *, #4897, .F. ) ;
#62 = LINE ( 'NONE', #1533, #81 ) ;
#63 = ORIENTED_EDGE ( 'NONE', *, *, #9622, .F. ) ;
#64 = ADVANCED_FACE ( 'NONE', ( #9515 ), #5740, .F. ) ;
#65 = EDGE_CURVE ( 'NONE', #6986, #1197, #2999, .T. ) ;
#66 = CARTESIAN_POINT ( 'NONE',  ( -8.266843969807050385, 4.750000000000000000, -2.599999999999960121 ) ) ;
#67 = DIRECTION ( 'NONE',  ( 0.000000000000000000, -1.000000000000000000, 0.000000000000000000 ) ) ;
#68 = ADVANCED_FACE ( 'NONE', ( #8713 ), #6423, .F. ) ;
#69 = PLANE ( 'NONE',  #3941 ) ;
#70 = LINE ( 'NONE', #8233, #7676 ) ;
#71 = EDGE_CURVE ( 'NONE', #5041, #5082, #2661, .T. ) ;
#72 = LINE ( 'NONE', #1591, #6124 ) ;
#74 = ADVANCED_FACE ( 'NONE', ( #5685 ), #1918, .F. ) ;
#73 = ORIENTED_EDGE ( 'NONE', *, *, #3495, .F. ) ;
#75 = LINE ( 'NONE', #9125, #8242 ) ;
#76 = EDGE_CURVE ( 'NONE', #967, #3142, #1967, .T. ) ;
#77 = DIRECTION ( 'NONE',  ( 0.000000000000000000, 0.000000000000000000, 1.000000000000000000 ) ) ;
#78 = CARTESIAN_POINT ( 'NONE',  ( -7.733182394472060488E-16, 5.599999999999999645, -4.250000000000000000 ) ) ;
#79 = EDGE_LOOP ( 'NONE', ( #6838, #9048, #2798, #7630 ) ) ;
#80 = PLANE ( 'NONE',  #9792 ) ;
#81 = VECTOR ( 'NONE', #4603, 1000.000000000000114 ) ;
#83 = ORIENTED_EDGE ( 'NONE', *, *, #9258, .F. ) ;
#82 = VERTEX_POINT ( 'NONE', #9564 ) ;
#84 = CARTESIAN_POINT ( 'NONE',  ( 2.666843969807054737, 2.229293568914015200, 1.220617149911503940 ) ) ;
#85 = CARTESIAN_POINT ( 'NONE',  ( -8.468900674862208433, 4.214999999999999858, 1.050000000000000044 ) ) ;
#86 = ORIENTED_EDGE ( 'NONE', *, *, #6746, .F. ) ;
#87 = DIRECTION ( 'NONE',  ( -7.614749065249020809E-16, 1.000000000000000000, 1.103482083288408055E-15 ) ) ;
#88 = FACE_OUTER_BOUND ( 'NONE', #392, .T. ) ;
#89 = VERTEX_POINT ( 'NONE', #8015 ) ;
#90 = PLANE ( 'NONE',  #1619 ) ;
#91 = AXIS2_PLACEMENT_3D ( 'NONE', #282, #8033, #518 ) ;
#92 = DIRECTION ( 'NONE',  ( 0.000000000000000000, 0.000000000000000000, 1.000000000000000000 ) ) ;
#93 = ORIENTED_EDGE ( 'NONE', *, *, #799, .T. ) ;
#94 = SURFACE_STYLE_FILL_AREA ( #7517 ) ;
#95 = EDGE_CURVE ( 'NONE', #550, #3054, #1228, .T. ) ;
#96 = CARTESIAN_POINT ( 'NONE',  ( -3.381937314617169843, 1.600000000000000089, 7.250000000000000000 ) ) ;
#97 = ORIENTED_EDGE ( 'NONE', *, *, #3715, .F. ) ;
#98 = ORIENTED_EDGE ( 'NONE', *, *, #315, .T. ) ;
#99 = AXIS2_PLACEMENT_3D ( 'NONE', #8273, #4358, #8873 ) ;
#100 = CARTESIAN_POINT ( 'NONE',  ( -6.849429577842319539, 4.222723892698004681E-15, -3.832310858622455019 ) ) ;
#101 = CARTESIAN_POINT ( 'NONE',  ( -8.766843969807039727, 4.599999999999999645, 2.600000000000000089 ) ) ;
#102 = CARTESIAN_POINT ( 'NONE',  ( -9.866843969807048254, 4.450000000000000178, 0.000000000000000000 ) ) ;
#103 = DIRECTION ( 'NONE',  ( 0.000000000000000000, -1.000000000000000000, 0.000000000000000000 ) ) ;
#104 = DIRECTION ( 'NONE',  ( 0.000000000000000000, 0.000000000000000000, 1.000000000000000000 ) ) ;
#105 = DIRECTION ( 'NONE',  ( -0.9659258262890662028, 0.2588190451025284000, 0.000000000000000000 ) ) ;
#106 = DIRECTION ( 'NONE',  ( 0.000000000000000000, -1.000000000000000000, 0.000000000000000000 ) ) ;
#107 = VERTEX_POINT ( 'NONE', #6382 ) ;
#108 = ORIENTED_EDGE ( 'NONE', *, *, #6782, .F. ) ;
#109 = CARTESIAN_POINT ( 'NONE',  ( 6.360817557515700216, 5.000000000000000000, -4.250000000000000000 ) ) ;
#110 = EDGE_CURVE ( 'NONE', #3406, #3664, #1134, .T. ) ;
#111 = EDGE_LOOP ( 'NONE', ( #5219, #644, #2237, #305 ) ) ;
#112 = CARTESIAN_POINT ( 'NONE',  ( -7.933315826311220675, 1.600000000000000089, 4.250000000000000000 ) ) ;
#113 = LINE ( 'NONE', #3114, #291 ) ;
#114 = DIRECTION ( 'NONE',  ( 0.000000000000000000, 0.000000000000000000, -1.000000000000000000 ) ) ;
#115 = CARTESIAN_POINT ( 'NONE',  ( -8.666843969807059622, 4.349999999999999645, -0.9499999999999999556 ) ) ;
#116 = EDGE_CURVE ( 'NONE', #2171, #3600, #2764, .T. ) ;
#117 = CARTESIAN_POINT ( 'NONE',  ( 6.949566295542329186, 0.7193949171829620015, -0.5742379875259430166 ) ) ;
#118 = VERTEX_POINT ( 'NONE', #6328 ) ;
#119 = LINE ( 'NONE', #6849, #1754 ) ;
#120 = CIRCLE ( 'NONE', #6908, 0.05139320225002114162 ) ;
#121 = EDGE_CURVE ( 'NONE', #1747, #1407, #3478, .T. ) ;
#122 = CARTESIAN_POINT ( 'NONE',  ( -8.498759174235939184, 4.224547639922183961, -1.007357643635091948 ) ) ;
#123 = CARTESIAN_POINT ( 'NONE',  ( -9.747716655431501565, 1.899999999999999911, -4.715518912566440513 ) ) ;
#124 = ORIENTED_EDGE ( 'NONE', *, *, #7502, .T. ) ;
#125 = DIRECTION ( 'NONE',  ( 7.279101552726930441E-16, 1.000000000000000000, 0.000000000000000000 ) ) ;
#127 = VERTEX_POINT ( 'NONE', #2616 ) ;
#126 = ORIENTED_EDGE ( 'NONE', *, *, #4988, .F. ) ;
#128 = CARTESIAN_POINT ( 'NONE',  ( -8.666145228529444466, 4.251298349692766543, -0.9715442626374491963 ) ) ;
#129 = PLANE ( 'NONE',  #8386 ) ;
#130 = ORIENTED_EDGE ( 'NONE', *, *, #6006, .F. ) ;
#131 = CYLINDRICAL_SURFACE ( 'NONE', #4614, 3.000000000000001332 ) ;
#132 = VECTOR ( 'NONE', #6143, 1000.000000000000227 ) ;
#133 = VECTOR ( 'NONE', #8096, 1000.000000000000000 ) ;
#134 = VECTOR ( 'NONE', #4308, 1000.000000000000114 ) ;
#135 = LINE ( 'NONE', #6306, #8871 ) ;
#136 = ORIENTED_EDGE ( 'NONE', *, *, #2063, .F. ) ;
#137 = CARTESIAN_POINT ( 'NONE',  ( -8.521752727684591022, 4.349999999999999645, 1.236036465452655886 ) ) ;
#138 = FACE_OUTER_BOUND ( 'NONE', #1888, .T. ) ;
#139 = ORIENTED_EDGE ( 'NONE', *, *, #4022, .F. ) ;
#140 = PLANE ( 'NONE',  #3177 ) ;
#141 = EDGE_CURVE ( 'NONE', #2774, #3842, #1421, .T. ) ;
#142 = DIRECTION ( 'NONE',  ( 0.000000000000000000, 1.000000000000000000, 0.000000000000000000 ) ) ;
#143 = EDGE_LOOP ( 'NONE', ( #73, #7011, #5686, #1073 ) ) ;
#144 = VECTOR ( 'NONE', #7597, 1000.000000000000000 ) ;
#145 = ORIENTED_EDGE ( 'NONE', *, *, #4778, .T. ) ;
#146 = DIRECTION ( 'NONE',  ( -6.402506392190970089E-16, -1.000000000000000000, 3.161554690747689527E-17 ) ) ;
#147 = CARTESIAN_POINT ( 'NONE',  ( 8.666843969807048964, 4.599999999999999645, -2.600000000000000089 ) ) ;
#148 = CARTESIAN_POINT ( 'NONE',  ( -8.498759174235939184, 4.224547639922183961, -1.007357643635091948 ) ) ;
#149 = CARTESIAN_POINT ( 'NONE',  ( 0.000000000000000000, 39.49734969922095473, 0.000000000000000000 ) ) ;
#150 = DIRECTION ( 'NONE',  ( 1.000000000000000000, 0.000000000000000000, 0.000000000000000000 ) ) ;
#151 = VECTOR ( 'NONE', #7792, 1000.000000000000000 ) ;
#152 = FACE_OUTER_BOUND ( 'NONE', #3587, .T. ) ;
#153 = FACE_BOUND ( 'NONE', #8344, .T. ) ;
#154 = ORIENTED_EDGE ( 'NONE', *, *, #4617, .F. ) ;
#155 = EDGE_LOOP ( 'NONE', ( #9256, #1684, #1697, #2305 ) ) ;
#156 = CARTESIAN_POINT ( 'NONE',  ( -8.666843969807048964, 4.349999999999999645, 2.600000000000000089 ) ) ;
#157 = EDGE_LOOP ( 'NONE', ( #8369, #3629, #237, #4488, #7210, #2908 ) ) ;
#158 = DIRECTION ( 'NONE',  ( 0.000000000000000000, 1.000000000000000000, 0.000000000000000000 ) ) ;
#159 = CARTESIAN_POINT ( 'NONE',  ( 6.777720855862980009, 5.000000000000000000, 4.250000000000000000 ) ) ;
#160 = CARTESIAN_POINT ( 'NONE',  ( 11.50000000000000000, 0.1499999999999999944, 2.600000000000000089 ) ) ;
#161 = PLANE ( 'NONE',  #7522 ) ;
#162 = DIRECTION ( 'NONE',  ( 1.000000000000000000, 0.000000000000000000, 0.000000000000000000 ) ) ;
#163 = EDGE_LOOP ( 'NONE', ( #6187, #1708, #938, #6462, #5580, #8949, #5713, #3236 ) ) ;
#164 = CARTESIAN_POINT ( 'NONE',  ( -8.398879921041238816, 4.349999999999999645, -1.149999999999999911 ) ) ;
#165 = EDGE_CURVE ( 'NONE', #2370, #118, #6677, .T. ) ;
#166 = CIRCLE ( 'NONE', #951, 8.000000000000000000 ) ;
#167 = EDGE_CURVE ( 'NONE', #7205, #5733, #697, .T. ) ;
#168 = EDGE_CURVE ( 'NONE', #7063, #5427, #4258, .T. ) ;
#169 = VECTOR ( 'NONE', #9427, 1000.000000000000000 ) ;
#170 = DIRECTION ( 'NONE',  ( -0.000000000000000000, 1.000000000000000000, 0.000000000000000000 ) ) ;
#171 = CARTESIAN_POINT ( 'NONE',  ( 4.649999999999999467, 1.600000000000000089, 5.074999999999999289 ) ) ;
#172 = ORIENTED_EDGE ( 'NONE', *, *, #397, .F. ) ;
#173 = VECTOR ( 'NONE', #927, 1000.000000000000000 ) ;
#174 = DIRECTION ( 'NONE',  ( 0.000000000000000000, 0.000000000000000000, 1.000000000000000000 ) ) ;
#176 = ORIENTED_EDGE ( 'NONE', *, *, #5152, .F. ) ;
#175 = ORIENTED_EDGE ( 'NONE', *, *, #9301, .F. ) ;
#177 = VECTOR ( 'NONE', #6625, 1000.000000000000000 ) ;
#178 = CARTESIAN_POINT ( 'NONE',  ( 11.44999999999999929, 1.600000000000000089, 2.000000000000000000 ) ) ;
#179 = LINE ( 'NONE', #4525, #5856 ) ;
#180 = VECTOR ( 'NONE', #6180, 1000.000000000000114 ) ;
#181 = EDGE_LOOP ( 'NONE', ( #592, #1948, #1107, #6442 ) ) ;
#182 = CARTESIAN_POINT ( 'NONE',  ( 0.000000000000000000, 5.250000000000000000, 0.000000000000000000 ) ) ;
#183 = AXIS2_PLACEMENT_3D ( 'NONE', #2440, #5651, #1882 ) ;
#184 = CARTESIAN_POINT ( 'NONE',  ( 0.000000000000000000, 1.300000000000000044, 0.000000000000000000 ) ) ;
#185 = ORIENTED_EDGE ( 'NONE', *, *, #7349, .F. ) ;
#186 = EDGE_CURVE ( 'NONE', #688, #8970, #4493, .T. ) ;
#187 = VECTOR ( 'NONE', #6369, 1000.000000000000000 ) ;
#188 = CARTESIAN_POINT ( 'NONE',  ( 8.291561975888500413, 0.2000000000000000111, -3.500000000000000000 ) ) ;
#189 = CARTESIAN_POINT ( 'NONE',  ( 11.50000000000000000, -1.893750185389399673E-14, -1.750000000000000000 ) ) ;
#190 = ADVANCED_FACE ( 'NONE', ( #4391 ), #9608, .F. ) ;
#191 = ORIENTED_EDGE ( 'NONE', *, *, #6668, .T. ) ;
#192 = DIRECTION ( 'NONE',  ( 0.000000000000000000, 0.000000000000000000, -1.000000000000000000 ) ) ;
#193 = CARTESIAN_POINT ( 'NONE',  ( 3.348386714254389738E-15, 4.599999999999999645, 2.600000000000000089 ) ) ;
#194 = CIRCLE ( 'NONE', #6008, 0.5000000000000004441 ) ;
#195 = ORIENTED_EDGE ( 'NONE', *, *, #8482, .F. ) ;
#196 = ORIENTED_EDGE ( 'NONE', *, *, #3462, .T. ) ;
#197 = ADVANCED_FACE ( 'NONE', ( #3704 ), #7519, .F. ) ;
#198 = EDGE_CURVE ( 'NONE', #9775, #1852, #5185, .T. ) ;
#199 = FACE_OUTER_BOUND ( 'NONE', #9397, .T. ) ;
#200 = FACE_OUTER_BOUND ( 'NONE', #3361, .T. ) ;
#201 = DIRECTION ( 'NONE',  ( -0.9659258262890672020, 0.2588190451025245697, 0.000000000000000000 ) ) ;
#202 = CARTESIAN_POINT ( 'NONE',  ( 2.537033083616004960E-14, 1.600000000000000089, 2.599999999999914824 ) ) ;
#203 = DIRECTION ( 'NONE',  ( 0.000000000000000000, 1.150908635977896087E-15, -1.000000000000000000 ) ) ;
#204 = DIRECTION ( 'NONE',  ( 1.000000000000000000, 0.000000000000000000, 0.000000000000000000 ) ) ;
#205 = ORIENTED_EDGE ( 'NONE', *, *, #7814, .F. ) ;
#206 = ORIENTED_EDGE ( 'NONE', *, *, #3692, .F. ) ;
#207 = AXIS2_PLACEMENT_3D ( 'NONE', #8913, #6623, #2111 ) ;
#208 = FACE_OUTER_BOUND ( 'NONE', #1578, .T. ) ;
#209 = VERTEX_POINT ( 'NONE', #6579 ) ;
#210 = VECTOR ( 'NONE', #7613, 1000.000000000000000 ) ;
#211 = FACE_OUTER_BOUND ( 'NONE', #6183, .T. ) ;
#212 = CARTESIAN_POINT ( 'NONE',  ( -6.360817557515700216, 5.599999999999999645, 4.250000000000000000 ) ) ;
#213 = VECTOR ( 'NONE', #8693, 1000.000000000000000 ) ;
#214 = ADVANCED_FACE ( 'NONE', ( #2116 ), #1420, .F. ) ;
#215 = CARTESIAN_POINT ( 'NONE',  ( 8.666843969807040082, -1.647987302177964846E-14, -2.600000000000000089 ) ) ;
#216 = CARTESIAN_POINT ( 'NONE',  ( -5.332682251925390027, 0.2000000000000000111, -7.250000000000000000 ) ) ;
#217 = CARTESIAN_POINT ( 'NONE',  ( -4.869548233666040282, 0.2000000000000000111, 5.899999999999999467 ) ) ;
#218 = ORIENTED_EDGE ( 'NONE', *, *, #3462, .F. ) ;
#219 = DIRECTION ( 'NONE',  ( 0.000000000000000000, 1.000000000000000000, 0.000000000000000000 ) ) ;
#220 = CARTESIAN_POINT ( 'NONE',  ( -7.733182394472060488E-16, 1.600000000000000089, 4.250000000000000000 ) ) ;
#221 = LINE ( 'NONE', #7594, #2492 ) ;
#222 = VERTEX_POINT ( 'NONE', #642 ) ;
#223 = LINE ( 'NONE', #6105, #1240 ) ;
#225 = ORIENTED_EDGE ( 'NONE', *, *, #4126, .T. ) ;
#224 = EDGE_LOOP ( 'NONE', ( #2895, #685, #2070, #9651 ) ) ;
#226 = CARTESIAN_POINT ( 'NONE',  ( -8.398879921041238816, 4.315000000000000391, 1.149999999999999911 ) ) ;
#227 = EDGE_CURVE ( 'NONE', #4159, #4679, #4573, .T. ) ;
#228 = CARTESIAN_POINT ( 'NONE',  ( 4.869548233666040282, 5.250000000000000000, -5.899999999999999467 ) ) ;
#229 = ORIENTED_EDGE ( 'NONE', *, *, #3688, .F. ) ;
#230 = PLANE ( 'NONE',  #9539 ) ;
#231 = EDGE_CURVE ( 'NONE', #3084, #848, #2390, .T. ) ;
#232 = LINE ( 'NONE', #4574, #7284 ) ;
#233 = AXIS2_PLACEMENT_3D ( 'NONE', #5724, #9310, #8517 ) ;
#234 = VERTEX_POINT ( 'NONE', #2810 ) ;
#235 = LINE ( 'NONE', #3242, #3526 ) ;
#236 = CARTESIAN_POINT ( 'NONE',  ( -6.500336419007919808, 5.366007061932590361, -4.250000000000000000 ) ) ;
#237 = ORIENTED_EDGE ( 'NONE', *, *, #7200, .F. ) ;
#238 = CARTESIAN_POINT ( 'NONE',  ( 2.666843969807044967, 2.229293568914015200, -1.220617149911500166 ) ) ;
#239 = CARTESIAN_POINT ( 'NONE',  ( -2.891205793294669945E-15, 1.600000000000000089, -3.500000000000000000 ) ) ;
#240 = VERTEX_POINT ( 'NONE', #5138 ) ;
#241 = ORIENTED_EDGE ( 'NONE', *, *, #3138, .F. ) ;
#242 = EDGE_CURVE ( 'NONE', #7852, #9441, #1256, .T. ) ;
#243 = CIRCLE ( 'NONE', #9419, 3.149999999999999911 ) ;
#244 = CARTESIAN_POINT ( 'NONE',  ( 6.922923522321959844, 0.7265338267514829251, 8.673617379884030542E-16 ) ) ;
#245 = LINE ( 'NONE', #101, #3176 ) ;
#246 = ORIENTED_EDGE ( 'NONE', *, *, #4353, .T. ) ;
#247 = EDGE_CURVE ( 'NONE', #5568, #3557, #4662, .T. ) ;
#248 = LINE ( 'NONE', #5390, #6198 ) ;
#249 = FACE_OUTER_BOUND ( 'NONE', #8458, .T. ) ;
#250 = CARTESIAN_POINT ( 'NONE',  ( -4.649999999999999467, 1.600000000000000089, -5.074999999999999289 ) ) ;
#251 = LINE ( 'NONE', #3258, #9514 ) ;
#252 = EDGE_CURVE ( 'NONE', #1250, #4171, #8064, .T. ) ;
#253 = EDGE_LOOP ( 'NONE', ( #6115, #1516, #185, #422 ) ) ;
#254 = AXIS2_PLACEMENT_3D ( 'NONE', #8174, #2169, #9717 ) ;
#255 = ADVANCED_FACE ( 'NONE', ( #7330 ), #5978, .F. ) ;
#256 = CARTESIAN_POINT ( 'NONE',  ( -3.899999999999999911, 1.600000000000000089, -5.418693177121689963 ) ) ;
#257 = VERTEX_POINT ( 'NONE', #5835 ) ;
#258 = CARTESIAN_POINT ( 'NONE',  ( -13.84999999999999964, 0.1500000000000134837, 2.600000000000000089 ) ) ;
#259 = FACE_OUTER_BOUND ( 'NONE', #5479, .T. ) ;
#260 = CARTESIAN_POINT ( 'NONE',  ( 10.65000000000000036, 4.599999999999999645, 2.600000000000000089 ) ) ;
#261 = FACE_OUTER_BOUND ( 'NONE', #916, .T. ) ;
#262 = CARTESIAN_POINT ( 'NONE',  ( -8.666843969807040082, 4.349999999999999645, 2.600000000000000089 ) ) ;
#263 = EDGE_CURVE ( 'NONE', #858, #9349, #4347, .T. ) ;
#264 = DIRECTION ( 'NONE',  ( 0.000000000000000000, -1.000000000000000000, 0.000000000000000000 ) ) ;
#265 = CARTESIAN_POINT ( 'NONE',  ( -9.747716655431519328, 4.349999999999999645, 4.715518912566449394 ) ) ;
#266 = ADVANCED_FACE ( 'NONE', ( #8166 ), #1372, .T. ) ;
#267 = DIRECTION ( 'NONE',  ( 0.000000000000000000, 0.000000000000000000, -1.000000000000000000 ) ) ;
#268 = EDGE_LOOP ( 'NONE', ( #1999, #3760, #9547, #5634, #9551, #6710, #3184, #8692 ) ) ;
#269 = CARTESIAN_POINT ( 'NONE',  ( 3.215857374261755108, 2.341004915659030239, 1.220617149911503940 ) ) ;
#271 = ORIENTED_EDGE ( 'NONE', *, *, #502, .T. ) ;
#270 = ORIENTED_EDGE ( 'NONE', *, *, #2174, .F. ) ;
#272 = VECTOR ( 'NONE', #2434, 1000.000000000000114 ) ;
#273 = LINE ( 'NONE', #2543, #8500 ) ;
#274 = DIRECTION ( 'NONE',  ( -1.445602896647339903E-16, 0.000000000000000000, 1.000000000000000000 ) ) ;
#276 = EDGE_CURVE ( 'NONE', #8379, #3620, #3991, .T. ) ;
#275 = ORIENTED_EDGE ( 'NONE', *, *, #3271, .F. ) ;
#277 = DIRECTION ( 'NONE',  ( -1.445602896647339903E-16, 0.000000000000000000, -1.000000000000000000 ) ) ;
#278 = VECTOR ( 'NONE', #648, 1000.000000000000000 ) ;
#279 = CARTESIAN_POINT ( 'NONE',  ( -11.40000000000000036, 1.500000000000000000, 2.600000000000000089 ) ) ;
#280 = ORIENTED_EDGE ( 'NONE', *, *, #637, .T. ) ;
#281 = DIRECTION ( 'NONE',  ( 2.220109818077595013E-15, -1.000000000000000000, -4.181846176523925244E-15 ) ) ;
#282 = CARTESIAN_POINT ( 'NONE',  ( -4.545000000000000817, -7.269011204192789677, 0.1499999999999999944 ) ) ;
#283 = EDGE_CURVE ( 'NONE', #2296, #8285, #5220, .T. ) ;
#284 = EDGE_CURVE ( 'NONE', #2508, #5197, #3795, .T. ) ;
#285 = ORIENTED_EDGE ( 'NONE', *, *, #6697, .F. ) ;
#286 = DIRECTION ( 'NONE',  ( -8.481690880333590949E-15, 1.000000000000000000, 1.551758262927089984E-17 ) ) ;
#287 = AXIS2_PLACEMENT_3D ( 'NONE', #1192, #7094, #4107 ) ;
#288 = CARTESIAN_POINT ( 'NONE',  ( 2.669227416313564749, 1.399999999999999911, -5.485000000000000320 ) ) ;
#289 = ORIENTED_EDGE ( 'NONE', *, *, #1067, .T. ) ;
#290 = EDGE_LOOP ( 'NONE', ( #1768, #3888, #4808, #6170 ) ) ;
#291 = VECTOR ( 'NONE', #9169, 1000.000000000000000 ) ;
#292 = CARTESIAN_POINT ( 'NONE',  ( -11.25000000000000000, 1.427973593029687866E-14, -2.100000000000000089 ) ) ;
#293 = DIRECTION ( 'NONE',  ( -0.4226182617406998299, 1.262761915484251618E-15, -0.9063077870366497146 ) ) ;
#294 = UNCERTAINTY_MEASURE_WITH_UNIT (LENGTH_MEASURE( 1.000000000000000082E-05 ), #5772, 'distance_accuracy_value', 'NONE');
#295 = EDGE_CURVE ( 'NONE', #9658, #7547, #3936, .T. ) ;
#296 = VERTEX_POINT ( 'NONE', #6822 ) ;
#297 = CARTESIAN_POINT ( 'NONE',  ( 11.40000000000000036, 4.823377469789170176E-15, 1.750000000000000000 ) ) ;
#298 = DIRECTION ( 'NONE',  ( -0.9659258262890672020, 0.2588190451025248473, 0.000000000000000000 ) ) ;
#299 = DIRECTION ( 'NONE',  ( 0.000000000000000000, 1.000000000000000000, 0.000000000000000000 ) ) ;
#300 = DIRECTION ( 'NONE',  ( 0.000000000000000000, 0.000000000000000000, 1.000000000000000000 ) ) ;
#301 = CIRCLE ( 'NONE', #5350, 0.8250000000000001776 ) ;
#302 = VERTEX_POINT ( 'NONE', #9247 ) ;
#303 = CARTESIAN_POINT ( 'NONE',  ( -3.449999999999999734, 1.300000000000000044, 4.100000000000000533 ) ) ;
#304 = CARTESIAN_POINT ( 'NONE',  ( 1.982223503636745043, 1.399999999999999911, 0.000000000000000000 ) ) ;
#305 = ORIENTED_EDGE ( 'NONE', *, *, #1639, .F. ) ;
#306 = CIRCLE ( 'NONE', #5357, 0.09999999999999939493 ) ;
#307 = DIRECTION ( 'NONE',  ( 0.000000000000000000, 0.000000000000000000, 1.000000000000000000 ) ) ;
#308 = DIRECTION ( 'NONE',  ( -1.104233602240389959E-15, 1.000000000000000000, 0.000000000000000000 ) ) ;
#309 = DIRECTION ( 'NONE',  ( 0.000000000000000000, 1.000000000000000000, 0.000000000000000000 ) ) ;
#310 = FACE_OUTER_BOUND ( 'NONE', #432, .T. ) ;
#311 = DIRECTION ( 'NONE',  ( 1.000000000000000000, 0.000000000000000000, -9.757819552369560416E-15 ) ) ;
#312 = CARTESIAN_POINT ( 'NONE',  ( -8.643747326116061558, 4.215122673692735411, -1.054951736030002030 ) ) ;
#313 = CARTESIAN_POINT ( 'NONE',  ( -11.25000000000000000, 4.349999999999999645, 0.000000000000000000 ) ) ;
#314 = ADVANCED_FACE ( 'NONE', ( #1714 ), #6868, .T. ) ;
#315 = EDGE_CURVE ( 'NONE', #8235, #4863, #6266, .T. ) ;
#316 = LINE ( 'NONE', #7005, #3608 ) ;
#317 = EDGE_CURVE ( 'NONE', #2164, #6918, #3200, .T. ) ;
#318 = PLANE ( 'NONE',  #4700 ) ;
#319 = ORIENTED_EDGE ( 'NONE', *, *, #1396, .T. ) ;
#320 = CARTESIAN_POINT ( 'NONE',  ( 11.40000000000000036, 1.500000000000000000, -1.750000000000000000 ) ) ;
#321 = VECTOR ( 'NONE', #9656, 1000.000000000000000 ) ;
#323 = VERTEX_POINT ( 'NONE', #4731 ) ;
#322 = VERTEX_POINT ( 'NONE', #4681 ) ;
#324 = LINE ( 'NONE', #4860, #5012 ) ;
#325 = FACE_OUTER_BOUND ( 'NONE', #4585, .T. ) ;
#326 = EDGE_LOOP ( 'NONE', ( #1301, #3947, #2902, #9596 ) ) ;
#327 = VECTOR ( 'NONE', #7974, 1000.000000000000000 ) ;
#328 = CIRCLE ( 'NONE', #8557, 0.5000000000000004441 ) ;
#329 = EDGE_CURVE ( 'NONE', #7193, #1302, #166, .T. ) ;
#330 = DIRECTION ( 'NONE',  ( 0.2588190451025245697, 0.9659258262890672020, 0.000000000000000000 ) ) ;
#331 = ORIENTED_EDGE ( 'NONE', *, *, #2800, .T. ) ;
#332 = VECTOR ( 'NONE', #1607, 1000.000000000000000 ) ;
#333 = LINE ( 'NONE', #9544, #3202 ) ;
#334 = FACE_OUTER_BOUND ( 'NONE', #7895, .T. ) ;
#335 = CARTESIAN_POINT ( 'NONE',  ( -3.449999999999999734, 1.600000000000000089, 5.030656020838629949 ) ) ;
#336 = VERTEX_POINT ( 'NONE', #1617 ) ;
#337 = VECTOR ( 'NONE', #8367, 1000.000000000000000 ) ;
#338 = DIRECTION ( 'NONE',  ( 0.000000000000000000, 0.000000000000000000, -1.000000000000000000 ) ) ;
#339 = CARTESIAN_POINT ( 'NONE',  ( 13.84999999999999964, -2.081668171172170091E-14, 1.750000000000000000 ) ) ;
#340 = AXIS2_PLACEMENT_3D ( 'NONE', #4109, #950, #7931 ) ;
#341 = ORIENTED_EDGE ( 'NONE', *, *, #7540, .F. ) ;
#342 = ORIENTED_EDGE ( 'NONE', *, *, #4869, .T. ) ;
#343 = CIRCLE ( 'NONE', #5867, 6.100000000000000533 ) ;
#344 = VECTOR ( 'NONE', #1809, 1000.000000000000000 ) ;
#345 = CARTESIAN_POINT ( 'NONE',  ( 0.000000000000000000, 5.000000000000000000, 0.000000000000000000 ) ) ;
#346 = CARTESIAN_POINT ( 'NONE',  ( -11.40000000000000036, 1.447013240936750106E-14, 2.600000000000000089 ) ) ;
#347 = VERTEX_POINT ( 'NONE', #7761 ) ;
#348 = DIRECTION ( 'NONE',  ( 0.000000000000000000, -1.000000000000000000, 0.000000000000000000 ) ) ;
#349 = CARTESIAN_POINT ( 'NONE',  ( -13.84999999999999964, 1.356982825456590027E-14, 2.600000000000000089 ) ) ;
#350 = CARTESIAN_POINT ( 'NONE',  ( 3.038927618033004929, 2.077830246834535100, -1.220617149911500166 ) ) ;
#351 = AXIS2_PLACEMENT_3D ( 'NONE', #9451, #438, #7322 ) ;
#352 = DIRECTION ( 'NONE',  ( 0.000000000000000000, 1.000000000000000000, 0.000000000000000000 ) ) ;
#353 = VERTEX_POINT ( 'NONE', #981 ) ;
#354 = DIRECTION ( 'NONE',  ( -0.5735764363510396091, 0.000000000000000000, -0.8191520442889963505 ) ) ;
#355 = EDGE_CURVE ( 'NONE', #1103, #3938, #1522, .T. ) ;
#356 = EDGE_LOOP ( 'NONE', ( #2472, #7059, #4359, #5344, #2479, #9183 ) ) ;
#357 = CARTESIAN_POINT ( 'NONE',  ( 0.000000000000000000, 1.600000000000000089, 0.000000000000000000 ) ) ;
#358 = FACE_OUTER_BOUND ( 'NONE', #8947, .T. ) ;
#359 = CARTESIAN_POINT ( 'NONE',  ( 4.649999999999999467, 1.600000000000000089, -5.899999999999999467 ) ) ;
#360 = CIRCLE ( 'NONE', #993, 0.4499999999999999001 ) ;
#361 = CARTESIAN_POINT ( 'NONE',  ( 3.937644094699912500, 1.599999999999999867, 4.658858120127169933 ) ) ;
#362 = FACE_OUTER_BOUND ( 'NONE', #5749, .T. ) ;
#363 = AXIS2_PLACEMENT_3D ( 'NONE', #8116, #4678, #7614 ) ;
#364 = CARTESIAN_POINT ( 'NONE',  ( 7.741843969807050030, 1.875000000000000000, -0.2750000000000180078 ) ) ;
#365 = PLANE ( 'NONE',  #3497 ) ;
#366 = VECTOR ( 'NONE', #3344, 1000.000000000000000 ) ;
#367 = EDGE_CURVE ( 'NONE', #302, #7890, #7714, .T. ) ;
#368 = AXIS2_PLACEMENT_3D ( 'NONE', #3402, #7219, #2566 ) ;
#369 = EDGE_CURVE ( 'NONE', #4077, #4465, #6477, .T. ) ;
#370 = DIRECTION ( 'NONE',  ( 1.000000000000000000, 0.000000000000000000, 0.000000000000000000 ) ) ;
#371 = CARTESIAN_POINT ( 'NONE',  ( 11.25000000000000000, 1.500000000000000000, 1.750000000000000000 ) ) ;
#372 = EDGE_CURVE ( 'NONE', #6680, #6550, #3891, .T. ) ;
#373 = ORIENTED_EDGE ( 'NONE', *, *, #9676, .F. ) ;
#374 = EDGE_CURVE ( 'NONE', #435, #1103, #8406, .T. ) ;
#375 = CARTESIAN_POINT ( 'NONE',  ( -6.713483409786810796, 4.349999999999999645, 3.768918119361345020 ) ) ;
#377 = ORIENTED_EDGE ( 'NONE', *, *, #9742, .T. ) ;
#376 = ORIENTED_EDGE ( 'NONE', *, *, #1983, .T. ) ;
#378 = CARTESIAN_POINT ( 'NONE',  ( -8.666843969807048964, 4.349999999999999645, -2.600000000000000089 ) ) ;
#379 = CARTESIAN_POINT ( 'NONE',  ( 4.649999999999999467, 5.599999999999999645, -5.899999999999999467 ) ) ;
#380 = ORIENTED_EDGE ( 'NONE', *, *, #7506, .F. ) ;
#381 = EDGE_CURVE ( 'NONE', #1660, #1878, #6075, .T. ) ;
#382 = EDGE_CURVE ( 'NONE', #7324, #6485, #3148, .T. ) ;
#383 = DIRECTION ( 'NONE',  ( 0.000000000000000000, 0.000000000000000000, 1.000000000000000000 ) ) ;
#384 = ORIENTED_EDGE ( 'NONE', *, *, #8904, .F. ) ;
#385 = DIRECTION ( 'NONE',  ( 0.000000000000000000, 1.000000000000000000, 0.000000000000000000 ) ) ;
#386 = CARTESIAN_POINT ( 'NONE',  ( -8.616843969807041148, 1.600000000000000089, 4.000000000000000000 ) ) ;
#388 = ORIENTED_EDGE ( 'NONE', *, *, #4284, .F. ) ;
#387 = ORIENTED_EDGE ( 'NONE', *, *, #7735, .T. ) ;
#389 = FACE_OUTER_BOUND ( 'NONE', #6441, .T. ) ;
#390 = FACE_OUTER_BOUND ( 'NONE', #939, .T. ) ;
#391 = EDGE_LOOP ( 'NONE', ( #4974, #412, #4247, #1892 ) ) ;
#392 = EDGE_LOOP ( 'NONE', ( #3844, #9565, #4340, #4176 ) ) ;
#393 = B_SPLINE_CURVE_WITH_KNOTS ( 'NONE', 3,
 ( #5566, #2341, #7008, #9328 ),
 .UNSPECIFIED., .F., .F.,
 ( 4, 4 ),
 ( 0.000000000000000000, 1.000000000000000000 ),
 .UNSPECIFIED. ) ;
#394 = DIRECTION ( 'NONE',  ( -0.8191520442889939080, -6.938893903907297797E-15, 0.5735764363510432728 ) ) ;
#395 = VERTEX_POINT ( 'NONE', #9102 ) ;
#396 = CARTESIAN_POINT ( 'NONE',  ( 8.466843969807049675, 0.2000000000000000111, -2.599999999999914824 ) ) ;
#397 = EDGE_CURVE ( 'NONE', #8874, #1852, #1662, .T. ) ;
#398 = CARTESIAN_POINT ( 'NONE',  ( 0.000000000000000000, 5.250000000000000000, 0.000000000000000000 ) ) ;
#399 = CARTESIAN_POINT ( 'NONE',  ( 12.14999999999999858, 5.000000000000000000, 2.850000000000000089 ) ) ;
#400 = DIRECTION ( 'NONE',  ( 0.000000000000000000, 0.000000000000000000, -1.000000000000000000 ) ) ;
#401 = ORIENTED_EDGE ( 'NONE', *, *, #6360, .T. ) ;
#402 = DIRECTION ( 'NONE',  ( 0.000000000000000000, 0.000000000000000000, 1.000000000000000000 ) ) ;
#403 = ORIENTED_EDGE ( 'NONE', *, *, #8276, .T. ) ;
#404 = CARTESIAN_POINT ( 'NONE',  ( -8.473140195212440773, 4.215183462985574891, 1.043945337462202083 ) ) ;
#405 = PLANE ( 'NONE',  #8513 ) ;
#406 = DIRECTION ( 'NONE',  ( 0.000000000000000000, 0.000000000000000000, 1.000000000000000000 ) ) ;
#407 = CARTESIAN_POINT ( 'NONE',  ( -6.284114884038100257, 1.899999999999999911, -4.431714491667159805 ) ) ;
#408 = CIRCLE ( 'NONE', #4350, 6.100000000000000533 ) ;
#409 = CARTESIAN_POINT ( 'NONE',  ( 1.931937314617169887, 39.49734969922095473, 5.799999999999999822 ) ) ;
#410 = ORIENTED_EDGE ( 'NONE', *, *, #5011, .T. ) ;
#411 = ADVANCED_FACE ( 'NONE', ( #4581, #836 ), #3097, .F. ) ;
#412 = ORIENTED_EDGE ( 'NONE', *, *, #1136, .T. ) ;
#413 = CARTESIAN_POINT ( 'NONE',  ( -4.869548233666040282, 5.250000000000000000, -5.899999999999999467 ) ) ;
#414 = PLANE ( 'NONE',  #5704 ) ;
#415 = DIRECTION ( 'NONE',  ( -1.000000000000000000, 7.416661737420140440E-16, 9.735692977420849340E-16 ) ) ;
#416 = FACE_OUTER_BOUND ( 'NONE', #4503, .T. ) ;
#417 = ADVANCED_FACE ( 'NONE', ( #390 ), #477, .F. ) ;
#418 = ORIENTED_EDGE ( 'NONE', *, *, #8105, .F. ) ;
#419 = CARTESIAN_POINT ( 'NONE',  ( 3.899999999999999911, 1.600000000000000089, -6.984983894040130536 ) ) ;
#420 = ORIENTED_EDGE ( 'NONE', *, *, #944, .F. ) ;
#422 = ORIENTED_EDGE ( 'NONE', *, *, #6394, .T. ) ;
#421 = ORIENTED_EDGE ( 'NONE', *, *, #9262, .T. ) ;
#423 = CARTESIAN_POINT ( 'NONE',  ( -5.402777063696039939, 5.599999999999999645, -5.899999999999999467 ) ) ;
#424 = CARTESIAN_POINT ( 'NONE',  ( 8.466843969807049675, 1.600000000000000089, -2.000000000000000000 ) ) ;
#425 = ORIENTED_EDGE ( 'NONE', *, *, #7953, .T. ) ;
#426 = LINE ( 'NONE', #5572, #8550 ) ;
#427 = ORIENTED_EDGE ( 'NONE', *, *, #8153, .F. ) ;
#428 = DIRECTION ( 'NONE',  ( 0.000000000000000000, 1.000000000000000000, 0.000000000000000000 ) ) ;
#429 = CARTESIAN_POINT ( 'NONE',  ( 7.741843969807050030, 1.600000000000000089, 0.000000000000000000 ) ) ;
#430 = AXIS2_PLACEMENT_3D ( 'NONE', #1536, #2231, #5947 ) ;
#432 = EDGE_LOOP ( 'NONE', ( #9073, #3002, #8846, #218 ) ) ;
#431 = ORIENTED_EDGE ( 'NONE', *, *, #891, .F. ) ;
#433 = DIRECTION ( 'NONE',  ( 0.000000000000000000, 1.000000000000000000, 0.000000000000000000 ) ) ;
#434 = FACE_OUTER_BOUND ( 'NONE', #4019, .T. ) ;
#435 = VERTEX_POINT ( 'NONE', #2505 ) ;
#436 = VERTEX_POINT ( 'NONE', #7213 ) ;
#437 = AXIS2_PLACEMENT_3D ( 'NONE', #6583, #5043, #4201 ) ;
#438 = DIRECTION ( 'NONE',  ( 0.000000000000000000, -1.000000000000000000, 0.000000000000000000 ) ) ;
#439 = ORIENTED_EDGE ( 'NONE', *, *, #2936, .T. ) ;
#440 = DIRECTION ( 'NONE',  ( 1.000000000000000000, 0.000000000000000000, 0.000000000000000000 ) ) ;
#441 = EDGE_CURVE ( 'NONE', #7438, #4049, #2646, .T. ) ;
#442 = VECTOR ( 'NONE', #3319, 1000.000000000000114 ) ;
#443 = CYLINDRICAL_SURFACE ( 'NONE', #8745, 7.649999999999999467 ) ;
#444 = CARTESIAN_POINT ( 'NONE',  ( -7.028793294321580731, 1.899999999999999911, 3.447664127344355123 ) ) ;
#445 = PLANE ( 'NONE',  #7765 ) ;
#446 = EDGE_LOOP ( 'NONE', ( #8932, #7244, #7893, #7102, #9428, #376, #5116, #8901, #5088, #5093, #9470, #2147, #5519, #1078, #7815, #7410, #6900, #1961, #9414, #8370, #7351, #784, #7170, #2748, #1436, #1899, #2754, #7844, #7066, #7987, #5537, #6506, #9461, #2347, #9350, #7320 ) ) ;
#447 = EDGE_LOOP ( 'NONE', ( #2940, #8831, #6557, #4381, #4200, #4494 ) ) ;
#448 = ORIENTED_EDGE ( 'NONE', *, *, #7121, .F. ) ;
#449 = VECTOR ( 'NONE', #8189, 1000.000000000000000 ) ;
#450 = CARTESIAN_POINT ( 'NONE',  ( 1.982223503636745043, 1.199999999999999956, -2.600000000000000089 ) ) ;
#452 = AXIS2_PLACEMENT_3D ( 'NONE', #2575, #8670, #4009 ) ;
#451 = PLANE ( 'NONE',  #5981 ) ;
#453 = FACE_OUTER_BOUND ( 'NONE', #7688, .T. ) ;
#454 = PLANE ( 'NONE',  #6001 ) ;
#455 = PLANE ( 'NONE',  #1825 ) ;
#456 = ORIENTED_EDGE ( 'NONE', *, *, #6450, .T. ) ;
#457 = EDGE_LOOP ( 'NONE', ( #5596, #2586, #3867, #3697, #1268, #561 ) ) ;
#458 = CARTESIAN_POINT ( 'NONE',  ( 11.40000000000000036, 4.823377469789170176E-15, -1.750000000000000000 ) ) ;
#459 = VECTOR ( 'NONE', #7454, 1000.000000000000000 ) ;
#460 = CARTESIAN_POINT ( 'NONE',  ( 3.899999999999999911, 5.599999999999999645, 7.250000000000000000 ) ) ;
#461 = DIRECTION ( 'NONE',  ( 0.000000000000000000, -1.000000000000000000, 0.000000000000000000 ) ) ;
#462 = CARTESIAN_POINT ( 'NONE',  ( 1.982223503636745043, 1.199999999999999956, 2.600000000000000089 ) ) ;
#463 = ADVANCED_FACE ( 'NONE', ( #4825 ), #3294, .F. ) ;
#464 = VERTEX_POINT ( 'NONE', #3349 ) ;
#466 = ORIENTED_EDGE ( 'NONE', *, *, #4104, .F. ) ;
#465 = EDGE_LOOP ( 'NONE', ( #51, #3923, #4968, #1777 ) ) ;
#467 = DIRECTION ( 'NONE',  ( -4.130293990420955486E-15, 1.000000000000000000, -3.308862328436465325E-15 ) ) ;
#468 = ORIENTED_EDGE ( 'NONE', *, *, #4479, .T. ) ;
#469 = ADVANCED_FACE ( 'NONE', ( #9400 ), #4135, .F. ) ;
#470 = DIRECTION ( 'NONE',  ( 0.000000000000000000, 1.000000000000000000, 0.000000000000000000 ) ) ;
#471 = VERTEX_POINT ( 'NONE', #8699 ) ;
#472 = CARTESIAN_POINT ( 'NONE',  ( -7.003770046970100083, 1.899999999999999911, 3.146396416990335343 ) ) ;
#473 = CARTESIAN_POINT ( 'NONE',  ( -6.713483409786810796, 4.349999999999999645, -3.768918119361345020 ) ) ;
#475 = EDGE_LOOP ( 'NONE', ( #825, #6781, #4025, #3993, #4301, #5515 ) ) ;
#474 = EDGE_LOOP ( 'NONE', ( #3109, #1477, #1928, #4831 ) ) ;
#476 = DIRECTION ( 'NONE',  ( -0.9659258262890672020, 0.2588190451025245697, 0.000000000000000000 ) ) ;
#477 = PLANE ( 'NONE',  #3796 ) ;
#478 = VECTOR ( 'NONE', #4204, 1000.000000000000000 ) ;
#479 = EDGE_CURVE ( 'NONE', #9124, #5026, #7169, .T. ) ;
#480 = ORIENTED_EDGE ( 'NONE', *, *, #7540, .T. ) ;
#481 = LINE ( 'NONE', #7828, #9240 ) ;
#482 = ORIENTED_EDGE ( 'NONE', *, *, #3448, .F. ) ;
#483 = VECTOR ( 'NONE', #5178, 1000.000000000000114 ) ;
#484 = ADVANCED_FACE ( 'NONE', ( #2557 ), #8001, .T. ) ;
#485 = CARTESIAN_POINT ( 'NONE',  ( 3.449999999999999734, 1.300000000000000044, 4.100000000000000533 ) ) ;
#486 = ORIENTED_EDGE ( 'NONE', *, *, #6949, .T. ) ;
#487 = ADVANCED_FACE ( 'NONE', ( #434 ), #7813, .F. ) ;
#488 = CIRCLE ( 'NONE', #4905, 0.4500000000000000111 ) ;
#489 = DIRECTION ( 'NONE',  ( 0.000000000000000000, 0.000000000000000000, 1.000000000000000000 ) ) ;
#490 = PLANE ( 'NONE',  #7475 ) ;
#491 = EDGE_CURVE ( 'NONE', #1871, #5913, #9338, .T. ) ;
#492 = VECTOR ( 'NONE', #824, 1000.000000000000000 ) ;
#493 = EDGE_CURVE ( 'NONE', #2608, #2183, #8756, .T. ) ;
#494 = DIRECTION ( 'NONE',  ( 0.000000000000000000, -1.000000000000000000, 0.000000000000000000 ) ) ;
#495 = FACE_OUTER_BOUND ( 'NONE', #1728, .T. ) ;
#496 = VERTEX_POINT ( 'NONE', #7262 ) ;
#497 = AXIS2_PLACEMENT_3D ( 'NONE', #7824, #6325, #8617 ) ;
#498 = DIRECTION ( 'NONE',  ( 0.000000000000000000, 0.000000000000000000, -1.000000000000000000 ) ) ;
#499 = ADVANCED_FACE ( 'NONE', ( #1955 ), #1215, .F. ) ;
#500 = ORIENTED_EDGE ( 'NONE', *, *, #9450, .T. ) ;
#501 = MECHANICAL_DESIGN_GEOMETRIC_PRESENTATION_REPRESENTATION (  '', ( #9032 ), #7306 ) ;
#502 = EDGE_CURVE ( 'NONE', #2982, #7861, #5627, .T. ) ;
#503 = VECTOR ( 'NONE', #7848, 1000.000000000000000 ) ;
#504 = LINE ( 'NONE', #8814, #4219 ) ;
#505 = CIRCLE ( 'NONE', #1915, 0.5999999999999998668 ) ;
#506 = CYLINDRICAL_SURFACE ( 'NONE', #2498, 0.2500000000000002220 ) ;
#507 = FACE_OUTER_BOUND ( 'NONE', #6331, .T. ) ;
#508 = AXIS2_PLACEMENT_3D ( 'NONE', #5078, #5721, #7536 ) ;
#509 = CARTESIAN_POINT ( 'NONE',  ( -12.14999999999999858, 39.49734969922095473, 3.500000000000000000 ) ) ;
#510 = CARTESIAN_POINT ( 'NONE',  ( -3.899999999999999911, 5.599999999999999645, 6.984983894040130536 ) ) ;
#511 = ORIENTED_EDGE ( 'NONE', *, *, #5203, .T. ) ;
#512 = VERTEX_POINT ( 'NONE', #3496 ) ;
#513 = DIRECTION ( 'NONE',  ( 0.8191520442889946851, -5.800009312744919496E-16, -0.5735764363510417185 ) ) ;
#514 = AXIS2_PLACEMENT_3D ( 'NONE', #872, #5327, #1757 ) ;
#515 = CARTESIAN_POINT ( 'NONE',  ( -3.819999999999999840, 1.300000000000000044, -0.8750000000000000000 ) ) ;
#516 = CARTESIAN_POINT ( 'NONE',  ( 7.741843969807050030, 0.8694514173260470269, 2.568654474284024936 ) ) ;
#517 = CARTESIAN_POINT ( 'NONE',  ( 8.216843969807047898, 1.208049832105797972, 2.000000000000000000 ) ) ;
#518 = DIRECTION ( 'NONE',  ( 1.000000000000000000, 0.000000000000000000, 0.000000000000000000 ) ) ;
#519 = ORIENTED_EDGE ( 'NONE', *, *, #3928, .F. ) ;
#521 = VERTEX_POINT ( 'NONE', #9294 ) ;
#520 = VERTEX_POINT ( 'NONE', #288 ) ;
#522 = DIRECTION ( 'NONE',  ( 1.000000000000000000, 0.000000000000000000, 0.000000000000000000 ) ) ;
#523 = LINE ( 'NONE', #6553, #2537 ) ;
#524 = CIRCLE ( 'NONE', #7788, 8.000000000000000000 ) ;
#525 = AXIS2_PLACEMENT_3D ( 'NONE', #886, #1626, #9111 ) ;
#526 = DIRECTION ( 'NONE',  ( 0.000000000000000000, -1.000000000000000000, 0.000000000000000000 ) ) ;
#527 = FACE_OUTER_BOUND ( 'NONE', #8409, .T. ) ;
#528 = ORIENTED_EDGE ( 'NONE', *, *, #4418, .T. ) ;
#529 = CARTESIAN_POINT ( 'NONE',  ( 8.666843969807050740, 4.369323589316002732, -2.000000000000001332 ) ) ;
#530 = DIRECTION ( 'NONE',  ( 0.000000000000000000, -1.000000000000000000, 6.442463442619710214E-32 ) ) ;
#531 = EDGE_CURVE ( 'NONE', #222, #6071, #4873, .T. ) ;
#533 = VERTEX_POINT ( 'NONE', #9444 ) ;
#532 = ORIENTED_EDGE ( 'NONE', *, *, #9071, .F. ) ;
#534 = SURFACE_STYLE_FILL_AREA ( #8755 ) ;
#535 = EDGE_CURVE ( 'NONE', #8703, #7913, #8556, .T. ) ;
#536 = LINE ( 'NONE', #8104, #9181 ) ;
#537 = EDGE_LOOP ( 'NONE', ( #1857, #708, #7707, #8977 ) ) ;
#538 = CARTESIAN_POINT ( 'NONE',  ( 8.291561975888500413, 39.49734969922095473, -3.500000000000000000 ) ) ;
#539 = ORIENTED_EDGE ( 'NONE', *, *, #4453, .F. ) ;
#540 = DIRECTION ( 'NONE',  ( -1.000000000000000000, 0.000000000000000000, 8.850629979473498616E-17 ) ) ;
#541 = ORIENTED_EDGE ( 'NONE', *, *, #1487, .F. ) ;
#542 = LINE ( 'NONE', #3553, #3518 ) ;
#543 = DIRECTION ( 'NONE',  ( 0.5735764363510417185, -3.686657150019163557E-16, -0.8191520442889946851 ) ) ;
#544 = EDGE_CURVE ( 'NONE', #5913, #1033, #1071, .T. ) ;
#545 = CARTESIAN_POINT ( 'NONE',  ( 12.14999999999999858, 5.000000000000000000, -3.500000000000000000 ) ) ;
#546 = LINE ( 'NONE', #7328, #2069 ) ;
#547 = ORIENTED_EDGE ( 'NONE', *, *, #7212, .T. ) ;
#548 = DIRECTION ( 'NONE',  ( 0.5735764363510417185, -2.764992862514373901E-16, 0.8191520442889946851 ) ) ;
#549 = ORIENTED_EDGE ( 'NONE', *, *, #3715, .T. ) ;
#551 = EDGE_CURVE ( 'NONE', #2278, #5814, #9738, .T. ) ;
#550 = VERTEX_POINT ( 'NONE', #7362 ) ;
#552 = EDGE_CURVE ( 'NONE', #10, #7035, #536, .T. ) ;
#553 = DIRECTION ( 'NONE',  ( 0.000000000000000000, 0.000000000000000000, 1.000000000000000000 ) ) ;
#554 = EDGE_CURVE ( 'NONE', #6152, #5869, #2050, .T. ) ;
#555 = DIRECTION ( 'NONE',  ( 0.7071067811865470176, 0.000000000000000000, 0.7071067811865480168 ) ) ;
#556 = AXIS2_PLACEMENT_3D ( 'NONE', #3162, #3214, #940 ) ;
#557 = CARTESIAN_POINT ( 'NONE',  ( 1.981937314617169932, 39.49734969922095473, 5.850000000000000533 ) ) ;
#558 = CARTESIAN_POINT ( 'NONE',  ( 0.000000000000000000, 0.2000000000000000111, 0.000000000000000000 ) ) ;
#559 = DIRECTION ( 'NONE',  ( 0.9659258262890674240, -0.2588190451025246253, 0.000000000000000000 ) ) ;
#560 = ORIENTED_EDGE ( 'NONE', *, *, #8392, .T. ) ;
#561 = ORIENTED_EDGE ( 'NONE', *, *, #719, .T. ) ;
#562 = CARTESIAN_POINT ( 'NONE',  ( -8.266843969807050385, 5.000000000000000000, 3.500000000000000000 ) ) ;
#563 = CARTESIAN_POINT ( 'NONE',  ( 8.666843969807048964, 4.349999999999999645, 2.000000000000000000 ) ) ;
#564 = VECTOR ( 'NONE', #4011, 1000.000000000000114 ) ;
#565 = LINE ( 'NONE', #6641, #935 ) ;
#566 = CARTESIAN_POINT ( 'NONE',  ( 5.402777063696039939, 5.599999999999999645, -5.899999999999999467 ) ) ;
#567 = DIRECTION ( 'NONE',  ( 0.000000000000000000, 0.000000000000000000, 1.000000000000000000 ) ) ;
#568 = ADVANCED_FACE ( 'NONE', ( #5873 ), #727, .F. ) ;
#569 = ORIENTED_EDGE ( 'NONE', *, *, #283, .F. ) ;
#571 = ORIENTED_EDGE ( 'NONE', *, *, #6513, .F. ) ;
#570 = ORIENTED_EDGE ( 'NONE', *, *, #9269, .T. ) ;
#572 = DIRECTION ( 'NONE',  ( 0.000000000000000000, -1.000000000000000000, 0.000000000000000000 ) ) ;
#573 = AXIS2_PLACEMENT_3D ( 'NONE', #2773, #6340, #5647 ) ;
#574 = CARTESIAN_POINT ( 'NONE',  ( -5.332682251925390027, 39.49734969922095473, -7.250000000000000000 ) ) ;
#575 = CARTESIAN_POINT ( 'NONE',  ( 12.14999999999999858, 4.299999999999999822, -2.600000000000000089 ) ) ;
#576 = EDGE_LOOP ( 'NONE', ( #4192, #8147, #6443, #7661 ) ) ;
#577 = CARTESIAN_POINT ( 'NONE',  ( 8.516843969807039727, 4.349999999999999645, -2.000000000000000000 ) ) ;
#579 = ORIENTED_EDGE ( 'NONE', *, *, #4695, .T. ) ;
#578 = EDGE_LOOP ( 'NONE', ( #33, #5716, #4571, #4526, #2444 ) ) ;
#580 = EDGE_CURVE ( 'NONE', #7495, #7852, #2215, .T. ) ;
#581 = CARTESIAN_POINT ( 'NONE',  ( 1.982223503636745043, 1.199999999999999956, -2.600000000000000089 ) ) ;
#582 = ORIENTED_EDGE ( 'NONE', *, *, #5330, .F. ) ;
#583 = FACE_OUTER_BOUND ( 'NONE', #8798, .T. ) ;
#584 = VERTEX_POINT ( 'NONE', #6514 ) ;
#585 = CARTESIAN_POINT ( 'NONE',  ( 4.649999999999999467, 0.2000000000000000111, -4.250000000000000000 ) ) ;
#586 = ADVANCED_FACE ( 'NONE', ( #9645 ), #6665, .T. ) ;
#587 = ORIENTED_EDGE ( 'NONE', *, *, #1677, .F. ) ;
#588 = DIRECTION ( 'NONE',  ( -0.000000000000000000, 1.000000000000000000, 0.000000000000000000 ) ) ;
#589 = CARTESIAN_POINT ( 'NONE',  ( -8.666843969807059622, 3.681937395196465045E-14, 0.9499999999999999556 ) ) ;
#590 = CARTESIAN_POINT ( 'NONE',  ( -6.777720855862980009, 1.600000000000000089, 4.250000000000000000 ) ) ;
#591 = DIRECTION ( 'NONE',  ( 1.000000000000000000, -4.248302390147255473E-15, 0.000000000000000000 ) ) ;
#592 = ORIENTED_EDGE ( 'NONE', *, *, #5937, .T. ) ;
#593 = CARTESIAN_POINT ( 'NONE',  ( 0.000000000000000000, 1.600000000000000089, 0.000000000000000000 ) ) ;
#594 = AXIS2_PLACEMENT_3D ( 'NONE', #3113, #9168, #5496 ) ;
#595 = EDGE_LOOP ( 'NONE', ( #7695, #4650, #9595, #1280 ) ) ;
#596 = ORIENTED_EDGE ( 'NONE', *, *, #4897, .T. ) ;
#597 = EDGE_CURVE ( 'NONE', #3246, #4638, #9550, .T. ) ;
#598 = EDGE_CURVE ( 'NONE', #4679, #3142, #2937, .T. ) ;
#599 = DIRECTION ( 'NONE',  ( -1.000000000000000000, 0.000000000000000000, 0.000000000000000000 ) ) ;
#600 = CARTESIAN_POINT ( 'NONE',  ( -8.416843969807059622, 4.349999999999999645, -0.9499999999999999556 ) ) ;
#601 = CARTESIAN_POINT ( 'NONE',  ( 11.40000000000000036, 1.500000000000000000, 1.750000000000000000 ) ) ;
#602 = DIRECTION ( 'NONE',  ( 0.000000000000000000, -1.000000000000000000, 1.807003620809144803E-16 ) ) ;
#603 = DIRECTION ( 'NONE',  ( 0.000000000000000000, -1.000000000000000000, 0.000000000000000000 ) ) ;
#604 = ORIENTED_EDGE ( 'NONE', *, *, #6171, .F. ) ;
#605 = ORIENTED_EDGE ( 'NONE', *, *, #1182, .T. ) ;
#606 = VECTOR ( 'NONE', #6109, 1000.000000000000000 ) ;
#607 = LINE ( 'NONE', #8133, #4124 ) ;
#608 = VECTOR ( 'NONE', #526, 1000.000000000000000 ) ;
#609 = CIRCLE ( 'NONE', #1390, 6.100000000000000533 ) ;
#610 = EDGE_CURVE ( 'NONE', #7050, #5162, #1461, .T. ) ;
#611 = CARTESIAN_POINT ( 'NONE',  ( -11.25000000000000000, 4.349999999999999645, -2.100000000000000089 ) ) ;
#612 = CARTESIAN_POINT ( 'NONE',  ( 8.766843969807048609, 4.599999999999999645, 2.008392021690039719 ) ) ;
#613 = CARTESIAN_POINT ( 'NONE',  ( -3.899999999999999911, 1.300000000000000044, -7.250000000000000000 ) ) ;
#614 = DIRECTION ( 'NONE',  ( 0.000000000000000000, 1.000000000000000000, 0.000000000000000000 ) ) ;
#615 = VERTEX_POINT ( 'NONE', #8799 ) ;
#617 = EDGE_LOOP ( 'NONE', ( #8621, #1917, #7222, #1022 ) ) ;
#616 = ORIENTED_EDGE ( 'NONE', *, *, #6539, .T. ) ;
#618 =( NAMED_UNIT ( * ) SI_UNIT ( $, .STERADIAN. ) SOLID_ANGLE_UNIT ( ) );
#619 = AXIS2_PLACEMENT_3D ( 'NONE', #9782, #8940, #8338 ) ;
#620 = CARTESIAN_POINT ( 'NONE',  ( -13.84999999999999964, 0.1500000000000134837, -1.750000000000000000 ) ) ;
#621 = ADVANCED_FACE ( 'NONE', ( #3691 ), #2000, .T. ) ;
#622 = EDGE_CURVE ( 'NONE', #7793, #7986, #4380, .T. ) ;
#623 = LINE ( 'NONE', #7069, #133 ) ;
#624 = DIRECTION ( 'NONE',  ( 7.279101552726930441E-16, 1.000000000000000000, 0.000000000000000000 ) ) ;
#625 = ORIENTED_EDGE ( 'NONE', *, *, #9015, .T. ) ;
#626 = CIRCLE ( 'NONE', #7425, 0.2999999999999999334 ) ;
#627 = LINE ( 'NONE', #3035, #3287 ) ;
#629 = ORIENTED_EDGE ( 'NONE', *, *, #198, .F. ) ;
#628 = ORIENTED_EDGE ( 'NONE', *, *, #6958, .F. ) ;
#630 = DIRECTION ( 'NONE',  ( -1.000000000000000000, 0.000000000000000000, 0.000000000000000000 ) ) ;
#631 = ORIENTED_EDGE ( 'NONE', *, *, #3207, .T. ) ;
#632 = PLANE ( 'NONE',  #2406 ) ;
#633 = EDGE_CURVE ( 'NONE', #3384, #4670, #2897, .T. ) ;
#634 = VERTEX_POINT ( 'NONE', #6711 ) ;
#635 = PLANE ( 'NONE',  #2057 ) ;
#636 = ORIENTED_EDGE ( 'NONE', *, *, #9391, .F. ) ;
#637 = EDGE_CURVE ( 'NONE', #5223, #5568, #3486, .T. ) ;
#638 = CARTESIAN_POINT ( 'NONE',  ( -9.747716655431508670, 1.899999999999999911, 4.715518912566449394 ) ) ;
#639 = DIRECTION ( 'NONE',  ( 0.000000000000000000, 0.000000000000000000, -1.000000000000000000 ) ) ;
#640 = PLANE ( 'NONE',  #815 ) ;
#641 = DIRECTION ( 'NONE',  ( -1.000000000000000000, 0.000000000000000000, 0.000000000000000000 ) ) ;
#642 = CARTESIAN_POINT ( 'NONE',  ( 3.899999999999999911, 1.300000000000000044, -5.485000000000000320 ) ) ;
#643 = AXIS2_PLACEMENT_3D ( 'NONE', #4246, #9413, #6528 ) ;
#644 = ORIENTED_EDGE ( 'NONE', *, *, #6440, .F. ) ;
#645 = ORIENTED_EDGE ( 'NONE', *, *, #71, .T. ) ;
#646 = AXIS2_PLACEMENT_3D ( 'NONE', #215, #6939, #4556 ) ;
#647 = VECTOR ( 'NONE', #5333, 1000.000000000000000 ) ;
#648 = DIRECTION ( 'NONE',  ( -1.000000000000000000, -3.639550776363464727E-16, 0.000000000000000000 ) ) ;
#649 = CARTESIAN_POINT ( 'NONE',  ( -11.25000000000000000, 1.500000000000000000, -1.750000000000000000 ) ) ;
#650 = DIRECTION ( 'NONE',  ( -1.269309860470833935E-15, -1.000000000000000000, 0.000000000000000000 ) ) ;
#651 = DIRECTION ( 'NONE',  ( 0.000000000000000000, -1.000000000000000000, 0.000000000000000000 ) ) ;
#652 = FACE_OUTER_BOUND ( 'NONE', #7801, .T. ) ;
#653 = ORIENTED_EDGE ( 'NONE', *, *, #3020, .F. ) ;
#654 = EDGE_CURVE ( 'NONE', #322, #2043, #328, .T. ) ;
#655 = EDGE_LOOP ( 'NONE', ( #4020, #4414, #7816, #49 ) ) ;
#656 = AXIS2_PLACEMENT_3D ( 'NONE', #2771, #2079, #8075 ) ;
#657 = CARTESIAN_POINT ( 'NONE',  ( 11.25000000000000000, 4.349999999999999645, -2.600000000000000089 ) ) ;
#658 = CIRCLE ( 'NONE', #5559, 9.000000000000000000 ) ;
#659 = ORIENTED_EDGE ( 'NONE', *, *, #3818, .F. ) ;
#660 = VECTOR ( 'NONE', #2644, 1000.000000000000000 ) ;
#661 = CARTESIAN_POINT ( 'NONE',  ( -8.468900674862208433, 4.214999999999999858, -1.050000000000000044 ) ) ;
#662 = CARTESIAN_POINT ( 'NONE',  ( 4.869548233666040282, 1.600000000000000089, -5.899999999999999467 ) ) ;
#663 = DIRECTION ( 'NONE',  ( 0.000000000000000000, 0.7071067811865425767, 0.7071067811865525687 ) ) ;
#664 = DIRECTION ( 'NONE',  ( 0.000000000000000000, -1.000000000000000000, 0.000000000000000000 ) ) ;
#666 = ORIENTED_EDGE ( 'NONE', *, *, #2337, .F. ) ;
#665 = ORIENTED_EDGE ( 'NONE', *, *, #1764, .T. ) ;
#667 = AXIS2_PLACEMENT_3D ( 'NONE', #3369, #1046, #8774 ) ;
#668 = DIRECTION ( 'NONE',  ( 0.000000000000000000, 0.000000000000000000, -1.000000000000000000 ) ) ;
#669 = ADVANCED_FACE ( 'NONE', ( #6565 ), #9597, .F. ) ;
#670 = EDGE_CURVE ( 'NONE', #2357, #1558, #6614, .T. ) ;
#671 = EDGE_CURVE ( 'NONE', #5953, #4840, #5964, .T. ) ;
#672 = ADVANCED_FACE ( 'NONE', ( #6903 ), #129, .F. ) ;
#673 = DIRECTION ( 'NONE',  ( 0.000000000000000000, -1.000000000000000000, 0.000000000000000000 ) ) ;
#674 = CARTESIAN_POINT ( 'NONE',  ( 3.140333448402509831, 2.257713872561235124, 1.220617149911503940 ) ) ;
#675 = VERTEX_POINT ( 'NONE', #6110 ) ;
#676 = CARTESIAN_POINT ( 'NONE',  ( 0.000000000000000000, 1.600000000000000089, 7.250000000000000000 ) ) ;
#677 = EDGE_CURVE ( 'NONE', #4232, #520, #4719, .T. ) ;
#678 = AXIS2_PLACEMENT_3D ( 'NONE', #8058, #6574, #8613 ) ;
#680 = VERTEX_POINT ( 'NONE', #3133 ) ;
#679 = ORIENTED_EDGE ( 'NONE', *, *, #317, .T. ) ;
#681 = CIRCLE ( 'NONE', #5412, 0.4499999999999999001 ) ;
#682 = EDGE_CURVE ( 'NONE', #4117, #1747, #8343, .T. ) ;
#683 = AXIS2_PLACEMENT_3D ( 'NONE', #2904, #5926, #1471 ) ;
#684 = CARTESIAN_POINT ( 'NONE',  ( -8.666843969807048964, 1.600000000000000089, 0.000000000000000000 ) ) ;
#685 = ORIENTED_EDGE ( 'NONE', *, *, #4934, .F. ) ;
#686 = DIRECTION ( 'NONE',  ( 0.000000000000000000, 0.000000000000000000, 1.000000000000000000 ) ) ;
#687 = EDGE_CURVE ( 'NONE', #3054, #812, #1267, .T. ) ;
#688 = VERTEX_POINT ( 'NONE', #9044 ) ;
#689 = VECTOR ( 'NONE', #7110, 1000.000000000000000 ) ;
#690 = DIRECTION ( 'NONE',  ( -0.9659258262890662028, 0.2588190451025284000, 0.000000000000000000 ) ) ;
#691 = VECTOR ( 'NONE', #5986, 1000.000000000000000 ) ;
#692 = VERTEX_POINT ( 'NONE', #6953 ) ;
#693 = CYLINDRICAL_SURFACE ( 'NONE', #5267, 0.6250000000000005551 ) ;
#694 = CARTESIAN_POINT ( 'NONE',  ( 3.937644094699915165, 1.399999999999999911, -4.658858120127169933 ) ) ;
#695 = CARTESIAN_POINT ( 'NONE',  ( 4.869548233666040282, 5.000000000000000000, 5.899999999999999467 ) ) ;
#696 = CARTESIAN_POINT ( 'NONE',  ( -9.066843969807040438, 4.599999999999999645, 2.600000000000000089 ) ) ;
#697 = LINE ( 'NONE', #9751, #8381 ) ;
#698 = ORIENTED_EDGE ( 'NONE', *, *, #9705, .T. ) ;
#699 = ORIENTED_EDGE ( 'NONE', *, *, #5024, .F. ) ;
#700 =( BOUNDED_SURFACE ( )  B_SPLINE_SURFACE ( 3, 2, ( 
 ( #844, #741, #9008 ),
 ( #2, #3803, #5339 ),
 ( #1479, #7573, #1805 ),
 ( #5292, #8465, #1625 ) ),
 .UNSPECIFIED., .F., .F., .F. ) 
 B_SPLINE_SURFACE_WITH_KNOTS ( ( 4, 4 ),
 ( 3, 3 ),
 ( -9.024402482890589764E-06, 0.0001752344898723845153 ),
 ( 0.000000000000000000, 1.000000000000000000 ),
 .UNSPECIFIED. ) 
 GEOMETRIC_REPRESENTATION_ITEM ( )  RATIONAL_B_SPLINE_SURFACE ( (
 ( 1.000000000000000000, 1.000000000000000000, 1.000000000000000000),
 ( 1.000000000000000000, 1.000000028626152115, 1.000000000000000000),
 ( 1.000000000000000000, 0.9996317526867269931, 1.000000000000000000),
 ( 1.000000000000000000, 0.9988949676366599695, 1.000000000000000000) ) ) 
 REPRESENTATION_ITEM ( '' )  SURFACE ( )  );
#701 = EDGE_CURVE ( 'NONE', #798, #8100, #179, .T. ) ;
#702 = DIRECTION ( 'NONE',  ( 0.000000000000000000, 1.000000000000000000, 0.000000000000000000 ) ) ;
#703 = DIRECTION ( 'NONE',  ( 0.000000000000000000, 0.000000000000000000, -1.000000000000000000 ) ) ;
#704 = DIRECTION ( 'NONE',  ( 0.000000000000000000, 1.000000000000000000, 0.000000000000000000 ) ) ;
#705 = FACE_OUTER_BOUND ( 'NONE', #5640, .T. ) ;
#706 = DIRECTION ( 'NONE',  ( 0.000000000000000000, 0.000000000000000000, -1.000000000000000000 ) ) ;
#707 = EDGE_LOOP ( 'NONE', ( #1284, #5679, #5396, #9686 ) ) ;
#708 = ORIENTED_EDGE ( 'NONE', *, *, #7570, .T. ) ;
#709 = CARTESIAN_POINT ( 'NONE',  ( -8.266843969807050385, 5.000000000000000000, 0.000000000000000000 ) ) ;
#710 = ORIENTED_EDGE ( 'NONE', *, *, #4790, .F. ) ;
#711 = VECTOR ( 'NONE', #4006, 1000.000000000000000 ) ;
#712 = DIRECTION ( 'NONE',  ( 0.000000000000000000, -1.000000000000000000, 0.000000000000000000 ) ) ;
#713 = CARTESIAN_POINT ( 'NONE',  ( -8.489471164057928121, 4.215003422394310029, 1.063170656489341948 ) ) ;
#714 = EDGE_CURVE ( 'NONE', #5805, #8155, #8707, .T. ) ;
#715 = DIRECTION ( 'NONE',  ( -1.000000000000000000, 0.000000000000000000, 0.000000000000000000 ) ) ;
#716 = CARTESIAN_POINT ( 'NONE',  ( -1.931937314617169887, 1.300000000000000044, 5.799999999999999822 ) ) ;
#717 = EDGE_LOOP ( 'NONE', ( #1905, #7529, #3351, #8016 ) ) ;
#718 = DIRECTION ( 'NONE',  ( 3.639550776363464727E-16, -1.000000000000000000, 0.000000000000000000 ) ) ;
#719 = EDGE_CURVE ( 'NONE', #7520, #2429, #3734, .T. ) ;
#720 = CARTESIAN_POINT ( 'NONE',  ( 5.402777063696039939, 5.599999999999999645, 5.899999999999999467 ) ) ;
#721 = DIRECTION ( 'NONE',  ( 0.000000000000000000, 1.000000000000000000, 0.000000000000000000 ) ) ;
#722 = ORIENTED_EDGE ( 'NONE', *, *, #9628, .F. ) ;
#723 = DIRECTION ( 'NONE',  ( -1.000000000000000000, 0.000000000000000000, 0.000000000000000000 ) ) ;
#725 = ORIENTED_EDGE ( 'NONE', *, *, #6466, .T. ) ;
#724 = VERTEX_POINT ( 'NONE', #8299 ) ;
#726 = AXIS2_PLACEMENT_3D ( 'NONE', #3985, #7021, #3244 ) ;
#727 = PLANE ( 'NONE',  #6488 ) ;
#728 = ORIENTED_EDGE ( 'NONE', *, *, #7806, .T. ) ;
#729 = CYLINDRICAL_SURFACE ( 'NONE', #2724, 0.2999999999999999334 ) ;
#730 = ORIENTED_EDGE ( 'NONE', *, *, #3408, .T. ) ;
#731 = PLANE ( 'NONE',  #40 ) ;
#732 = VERTEX_POINT ( 'NONE', #8490 ) ;
#733 = DIRECTION ( 'NONE',  ( 0.9659258262890672020, -0.2588190451025248473, 0.000000000000000000 ) ) ;
#734 = CARTESIAN_POINT ( 'NONE',  ( -3.794707603699280507E-15, 1.600000000000000089, -3.500000000000000000 ) ) ;
#735 = CARTESIAN_POINT ( 'NONE',  ( 11.44999999999999929, 1.600000000000000089, -2.000000000000000000 ) ) ;
#736 = DIRECTION ( 'NONE',  ( 0.000000000000000000, 0.000000000000000000, -1.000000000000000000 ) ) ;
#737 = ORIENTED_EDGE ( 'NONE', *, *, #4586, .T. ) ;
#738 = ORIENTED_EDGE ( 'NONE', *, *, #2963, .T. ) ;
#739 = ADVANCED_FACE ( 'NONE', ( #7550 ), #3027, .T. ) ;
#740 = CARTESIAN_POINT ( 'NONE',  ( 5.332682251925390027, 0.2000000000000000111, 7.250000000000000000 ) ) ;
#741 = CARTESIAN_POINT ( 'NONE',  ( -8.468900674862208433, 4.214999999999999858, -1.050000000000000044 ) ) ;
#742 = CARTESIAN_POINT ( 'NONE',  ( -7.003770046970100083, 1.899999999999999911, 3.146396416990335343 ) ) ;
#743 = DIRECTION ( 'NONE',  ( 0.2588190451025285665, 0.9659258262890662028, 0.000000000000000000 ) ) ;
#744 = AXIS2_PLACEMENT_3D ( 'NONE', #4164, #8134, #4259 ) ;
#745 = ORIENTED_EDGE ( 'NONE', *, *, #9093, .F. ) ;
#746 = ORIENTED_EDGE ( 'NONE', *, *, #8849, .F. ) ;
#747 = DIRECTION ( 'NONE',  ( 0.000000000000000000, 0.000000000000000000, 1.000000000000000000 ) ) ;
#748 = VERTEX_POINT ( 'NONE', #1604 ) ;
#749 = EDGE_CURVE ( 'NONE', #9402, #5427, #3835, .T. ) ;
#750 = AXIS2_PLACEMENT_3D ( 'NONE', #450, #1971, #4989 ) ;
#751 = CARTESIAN_POINT ( 'NONE',  ( 3.101510591637134606, 2.112824998617875316, 1.220617149911503940 ) ) ;
#752 = DIRECTION ( 'NONE',  ( 0.000000000000000000, 0.000000000000000000, 1.000000000000000000 ) ) ;
#753 = DIRECTION ( 'NONE',  ( 0.000000000000000000, 0.000000000000000000, 1.000000000000000000 ) ) ;
#754 = DIRECTION ( 'NONE',  ( 0.000000000000000000, 1.000000000000000000, 0.000000000000000000 ) ) ;
#755 = VECTOR ( 'NONE', #3417, 1000.000000000000114 ) ;
#756 = DIRECTION ( 'NONE',  ( 0.000000000000000000, 0.000000000000000000, -1.000000000000000000 ) ) ;
#757 = ORIENTED_EDGE ( 'NONE', *, *, #2290, .T. ) ;
#758 = CARTESIAN_POINT ( 'NONE',  ( -5.402777063696039939, 5.599999999999999645, -5.899999999999999467 ) ) ;
#759 = VECTOR ( 'NONE', #9465, 1000.000000000000000 ) ;
#760 =( GEOMETRIC_REPRESENTATION_CONTEXT ( 3 ) GLOBAL_UNCERTAINTY_ASSIGNED_CONTEXT ( ( #5440 ) ) GLOBAL_UNIT_ASSIGNED_CONTEXT ( ( #2039, #7352, #4370 ) ) REPRESENTATION_CONTEXT ( 'NONE', 'WORKASPACE' ) );
#761 = CARTESIAN_POINT ( 'NONE',  ( 8.216843969807047898, 1.208049832105797972, -2.000000000000000000 ) ) ;
#762 = CARTESIAN_POINT ( 'NONE',  ( 11.15000000000000036, -1.908195823574490013E-14, 2.100000000000000089 ) ) ;
#763 = VERTEX_POINT ( 'NONE', #1700 ) ;
#764 = VECTOR ( 'NONE', #9127, 1000.000000000000000 ) ;
#765 = CARTESIAN_POINT ( 'NONE',  ( -6.713483409786810796, 4.349999999999999645, -3.768918119361345020 ) ) ;
#767 = EDGE_LOOP ( 'NONE', ( #2840, #3690, #2682, #7966 ) ) ;
#766 = ORIENTED_EDGE ( 'NONE', *, *, #9622, .T. ) ;
#768 = CARTESIAN_POINT ( 'NONE',  ( -5.402777063696039939, 5.000000000000000000, 5.899999999999999467 ) ) ;
#769 = EDGE_CURVE ( 'NONE', #4117, #8195, #7292, .T. ) ;
#770 = DIRECTION ( 'NONE',  ( 4.061455757247310405E-15, -1.000000000000000000, 3.308862328436465325E-15 ) ) ;
#771 = ORIENTED_EDGE ( 'NONE', *, *, #1492, .F. ) ;
#772 = DIRECTION ( 'NONE',  ( 0.000000000000000000, 1.000000000000000000, 0.000000000000000000 ) ) ;
#773 = ORIENTED_EDGE ( 'NONE', *, *, #2496, .F. ) ;
#774 = CIRCLE ( 'NONE', #619, 0.5000000000000000000 ) ;
#775 = CARTESIAN_POINT ( 'NONE',  ( 11.15000000000000036, 4.599999999999999645, 2.100000000000000089 ) ) ;
#776 = VERTEX_POINT ( 'NONE', #9090 ) ;
#777 = DIRECTION ( 'NONE',  ( -1.734723475976805122E-15, 1.262722834753462042E-30, -1.000000000000000000 ) ) ;
#778 = CARTESIAN_POINT ( 'NONE',  ( -12.14999999999999858, 4.750000000000000000, -2.600000000000000089 ) ) ;
#779 = CARTESIAN_POINT ( 'NONE',  ( -8.489382675201824213, 4.218234648145282151, 1.020748672040899363 ) ) ;
#780 = DIRECTION ( 'NONE',  ( 0.000000000000000000, 1.000000000000000000, 0.000000000000000000 ) ) ;
#781 = ADVANCED_FACE ( 'NONE', ( #3087 ), #4672, .T. ) ;
#782 = DIRECTION ( 'NONE',  ( 0.000000000000000000, -1.000000000000000000, 0.000000000000000000 ) ) ;
#783 = AXIS2_PLACEMENT_3D ( 'NONE', #862, #3827, #6202 ) ;
#784 = ORIENTED_EDGE ( 'NONE', *, *, #3741, .T. ) ;
#786 = EDGE_CURVE ( 'NONE', #7996, #3406, #4626, .T. ) ;
#785 = VERTEX_POINT ( 'NONE', #9788 ) ;
#787 = EDGE_CURVE ( 'NONE', #2712, #8864, #869, .T. ) ;
#788 = CARTESIAN_POINT ( 'NONE',  ( -11.15000000000000036, 4.599999999999999645, 2.600000000000000089 ) ) ;
#789 = ADVANCED_FACE ( 'NONE', ( #9486 ), #4915, .F. ) ;
#790 = EDGE_CURVE ( 'NONE', #512, #2278, #3382, .T. ) ;
#791 = PLANE ( 'NONE',  #4536 ) ;
#792 = LINE ( 'NONE', #3850, #2659 ) ;
#793 = CARTESIAN_POINT ( 'NONE',  ( -7.028793294321570073, 4.349999999999999645, 3.447664127344360008 ) ) ;
#794 = VECTOR ( 'NONE', #3407, 1000.000000000000000 ) ;
#795 = CARTESIAN_POINT ( 'NONE',  ( 12.14999999999999858, 1.600000000000000089, -2.000000000000000000 ) ) ;
#796 = CARTESIAN_POINT ( 'NONE',  ( -5.970552738231190482, -16.05340546095174759, 1.250000000000000000 ) ) ;
#797 = ORIENTED_EDGE ( 'NONE', *, *, #2936, .F. ) ;
#798 = VERTEX_POINT ( 'NONE', #6400 ) ;
#799 = EDGE_CURVE ( 'NONE', #2265, #3174, #8541, .T. ) ;
#800 = DIRECTION ( 'NONE',  ( 0.000000000000000000, 1.000000000000000000, 0.000000000000000000 ) ) ;
#801 = EDGE_LOOP ( 'NONE', ( #5202, #2831, #4837, #9013, #6666 ) ) ;
#802 = VECTOR ( 'NONE', #663, 1000.000000000000000 ) ;
#803 = AXIS2_PLACEMENT_3D ( 'NONE', #4862, #2685, #4072 ) ;
#804 = VECTOR ( 'NONE', #9700, 1000.000000000000000 ) ;
#805 = LINE ( 'NONE', #66, #8333 ) ;
#806 = CARTESIAN_POINT ( 'NONE',  ( -6.848755320374480426, 4.849263932846769760E-15, 3.478826570955569686 ) ) ;
#807 = AXIS2_PLACEMENT_3D ( 'NONE', #558, #7383, #3519 ) ;
#808 = CARTESIAN_POINT ( 'NONE',  ( -11.40000000000000036, 1.500000000000000000, -2.100000000000000089 ) ) ;
#809 = DIRECTION ( 'NONE',  ( 0.000000000000000000, 1.000000000000000000, 0.000000000000000000 ) ) ;
#810 = AXIS2_PLACEMENT_3D ( 'NONE', #7401, #6601, #7250 ) ;
#811 = DIRECTION ( 'NONE',  ( -0.2588190451025246253, -0.9659258262890674240, 0.000000000000000000 ) ) ;
#812 = VERTEX_POINT ( 'NONE', #4768 ) ;
#813 = CARTESIAN_POINT ( 'NONE',  ( 4.649999999999999467, 5.599999999999999645, -5.074999999999999289 ) ) ;
#814 = AXIS2_PLACEMENT_3D ( 'NONE', #4441, #2861, #641 ) ;
#815 = AXIS2_PLACEMENT_3D ( 'NONE', #2011, #5929, #8859 ) ;
#816 = VECTOR ( 'NONE', #5752, 1000.000000000000000 ) ;
#817 = CARTESIAN_POINT ( 'NONE',  ( 9.241843969807048254, 4.450000000000000178, 0.000000000000000000 ) ) ;
#818 = DIRECTION ( 'NONE',  ( 0.000000000000000000, 0.000000000000000000, 1.000000000000000000 ) ) ;
#819 = ORIENTED_EDGE ( 'NONE', *, *, #8828, .T. ) ;
#820 = CARTESIAN_POINT ( 'NONE',  ( 3.405963050631994893, 2.186538635158044919, -1.220617149911500166 ) ) ;
#822 = ORIENTED_EDGE ( 'NONE', *, *, #7728, .T. ) ;
#821 = ORIENTED_EDGE ( 'NONE', *, *, #247, .T. ) ;
#823 = PLANE ( 'NONE',  #3276 ) ;
#824 = DIRECTION ( 'NONE',  ( 0.000000000000000000, -1.000000000000000000, 0.000000000000000000 ) ) ;
#825 = ORIENTED_EDGE ( 'NONE', *, *, #8653, .F. ) ;
#826 = DIRECTION ( 'NONE',  ( -1.901453945398264943E-46, 1.000000000000000000, 2.630672572403040154E-31 ) ) ;
#827 = CYLINDRICAL_SURFACE ( 'NONE', #7779, 0.6250000000000005551 ) ;
#828 = ADVANCED_FACE ( 'NONE', ( #325 ), #7892, .F. ) ;
#829 = VERTEX_POINT ( 'NONE', #5613 ) ;
#830 = DIRECTION ( 'NONE',  ( -1.000000000000000000, 0.000000000000000000, 0.000000000000000000 ) ) ;
#831 = VECTOR ( 'NONE', #8396, 1000.000000000000000 ) ;
#832 = DIRECTION ( 'NONE',  ( 0.000000000000000000, 0.000000000000000000, 1.000000000000000000 ) ) ;
#833 = EDGE_CURVE ( 'NONE', #8800, #9217, #4023, .T. ) ;
#834 = ORIENTED_EDGE ( 'NONE', *, *, #6827, .T. ) ;
#835 = LINE ( 'NONE', #6819, #4916 ) ;
#836 = FACE_OUTER_BOUND ( 'NONE', #1273, .T. ) ;
#837 = ORIENTED_EDGE ( 'NONE', *, *, #2056, .F. ) ;
#838 = AXIS2_PLACEMENT_3D ( 'NONE', #2156, #777, #3742 ) ;
#839 = ORIENTED_EDGE ( 'NONE', *, *, #6475, .F. ) ;
#840 = VECTOR ( 'NONE', #9159, 1000.000000000000000 ) ;
#841 = LINE ( 'NONE', #7667, #3195 ) ;
#842 = EDGE_CURVE ( 'NONE', #4940, #7940, #9282, .T. ) ;
#843 = CARTESIAN_POINT ( 'NONE',  ( 6.777720855862980009, 5.000000000000000000, -4.250000000000000000 ) ) ;
#844 = CARTESIAN_POINT ( 'NONE',  ( -8.468900674862208433, 4.214999999999999858, -1.050000000000000044 ) ) ;
#845 = CARTESIAN_POINT ( 'NONE',  ( 7.741843969807050030, 0.8694514173260449175, 2.000000000000000000 ) ) ;
#846 = CARTESIAN_POINT ( 'NONE',  ( -8.665481967796672791, 4.250932400838816072, 0.9717144585080847996 ) ) ;
#847 = LINE ( 'NONE', #3159, #3655 ) ;
#848 = VERTEX_POINT ( 'NONE', #1844 ) ;
#849 = ORIENTED_EDGE ( 'NONE', *, *, #9140, .T. ) ;
#850 = CARTESIAN_POINT ( 'NONE',  ( 8.733745389900533951, 4.599999999999999645, -2.002797340563346573 ) ) ;
#852 = EDGE_CURVE ( 'NONE', #8650, #2429, #7154, .T. ) ;
#851 = VERTEX_POINT ( 'NONE', #3430 ) ;
#853 = CARTESIAN_POINT ( 'NONE',  ( -5.332682251925390027, 5.599999999999999645, -7.250000000000000000 ) ) ;
#854 = CARTESIAN_POINT ( 'NONE',  ( 4.649999999999999467, 1.600000000000000089, 5.074999999999999289 ) ) ;
#855 = CARTESIAN_POINT ( 'NONE',  ( 6.777720855862980009, 5.599999999999999645, -4.250000000000000000 ) ) ;
#856 = LINE ( 'NONE', #5502, #1497 ) ;
#857 = DIRECTION ( 'NONE',  ( 0.7071067811865474617, 0.000000000000000000, -0.7071067811865474617 ) ) ;
#858 = VERTEX_POINT ( 'NONE', #3336 ) ;
#859 = LINE ( 'NONE', #5266, #1285 ) ;
#860 = CARTESIAN_POINT ( 'NONE',  ( -11.40000000000000036, 4.349999999999999645, 2.100000000000000089 ) ) ;
#861 = EDGE_CURVE ( 'NONE', #7678, #3664, #1945, .T. ) ;
#862 = CARTESIAN_POINT ( 'NONE',  ( -8.766843969807039727, 4.349999999999999645, 2.600000000000000089 ) ) ;
#863 = VERTEX_POINT ( 'NONE', #4123 ) ;
#864 = LINE ( 'NONE', #4668, #2507 ) ;
#865 = CIRCLE ( 'NONE', #8143, 0.6250000000000005551 ) ;
#867 = ORIENTED_EDGE ( 'NONE', *, *, #5200, .T. ) ;
#866 = VERTEX_POINT ( 'NONE', #4964 ) ;
#868 = CARTESIAN_POINT ( 'NONE',  ( -4.869548233666040282, 5.599999999999999645, -5.899999999999999467 ) ) ;
#869 = LINE ( 'NONE', #2984, #4265 ) ;
#870 = ORIENTED_EDGE ( 'NONE', *, *, #786, .F. ) ;
#871 = CARTESIAN_POINT ( 'NONE',  ( -11.25000000000000000, 1.500000000000000000, 2.600000000000000089 ) ) ;
#872 = CARTESIAN_POINT ( 'NONE',  ( -9.866843969807048254, 4.700000000000000178, 0.000000000000000000 ) ) ;
#873 = ORIENTED_EDGE ( 'NONE', *, *, #7239, .T. ) ;
#874 = DIRECTION ( 'NONE',  ( -1.000000000000000000, 0.000000000000000000, 0.000000000000000000 ) ) ;
#875 = AXIS2_PLACEMENT_3D ( 'NONE', #5113, #809, #6644 ) ;
#876 = LINE ( 'NONE', #2261, #8426 ) ;
#877 = ORIENTED_EDGE ( 'NONE', *, *, #8169, .F. ) ;
#878 = CARTESIAN_POINT ( 'NONE',  ( 0.000000000000000000, 1.600000000000000089, 0.000000000000000000 ) ) ;
#879 = ORIENTED_EDGE ( 'NONE', *, *, #9730, .F. ) ;
#880 = ORIENTED_EDGE ( 'NONE', *, *, #1341, .T. ) ;
#881 = AXIS2_PLACEMENT_3D ( 'NONE', #6538, #2622, #1927 ) ;
#882 = CYLINDRICAL_SURFACE ( 'NONE', #6358, 0.5749000501935483953 ) ;
#883 = CARTESIAN_POINT ( 'NONE',  ( -9.266843969807039727, 4.315000000000000391, 1.050000000000000044 ) ) ;
#884 = CARTESIAN_POINT ( 'NONE',  ( 2.874703846173009669, 2.328889109964435100, -1.220617149911500166 ) ) ;
#885 = CARTESIAN_POINT ( 'NONE',  ( -8.516843969807059267, 4.315000000000000391, -0.9499999999999999556 ) ) ;
#886 = CARTESIAN_POINT ( 'NONE',  ( 4.649999999999999467, 1.600000000000000089, -5.074999999999999289 ) ) ;
#887 = CARTESIAN_POINT ( 'NONE',  ( -8.516843969807039727, 1.899999999999999911, 0.9499999999999999556 ) ) ;
#888 = CARTESIAN_POINT ( 'NONE',  ( -2.795000000000000373, -7.269011204192789677, -0.1499999999999999944 ) ) ;
#889 = ORIENTED_EDGE ( 'NONE', *, *, #6547, .T. ) ;
#890 = ORIENTED_EDGE ( 'NONE', *, *, #2964, .T. ) ;
#891 = EDGE_CURVE ( 'NONE', #680, #7512, #6447, .T. ) ;
#892 = EDGE_CURVE ( 'NONE', #5836, #2608, #8741, .T. ) ;
#893 = CARTESIAN_POINT ( 'NONE',  ( 8.699368856805408612, 4.593323809189683971, -2.000000000000000000 ) ) ;
#894 = ORIENTED_EDGE ( 'NONE', *, *, #3781, .T. ) ;
#895 = LINE ( 'NONE', #7731, #9280 ) ;
#896 = AXIS2_PLACEMENT_3D ( 'NONE', #1296, #2733, #7344 ) ;
#897 = CARTESIAN_POINT ( 'NONE',  ( -6.892847126266079982, 4.349999999999999645, 3.384271388083254894 ) ) ;
#898 = LINE ( 'NONE', #9121, #5215 ) ;
#899 = CARTESIAN_POINT ( 'NONE',  ( 9.866843969807048254, 4.700000000000000178, 0.000000000000000000 ) ) ;
#900 = CARTESIAN_POINT ( 'NONE',  ( -3.520000000000000018, 1.399999999999999911, -0.1499999999999999944 ) ) ;
#901 = EDGE_LOOP ( 'NONE', ( #4921, #7251, #2898, #3893 ) ) ;
#902 = CARTESIAN_POINT ( 'NONE',  ( -3.381937314617169843, 0.2000000000000000111, 7.250000000000000000 ) ) ;
#903 = CIRCLE ( 'NONE', #7077, 9.000000000000000000 ) ;
#904 = ADVANCED_FACE ( 'NONE', ( #6256 ), #1060, .F. ) ;
#905 = ADVANCED_FACE ( 'NONE', ( #1891 ), #964, .T. ) ;
#906 = LINE ( 'NONE', #3179, #2793 ) ;
#907 = TOROIDAL_SURFACE ( 'NONE', #7402, 0.05139320225002100284, 0.2999999999999999889 ) ;
#908 = DIRECTION ( 'NONE',  ( 0.000000000000000000, -6.442463442619710214E-32, -1.000000000000000000 ) ) ;
#909 = VERTEX_POINT ( 'NONE', #228 ) ;
#910 = DIRECTION ( 'NONE',  ( 0.000000000000000000, 0.000000000000000000, -1.000000000000000000 ) ) ;
#912 = ORIENTED_EDGE ( 'NONE', *, *, #5534, .F. ) ;
#911 = EDGE_LOOP ( 'NONE', ( #3431, #9728, #6354, #2883 ) ) ;
#913 = FACE_OUTER_BOUND ( 'NONE', #4855, .T. ) ;
#914 = CARTESIAN_POINT ( 'NONE',  ( -8.630770020338230708, 4.217361150104178336, 1.099836859786623933 ) ) ;
#915 = EDGE_CURVE ( 'NONE', #5805, #323, #1160, .T. ) ;
#916 = EDGE_LOOP ( 'NONE', ( #6150, #9536, #2146, #8900 ) ) ;
#917 = EDGE_CURVE ( 'NONE', #3600, #4327, #5518, .T. ) ;
#918 = DIRECTION ( 'NONE',  ( 0.000000000000000000, 0.000000000000000000, -1.000000000000000000 ) ) ;
#919 = AXIS2_PLACEMENT_3D ( 'NONE', #9034, #6896, #27 ) ;
#920 = AXIS2_PLACEMENT_3D ( 'NONE', #4555, #6843, #8475 ) ;
#921 = CARTESIAN_POINT ( 'NONE',  ( 9.866843969807041148, -1.734723475976804570E-14, 0.000000000000000000 ) ) ;
#922 = ORIENTED_EDGE ( 'NONE', *, *, #1126, .F. ) ;
#923 = DIRECTION ( 'NONE',  ( 0.2588190451025246253, 0.9659258262890673130, 0.000000000000000000 ) ) ;
#924 = LINE ( 'NONE', #3932, #9693 ) ;
#925 = ORIENTED_EDGE ( 'NONE', *, *, #2328, .T. ) ;
#926 = FACE_OUTER_BOUND ( 'NONE', #7019, .T. ) ;
#927 = DIRECTION ( 'NONE',  ( 0.000000000000000000, -1.000000000000000000, 0.000000000000000000 ) ) ;
#928 = ORIENTED_EDGE ( 'NONE', *, *, #8695, .T. ) ;
#929 = VERTEX_POINT ( 'NONE', #9333 ) ;
#930 = EDGE_CURVE ( 'NONE', #1943, #1746, #2544, .T. ) ;
#931 = FACE_OUTER_BOUND ( 'NONE', #4421, .T. ) ;
#932 = DIRECTION ( 'NONE',  ( 0.000000000000000000, 1.000000000000000000, 0.000000000000000000 ) ) ;
#933 = DIRECTION ( 'NONE',  ( 0.2588190451025246253, 0.9659258262890674240, 0.000000000000000000 ) ) ;
#934 = DIRECTION ( 'NONE',  ( 0.000000000000000000, 0.000000000000000000, -1.000000000000000000 ) ) ;
#935 = VECTOR ( 'NONE', #5903, 1000.000000000000000 ) ;
#936 = CARTESIAN_POINT ( 'NONE',  ( -5.402777063696039939, 5.599999999999999645, 5.899999999999999467 ) ) ;
#937 = DIRECTION ( 'NONE',  ( -0.000000000000000000, 1.000000000000000000, 0.000000000000000000 ) ) ;
#938 = ORIENTED_EDGE ( 'NONE', *, *, #6972, .T. ) ;
#939 = EDGE_LOOP ( 'NONE', ( #6646, #9668, #2843, #1725 ) ) ;
#940 = DIRECTION ( 'NONE',  ( -1.000000000000000000, 7.279101552726949176E-16, 0.000000000000000000 ) ) ;
#941 = ORIENTED_EDGE ( 'NONE', *, *, #8163, .T. ) ;
#942 = CARTESIAN_POINT ( 'NONE',  ( -1.931937314617169887, 1.300000000000000044, 5.799999999999999822 ) ) ;
#943 = FACE_OUTER_BOUND ( 'NONE', #5348, .T. ) ;
#944 = EDGE_CURVE ( 'NONE', #584, #436, #9191, .T. ) ;
#945 = CARTESIAN_POINT ( 'NONE',  ( 0.000000000000000000, 1.600000000000000089, 0.000000000000000000 ) ) ;
#946 = DIRECTION ( 'NONE',  ( 0.000000000000000000, -1.000000000000000000, 0.000000000000000000 ) ) ;
#947 = EDGE_CURVE ( 'NONE', #10, #8274, #5764, .T. ) ;
#948 = CARTESIAN_POINT ( 'NONE',  ( 4.649999999999999467, 0.2000000000000000111, 4.250000000000000000 ) ) ;
#949 = ORIENTED_EDGE ( 'NONE', *, *, #6653, .T. ) ;
#950 = DIRECTION ( 'NONE',  ( 0.000000000000000000, 0.000000000000000000, 1.000000000000000000 ) ) ;
#951 = AXIS2_PLACEMENT_3D ( 'NONE', #878, #8311, #2310 ) ;
#952 = VECTOR ( 'NONE', #5523, 1000.000000000000000 ) ;
#953 = AXIS2_PLACEMENT_3D ( 'NONE', #8164, #2905, #494 ) ;
#954 = DIRECTION ( 'NONE',  ( -1.000000000000000000, 7.279101552726926496E-16, 0.000000000000000000 ) ) ;
#955 = CARTESIAN_POINT ( 'NONE',  ( -11.50000000000000000, 0.2500000000000109912, -1.750000000000000000 ) ) ;
#956 = ORIENTED_EDGE ( 'NONE', *, *, #2697, .F. ) ;
#957 = VECTOR ( 'NONE', #1765, 1000.000000000000000 ) ;
#958 = LINE ( 'NONE', #9277, #144 ) ;
#959 = ADVANCED_FACE ( 'NONE', ( #9538 ), #4268, .F. ) ;
#961 = ORIENTED_EDGE ( 'NONE', *, *, #6938, .T. ) ;
#960 = ORIENTED_EDGE ( 'NONE', *, *, #7159, .F. ) ;
#962 = AXIS2_PLACEMENT_3D ( 'NONE', #5942, #6038, #1529 ) ;
#963 = FACE_OUTER_BOUND ( 'NONE', #3500, .T. ) ;
#964 = PLANE ( 'NONE',  #1440 ) ;
#965 = EDGE_CURVE ( 'NONE', #3350, #6580, #2927, .T. ) ;
#966 = CIRCLE ( 'NONE', #4601, 0.4500000000000000111 ) ;
#967 = VERTEX_POINT ( 'NONE', #8093 ) ;
#968 = CARTESIAN_POINT ( 'NONE',  ( 4.869548233666040282, 5.599999999999999645, 5.899999999999999467 ) ) ;
#969 = VECTOR ( 'NONE', #3482, 1000.000000000000000 ) ;
#970 = ADVANCED_FACE ( 'NONE', ( #5163 ), #5117, .T. ) ;
#971 = VECTOR ( 'NONE', #6464, 1000.000000000000000 ) ;
#972 = EDGE_CURVE ( 'NONE', #8851, #9585, #2887, .T. ) ;
#973 = CARTESIAN_POINT ( 'NONE',  ( -7.290260522564540047, 5.161871867134519617E-15, -2.994789603513335230 ) ) ;
#974 = ORIENTED_EDGE ( 'NONE', *, *, #4166, .T. ) ;
#975 = AXIS2_PLACEMENT_3D ( 'NONE', #2601, #7168, #4730 ) ;
#976 = CARTESIAN_POINT ( 'NONE',  ( -6.360817557515700216, 1.600000000000000089, -4.250000000000000000 ) ) ;
#977 = EDGE_CURVE ( 'NONE', #2635, #3970, #5954, .T. ) ;
#978 = LINE ( 'NONE', #8088, #3398 ) ;
#979 = ORIENTED_EDGE ( 'NONE', *, *, #4517, .F. ) ;
#980 = CARTESIAN_POINT ( 'NONE',  ( -8.516843969807029069, 3.100000000000000089, 0.9499999999999999556 ) ) ;
#981 = CARTESIAN_POINT ( 'NONE',  ( 11.40000000000000036, 4.349999999999999645, -2.100000000000000089 ) ) ;
#982 = AXIS2_PLACEMENT_3D ( 'NONE', #2198, #9743, #2989 ) ;
#983 = ORIENTED_EDGE ( 'NONE', *, *, #5573, .T. ) ;
#984 = VERTEX_POINT ( 'NONE', #9729 ) ;
#985 = CARTESIAN_POINT ( 'NONE',  ( -11.25000000000000000, 0.2500000000000109912, -1.750000000000000000 ) ) ;
#986 = CARTESIAN_POINT ( 'NONE',  ( -5.266843969807050385, 1.300000000000000044, -1.250000000000000000 ) ) ;
#987 = DIRECTION ( 'NONE',  ( 0.000000000000000000, 0.000000000000000000, 1.000000000000000000 ) ) ;
#988 = EDGE_CURVE ( 'NONE', #1878, #7010, #3537, .T. ) ;
#989 = CARTESIAN_POINT ( 'NONE',  ( -8.621631980879289614, 3.100000000000000089, 1.093394109087759913 ) ) ;
#990 = CYLINDRICAL_SURFACE ( 'NONE', #2380, 8.000000000000000000 ) ;
#991 = DIRECTION ( 'NONE',  ( 0.000000000000000000, 0.000000000000000000, -1.000000000000000000 ) ) ;
#992 = ORIENTED_EDGE ( 'NONE', *, *, #3144, .T. ) ;
#993 = AXIS2_PLACEMENT_3D ( 'NONE', #5635, #9406, #2759 ) ;
#994 = AXIS2_PLACEMENT_3D ( 'NONE', #1563, #2407, #5285 ) ;
#995 = CARTESIAN_POINT ( 'NONE',  ( -11.25000000000000000, 1.500000000000000000, 1.750000000000000000 ) ) ;
#996 = ORIENTED_EDGE ( 'NONE', *, *, #5457, .F. ) ;
#997 = ADVANCED_FACE ( 'NONE', ( #5064 ), #8144, .F. ) ;
#998 = VECTOR ( 'NONE', #7514, 1000.000000000000000 ) ;
#999 = DIRECTION ( 'NONE',  ( -1.387778780781444098E-15, -1.000000000000000000, 0.000000000000000000 ) ) ;
#1000 = DIRECTION ( 'NONE',  ( 0.000000000000000000, -1.000000000000000000, 0.000000000000000000 ) ) ;
#1001 = AXIS2_PLACEMENT_3D ( 'NONE', #5250, #2957, #5792 ) ;
#1002 = DIRECTION ( 'NONE',  ( -1.000000000000000000, 0.000000000000000000, 0.000000000000000000 ) ) ;
#1003 = CARTESIAN_POINT ( 'NONE',  ( 5.518151864528549666, -16.05340546095174759, -2.600000000000000089 ) ) ;
#1004 = EDGE_CURVE ( 'NONE', #2369, #9132, #7447, .T. ) ;
#1005 = PLANE ( 'NONE',  #6031 ) ;
#1006 = ORIENTED_EDGE ( 'NONE', *, *, #4296, .F. ) ;
#1007 = PLANE ( 'NONE',  #9033 ) ;
#1008 = EDGE_CURVE ( 'NONE', #7986, #323, #523, .T. ) ;
#1009 = DIRECTION ( 'NONE',  ( -8.631814769834230017E-16, 1.000000000000000000, 1.156482317317876064E-15 ) ) ;
#1010 = DIRECTION ( 'NONE',  ( 0.000000000000000000, 0.000000000000000000, 1.000000000000000000 ) ) ;
#1011 = VERTEX_POINT ( 'NONE', #7990 ) ;
#1012 = FACE_OUTER_BOUND ( 'NONE', #4716, .T. ) ;
#1014 = ORIENTED_EDGE ( 'NONE', *, *, #1610, .T. ) ;
#1013 = ORIENTED_EDGE ( 'NONE', *, *, #8213, .F. ) ;
#1015 = CARTESIAN_POINT ( 'NONE',  ( -8.595332766854788531, 4.215129277476970415, 1.130953279175730186 ) ) ;
#1016 = CARTESIAN_POINT ( 'NONE',  ( -11.25000000000000000, 0.2000000000000000111, -2.600000000000000089 ) ) ;
#1017 = EDGE_LOOP ( 'NONE', ( #4394, #6802, #8728, #8487, #5257, #5825, #1329, #1319 ) ) ;
#1018 = LINE ( 'NONE', #8620, #44 ) ;
#1019 = ADVANCED_FACE ( 'NONE', ( #8188 ), #9589, .F. ) ;
#1020 = CARTESIAN_POINT ( 'NONE',  ( -8.816843969807040438, 4.450000000000000178, 1.199999999999999956 ) ) ;
#1021 = CONICAL_SURFACE ( 'NONE', #6552, 8.000000000000000000, 0.7853981633974476129 ) ;
#1022 = ORIENTED_EDGE ( 'NONE', *, *, #8631, .T. ) ;
#1023 = LINE ( 'NONE', #9098, #8749 ) ;
#1024 = DIRECTION ( 'NONE',  ( -8.631814769834230017E-16, 1.000000000000000000, 1.101411730778929904E-15 ) ) ;
#1025 = ORIENTED_EDGE ( 'NONE', *, *, #9375, .F. ) ;
#1026 = CARTESIAN_POINT ( 'NONE',  ( 12.14999999999999858, 4.299999999999999822, 2.600000000000000089 ) ) ;
#1027 = DIRECTION ( 'NONE',  ( 0.000000000000000000, 0.000000000000000000, 1.000000000000000000 ) ) ;
#1028 = ORIENTED_EDGE ( 'NONE', *, *, #1639, .T. ) ;
#1029 = VERTEX_POINT ( 'NONE', #5810 ) ;
#1030 = VECTOR ( 'NONE', #4702, 1000.000000000000000 ) ;
#1031 = CARTESIAN_POINT ( 'NONE',  ( 1.073876437509463904E-14, 1.600000000000000089, 2.600000000000035172 ) ) ;
#1032 = DIRECTION ( 'NONE',  ( 0.000000000000000000, 0.000000000000000000, 1.000000000000000000 ) ) ;
#1033 = VERTEX_POINT ( 'NONE', #1353 ) ;
#1034 = FACE_OUTER_BOUND ( 'NONE', #268, .T. ) ;
#1035 = CARTESIAN_POINT ( 'NONE',  ( 3.899999999999999911, 1.600000000000000089, 7.250000000000000000 ) ) ;
#1036 = DIRECTION ( 'NONE',  ( -4.956352788505170170E-16, 0.000000000000000000, -1.000000000000000000 ) ) ;
#1037 = DIRECTION ( 'NONE',  ( -7.080503983578760436E-16, -1.000000000000000000, 0.000000000000000000 ) ) ;
#1038 = ADVANCED_FACE ( 'NONE', ( #2040 ), #4324, .T. ) ;
#1039 = ORIENTED_EDGE ( 'NONE', *, *, #1646, .F. ) ;
#1040 = AXIS2_PLACEMENT_3D ( 'NONE', #4205, #603, #706 ) ;
#1041 = FACE_OUTER_BOUND ( 'NONE', #4507, .T. ) ;
#1042 = ORIENTED_EDGE ( 'NONE', *, *, #7268, .F. ) ;
#1043 = EDGE_CURVE ( 'NONE', #1998, #2369, #2833, .T. ) ;
#1044 = DIRECTION ( 'NONE',  ( 7.080503983578760436E-16, 1.000000000000000000, 0.000000000000000000 ) ) ;
#1045 = CYLINDRICAL_SURFACE ( 'NONE', #9143, 0.6250000000000000000 ) ;
#1046 = DIRECTION ( 'NONE',  ( 0.000000000000000000, 1.000000000000000000, 0.000000000000000000 ) ) ;
#1047 = CARTESIAN_POINT ( 'NONE',  ( 3.449999999999999734, 1.300000000000000044, 4.100000000000000533 ) ) ;
#1048 = CARTESIAN_POINT ( 'NONE',  ( -5.402777063696039939, 1.600000000000000089, -5.899999999999999467 ) ) ;
#1049 = CARTESIAN_POINT ( 'NONE',  ( 12.14999999999999858, 4.299999999999999822, 2.600000000000000089 ) ) ;
#1050 = DIRECTION ( 'NONE',  ( 0.000000000000000000, 0.000000000000000000, -1.000000000000000000 ) ) ;
#1051 = EDGE_CURVE ( 'NONE', #464, #1011, #4591, .T. ) ;
#1052 = DIRECTION ( 'NONE',  ( 0.9659258262890674240, -0.2588190451025246253, 0.000000000000000000 ) ) ;
#1053 = DIRECTION ( 'NONE',  ( 0.000000000000000000, 1.000000000000000000, 0.000000000000000000 ) ) ;
#1054 = ORIENTED_EDGE ( 'NONE', *, *, #6531, .T. ) ;
#1055 = LINE ( 'NONE', #419, #2051 ) ;
#1057 = VERTEX_POINT ( 'NONE', #2741 ) ;
#1056 = ORIENTED_EDGE ( 'NONE', *, *, #7436, .T. ) ;
#1058 = AXIS2_PLACEMENT_3D ( 'NONE', #751, #6842, #3718 ) ;
#1059 = DIRECTION ( 'NONE',  ( 0.000000000000000000, 0.000000000000000000, 1.000000000000000000 ) ) ;
#1060 = PLANE ( 'NONE',  #3960 ) ;
#1061 = ORIENTED_EDGE ( 'NONE', *, *, #3048, .F. ) ;
#1062 = CARTESIAN_POINT ( 'NONE',  ( 0.000000000000000000, 5.599999999999999645, 0.000000000000000000 ) ) ;
#1063 = ORIENTED_EDGE ( 'NONE', *, *, #554, .F. ) ;
#1064 = DIRECTION ( 'NONE',  ( 7.279101552726930441E-16, 1.000000000000000000, 0.000000000000000000 ) ) ;
#1065 = CARTESIAN_POINT ( 'NONE',  ( 0.000000000000000000, 1.399999999999999911, 0.000000000000000000 ) ) ;
#1066 = DIRECTION ( 'NONE',  ( 0.000000000000000000, 0.000000000000000000, -1.000000000000000000 ) ) ;
#1067 = EDGE_CURVE ( 'NONE', #2081, #8312, #5859, .T. ) ;
#1068 = VERTEX_POINT ( 'NONE', #2091 ) ;
#1069 = DIRECTION ( 'NONE',  ( 0.2588190451025250693, 0.9659258262890672020, 0.000000000000000000 ) ) ;
#1070 = VECTOR ( 'NONE', #4568, 1000.000000000000000 ) ;
#1071 = LINE ( 'NONE', #7115, #2374 ) ;
#1072 = EDGE_LOOP ( 'NONE', ( #1548, #9766, #5761, #5096, #2973, #9558 ) ) ;
#1073 = ORIENTED_EDGE ( 'NONE', *, *, #3868, .F. ) ;
#1074 = AXIS2_PLACEMENT_3D ( 'NONE', #2561, #4273, #8654 ) ;
#1075 = AXIS2_PLACEMENT_3D ( 'NONE', #854, #3169, #3765 ) ;
#1076 = FACE_OUTER_BOUND ( 'NONE', #9543, .T. ) ;
#1077 = CARTESIAN_POINT ( 'NONE',  ( 3.899999999999999911, 1.600000000000000089, -5.485000000000000320 ) ) ;
#1078 = ORIENTED_EDGE ( 'NONE', *, *, #5330, .T. ) ;
#1079 = DIRECTION ( 'NONE',  ( 0.000000000000000000, 1.000000000000000000, 0.000000000000000000 ) ) ;
#1080 = DIRECTION ( 'NONE',  ( -1.269309860470833935E-15, -1.000000000000000000, 0.000000000000000000 ) ) ;
#1081 = CARTESIAN_POINT ( 'NONE',  ( -8.266843969807050385, 1.600000000000000089, 3.500000000000000000 ) ) ;
#1082 = DIRECTION ( 'NONE',  ( 0.000000000000000000, 1.000000000000000000, 0.000000000000000000 ) ) ;
#1083 = AXIS2_PLACEMENT_3D ( 'NONE', #5073, #5769, #4923 ) ;
#1084 = ORIENTED_EDGE ( 'NONE', *, *, #4945, .T. ) ;
#1085 = EDGE_CURVE ( 'NONE', #4120, #6934, #4612, .T. ) ;
#1086 = CARTESIAN_POINT ( 'NONE',  ( 4.649999999999999467, 5.599999999999999645, 5.899999999999999467 ) ) ;
#1088 = ADVANCED_FACE ( 'NONE', ( #3869 ), #5309, .F. ) ;
#1087 = ORIENTED_EDGE ( 'NONE', *, *, #9258, .T. ) ;
#1089 = EDGE_CURVE ( 'NONE', #5334, #347, #8380, .T. ) ;
#1090 = EDGE_CURVE ( 'NONE', #8609, #4171, #119, .T. ) ;
#1091 = LINE ( 'NONE', #4101, #5960 ) ;
#1092 = DIRECTION ( 'NONE',  ( 0.000000000000000000, 0.000000000000000000, 1.000000000000000000 ) ) ;
#1093 = CARTESIAN_POINT ( 'NONE',  ( 1.177133787269989901E-14, 5.000000000000000000, 2.850000000000035172 ) ) ;
#1094 = CARTESIAN_POINT ( 'NONE',  ( 5.402777063696039939, 5.000000000000000000, -5.899999999999999467 ) ) ;
#1095 = DIRECTION ( 'NONE',  ( 0.000000000000000000, 1.000000000000000000, 0.000000000000000000 ) ) ;
#1096 = EDGE_CURVE ( 'NONE', #4232, #6071, #7496, .T. ) ;
#1097 = CARTESIAN_POINT ( 'NONE',  ( -11.40000000000000036, 1.447013240936750106E-14, -1.750000000000000000 ) ) ;
#1098 = DIRECTION ( 'NONE',  ( 0.000000000000000000, 0.000000000000000000, 1.000000000000000000 ) ) ;
#1099 = FACE_BOUND ( 'NONE', #2320, .T. ) ;
#1100 = CARTESIAN_POINT ( 'NONE',  ( 11.44999999999999929, 0.2000000000000000111, 2.600000000000000089 ) ) ;
#1101 = VERTEX_POINT ( 'NONE', #2240 ) ;
#1102 = DIRECTION ( 'NONE',  ( 0.000000000000000000, 0.000000000000000000, 1.000000000000000000 ) ) ;
#1104 = ORIENTED_EDGE ( 'NONE', *, *, #1334, .T. ) ;
#1103 = VERTEX_POINT ( 'NONE', #6894 ) ;
#1105 = DIRECTION ( 'NONE',  ( 0.9497513090414945180, -0.2544850962680739181, 0.1822355254921408652 ) ) ;
#1106 = DIRECTION ( 'NONE',  ( 8.436499166354340143E-16, 1.000000000000000000, 2.907941053639845024E-16 ) ) ;
#1107 = ORIENTED_EDGE ( 'NONE', *, *, #1185, .F. ) ;
#1108 = VECTOR ( 'NONE', #6429, 1000.000000000000114 ) ;
#1109 = ADVANCED_FACE ( 'NONE', ( #3915, #4661 ), #8286, .T. ) ;
#1110 = AXIS2_PLACEMENT_3D ( 'NONE', #5711, #7105, #1750 ) ;
#1111 = DIRECTION ( 'NONE',  ( -1.000000000000000000, 0.000000000000000000, 0.000000000000000000 ) ) ;
#1112 = ORIENTED_EDGE ( 'NONE', *, *, #3372, .F. ) ;
#1113 = CIRCLE ( 'NONE', #8388, 6.100000000000000533 ) ;
#1114 = DIRECTION ( 'NONE',  ( -0.9497513090414942960, 0.2544850962680738626, 0.1822355254921413370 ) ) ;
#1115 = LINE ( 'NONE', #429, #3458 ) ;
#1117 = ORIENTED_EDGE ( 'NONE', *, *, #1758, .T. ) ;
#1116 = EDGE_LOOP ( 'NONE', ( #1656, #1381, #5048, #9696 ) ) ;
#1118 = AXIS2_PLACEMENT_3D ( 'NONE', #7432, #2168, #651 ) ;
#1119 = PLANE ( 'NONE',  #5712 ) ;
#1120 = DIRECTION ( 'NONE',  ( -1.000000000000000000, 7.279101552726930441E-16, 0.000000000000000000 ) ) ;
#1121 = AXIS2_PLACEMENT_3D ( 'NONE', #1835, #219, #8585 ) ;
#1122 = VERTEX_POINT ( 'NONE', #7645 ) ;
#1123 = VERTEX_POINT ( 'NONE', #164 ) ;
#1124 = VECTOR ( 'NONE', #59, 1000.000000000000000 ) ;
#1125 = PLANE ( 'NONE',  #2394 ) ;
#1126 = EDGE_CURVE ( 'NONE', #7861, #533, #658, .T. ) ;
#1127 = EDGE_LOOP ( 'NONE', ( #9291, #7188, #8000, #7082 ) ) ;
#1128 = CYLINDRICAL_SURFACE ( 'NONE', #5258, 9.000000000000000000 ) ;
#1129 = DIRECTION ( 'NONE',  ( 0.000000000000000000, 0.000000000000000000, -1.000000000000000000 ) ) ;
#1130 = DIRECTION ( 'NONE',  ( 0.000000000000000000, -3.169619151431809931E-17, 1.000000000000000000 ) ) ;
#1131 = AXIS2_PLACEMENT_3D ( 'NONE', #6374, #8006, #9404 ) ;
#1132 = CARTESIAN_POINT ( 'NONE',  ( 2.537033083616004960E-14, 1.600000000000000089, -2.599999999999914824 ) ) ;
#1133 = ORIENTED_EDGE ( 'NONE', *, *, #6958, .T. ) ;
#1134 = LINE ( 'NONE', #5595, #7751 ) ;
#1135 = VERTEX_POINT ( 'NONE', #3724 ) ;
#1136 = EDGE_CURVE ( 'NONE', #7331, #6218, #859, .T. ) ;
#1137 = DIRECTION ( 'NONE',  ( 0.9463498560679951543, -0.3231438532915100192, 0.000000000000000000 ) ) ;
#1138 = CARTESIAN_POINT ( 'NONE',  ( -8.266843969807050385, 1.600000000000000089, 0.000000000000000000 ) ) ;
#1139 = DIRECTION ( 'NONE',  ( 0.000000000000000000, -1.000000000000000000, 0.000000000000000000 ) ) ;
#1140 = AXIS2_PLACEMENT_3D ( 'NONE', #6467, #4193, #6376 ) ;
#1141 = PLANE ( 'NONE',  #6165 ) ;
#1142 = VECTOR ( 'NONE', #9204, 1000.000000000000000 ) ;
#1143 = DIRECTION ( 'NONE',  ( 0.9063077870366500477, -6.417115896461449416E-16, -0.4226182617406994413 ) ) ;
#1144 = ORIENTED_EDGE ( 'NONE', *, *, #861, .T. ) ;
#1145 = AXIS2_PLACEMENT_3D ( 'NONE', #4595, #3851, #104 ) ;
#1146 = ORIENTED_EDGE ( 'NONE', *, *, #8695, .F. ) ;
#1147 = CARTESIAN_POINT ( 'NONE',  ( -7.733182394472060488E-16, 1.600000000000000089, 4.250000000000000000 ) ) ;
#1148 = PLANE ( 'NONE',  #8081 ) ;
#1149 = CIRCLE ( 'NONE', #5418, 0.5000000000000000000 ) ;
#1150 = VECTOR ( 'NONE', #281, 1000.000000000000000 ) ;
#1151 = VECTOR ( 'NONE', #513, 1000.000000000000114 ) ;
#1152 = CARTESIAN_POINT ( 'NONE',  ( 3.166215352912754799, 2.354306455190145364, -1.220617149911500166 ) ) ;
#1153 = FACE_OUTER_BOUND ( 'NONE', #4871, .T. ) ;
#1154 = ORIENTED_EDGE ( 'NONE', *, *, #3450, .F. ) ;
#1155 = PLANE ( 'NONE',  #7279 ) ;
#1156 = VERTEX_POINT ( 'NONE', #1496 ) ;
#1158 = VERTEX_POINT ( 'NONE', #1593 ) ;
#1157 = VERTEX_POINT ( 'NONE', #6145 ) ;
#1159 = CARTESIAN_POINT ( 'NONE',  ( -8.816843969807040438, 4.599999999999999645, -1.199999999999999956 ) ) ;
#1160 = LINE ( 'NONE', #7014, #7918 ) ;
#1161 = ORIENTED_EDGE ( 'NONE', *, *, #6305, .F. ) ;
#1162 = ADVANCED_FACE ( 'NONE', ( #4516 ), #9174, .T. ) ;
#1163 = FACE_OUTER_BOUND ( 'NONE', #4796, .T. ) ;
#1164 = ORIENTED_EDGE ( 'NONE', *, *, #355, .F. ) ;
#1165 = DIRECTION ( 'NONE',  ( 0.000000000000000000, 0.000000000000000000, 1.000000000000000000 ) ) ;
#1166 = CARTESIAN_POINT ( 'NONE',  ( -11.40000000000000036, 1.500000000000000000, -1.750000000000000000 ) ) ;
#1168 = ORIENTED_EDGE ( 'NONE', *, *, #5482, .F. ) ;
#1167 = EDGE_LOOP ( 'NONE', ( #8847, #8757, #4434, #7157 ) ) ;
#1169 = DIRECTION ( 'NONE',  ( -0.000000000000000000, 1.000000000000000000, 0.000000000000000000 ) ) ;
#1170 = CARTESIAN_POINT ( 'NONE',  ( -11.44999999999999929, 0.2000000000000000111, -2.600000000000000089 ) ) ;
#1171 = ORIENTED_EDGE ( 'NONE', *, *, #8770, .F. ) ;
#1172 = ORIENTED_EDGE ( 'NONE', *, *, #3912, .T. ) ;
#1173 = DIRECTION ( 'NONE',  ( 0.000000000000000000, 0.000000000000000000, 1.000000000000000000 ) ) ;
#1174 = ORIENTED_EDGE ( 'NONE', *, *, #9566, .T. ) ;
#1175 = DIRECTION ( 'NONE',  ( 0.000000000000000000, 0.000000000000000000, -1.000000000000000000 ) ) ;
#1176 = LINE ( 'NONE', #5590, #4780 ) ;
#1177 = FACE_OUTER_BOUND ( 'NONE', #356, .T. ) ;
#1178 = LINE ( 'NONE', #1132, #1282 ) ;
#1179 = ORIENTED_EDGE ( 'NONE', *, *, #9611, .T. ) ;
#1180 = CARTESIAN_POINT ( 'NONE',  ( 0.000000000000000000, 0.2000000000000000111, -2.000000000000000000 ) ) ;
#1181 = EDGE_LOOP ( 'NONE', ( #6359, #2738, #1532, #5328 ) ) ;
#1182 = EDGE_CURVE ( 'NONE', #2403, #2400, #4561, .T. ) ;
#1183 = CARTESIAN_POINT ( 'NONE',  ( 0.000000000000000000, 1.300000000000000044, 0.000000000000000000 ) ) ;
#1184 = FACE_OUTER_BOUND ( 'NONE', #5028, .T. ) ;
#1185 = EDGE_CURVE ( 'NONE', #9124, #6615, #9080, .T. ) ;
#1186 = LINE ( 'NONE', #407, #1108 ) ;
#1187 = AXIS2_PLACEMENT_3D ( 'NONE', #3580, #4320, #7347 ) ;
#1188 = CYLINDRICAL_SURFACE ( 'NONE', #1040, 0.8250000000000001776 ) ;
#1189 = VERTEX_POINT ( 'NONE', #5410 ) ;
#1190 = EDGE_CURVE ( 'NONE', #2303, #7217, #7690, .T. ) ;
#1191 = EDGE_LOOP ( 'NONE', ( #928, #3380, #9202, #2395, #3387, #93, #1321, #4951, #5549, #8132 ) ) ;
#1192 = CARTESIAN_POINT ( 'NONE',  ( -8.516843969807048609, 1.899999999999999911, 2.600000000000000089 ) ) ;
#1193 = PLANE ( 'NONE',  #6341 ) ;
#1194 = PLANE ( 'NONE',  #6269 ) ;
#1195 = DIRECTION ( 'NONE',  ( 0.000000000000000000, 0.000000000000000000, 1.000000000000000000 ) ) ;
#1196 = CARTESIAN_POINT ( 'NONE',  ( -3.819999999999999840, -7.269011204192789677, 0.8750000000000000000 ) ) ;
#1197 = VERTEX_POINT ( 'NONE', #758 ) ;
#1199 = ORIENTED_EDGE ( 'NONE', *, *, #7946, .F. ) ;
#1198 = ORIENTED_EDGE ( 'NONE', *, *, #3471, .T. ) ;
#1200 = CARTESIAN_POINT ( 'NONE',  ( -9.747716655431508670, 4.349999999999999645, -4.715518912566449394 ) ) ;
#1201 = EDGE_CURVE ( 'NONE', #5162, #1701, #3771, .T. ) ;
#1202 = ORIENTED_EDGE ( 'NONE', *, *, #1980, .F. ) ;
#1203 = ADVANCED_FACE ( 'NONE', ( #23 ), #6056, .F. ) ;
#1204 = EDGE_CURVE ( 'NONE', #5198, #7340, #75, .T. ) ;
#1205 = DIRECTION ( 'NONE',  ( 1.014997778497068052E-15, 1.000000000000000000, 0.000000000000000000 ) ) ;
#1206 = ORIENTED_EDGE ( 'NONE', *, *, #8632, .F. ) ;
#1207 = LINE ( 'NONE', #5717, #1150 ) ;
#1208 = DIRECTION ( 'NONE',  ( 0.000000000000000000, 0.000000000000000000, 1.000000000000000000 ) ) ;
#1209 = VECTOR ( 'NONE', #1828, 1000.000000000000000 ) ;
#1210 = EDGE_CURVE ( 'NONE', #3174, #3544, #8677, .T. ) ;
#1212 = ORIENTED_EDGE ( 'NONE', *, *, #7803, .T. ) ;
#1211 = ORIENTED_EDGE ( 'NONE', *, *, #6291, .F. ) ;
#1213 = CARTESIAN_POINT ( 'NONE',  ( 0.000000000000000000, 0.2000000000000000111, 0.000000000000000000 ) ) ;
#1214 = EDGE_CURVE ( 'NONE', #9232, #5324, #1277, .T. ) ;
#1215 = PLANE ( 'NONE',  #4272 ) ;
#1216 = EDGE_LOOP ( 'NONE', ( #2192, #1265, #6853, #5491 ) ) ;
#1217 = CARTESIAN_POINT ( 'NONE',  ( -2.399999999999999911, 1.300000000000000044, 2.500000000000000000 ) ) ;
#1218 = ORIENTED_EDGE ( 'NONE', *, *, #3312, .T. ) ;
#1219 = VECTOR ( 'NONE', #6533, 1000.000000000000000 ) ;
#1220 = CARTESIAN_POINT ( 'NONE',  ( 3.348386714254389738E-15, 4.599999999999999645, 2.600000000000000089 ) ) ;
#1221 = ORIENTED_EDGE ( 'NONE', *, *, #7242, .T. ) ;
#1222 = DIRECTION ( 'NONE',  ( 0.000000000000000000, -1.000000000000000000, 0.000000000000000000 ) ) ;
#1223 = VECTOR ( 'NONE', #522, 1000.000000000000000 ) ;
#1224 = PLANE ( 'NONE',  #9215 ) ;
#1225 = DIRECTION ( 'NONE',  ( 0.000000000000000000, 0.000000000000000000, 1.000000000000000000 ) ) ;
#1226 = DIRECTION ( 'NONE',  ( -1.000000000000000000, 0.000000000000000000, 0.000000000000000000 ) ) ;
#1227 = ORIENTED_EDGE ( 'NONE', *, *, #8837, .T. ) ;
#1228 = LINE ( 'NONE', #5786, #6314 ) ;
#1229 = ORIENTED_EDGE ( 'NONE', *, *, #3966, .F. ) ;
#1230 = VECTOR ( 'NONE', #8040, 1000.000000000000227 ) ;
#1231 = DIRECTION ( 'NONE',  ( 0.000000000000000000, 0.000000000000000000, 1.000000000000000000 ) ) ;
#1233 = CIRCLE ( 'NONE', #4071, 0.2750000000000000222 ) ;
#1232 = DIRECTION ( 'NONE',  ( 0.4226182617406998299, 1.479114197289395384E-31, -0.9063077870366497146 ) ) ;
#1234 = CARTESIAN_POINT ( 'NONE',  ( 11.50000000000000000, 1.500000000000000000, 1.750000000000000000 ) ) ;
#1235 = LINE ( 'NONE', #8725, #478 ) ;
#1236 = FACE_OUTER_BOUND ( 'NONE', #3779, .T. ) ;
#1237 = ORIENTED_EDGE ( 'NONE', *, *, #4168, .F. ) ;
#1238 = ORIENTED_EDGE ( 'NONE', *, *, #8258, .F. ) ;
#1239 = CARTESIAN_POINT ( 'NONE',  ( -8.221900118789369216, 3.100000000000000089, 1.664270371162789974 ) ) ;
#1240 = VECTOR ( 'NONE', #2488, 1000.000000000000000 ) ;
#1241 = EDGE_CURVE ( 'NONE', #471, #724, #4060, .T. ) ;
#1242 = DIRECTION ( 'NONE',  ( 7.080503983578760436E-16, 1.000000000000000000, 0.000000000000000000 ) ) ;
#1243 = CARTESIAN_POINT ( 'NONE',  ( 5.402777063696039939, 5.599999999999999645, 5.899999999999999467 ) ) ;
#1244 = ADVANCED_FACE ( 'NONE', ( #5460 ), #3322, .F. ) ;
#1245 = LINE ( 'NONE', #9026, #1736 ) ;
#1246 = CARTESIAN_POINT ( 'NONE',  ( 3.899999999999999911, 1.600000000000000089, -6.984983894040130536 ) ) ;
#1247 = ORIENTED_EDGE ( 'NONE', *, *, #1089, .T. ) ;
#1248 = AXIS2_PLACEMENT_3D ( 'NONE', #2031, #2085, #5055 ) ;
#1250 = VERTEX_POINT ( 'NONE', #3963 ) ;
#1249 = VERTEX_POINT ( 'NONE', #9377 ) ;
#1251 = DIRECTION ( 'NONE',  ( 0.000000000000000000, 0.000000000000000000, -1.000000000000000000 ) ) ;
#1252 = ADVANCED_FACE ( 'NONE', ( #6246 ), #1148, .F. ) ;
#1253 = LINE ( 'NONE', #6605, #608 ) ;
#1254 = DIRECTION ( 'NONE',  ( 0.000000000000000000, 1.000000000000000000, 0.000000000000000000 ) ) ;
#1255 = ORIENTED_EDGE ( 'NONE', *, *, #12, .T. ) ;
#1256 = CIRCLE ( 'NONE', #3313, 0.3250000000000000111 ) ;
#1257 = CARTESIAN_POINT ( 'NONE',  ( -8.416843969807048964, 3.100000000000000089, -0.9499999999999999556 ) ) ;
#1258 = LINE ( 'NONE', #4277, #3614 ) ;
#1259 = ADVANCED_FACE ( 'NONE', ( #5561 ), #414, .T. ) ;
#1261 = ORIENTED_EDGE ( 'NONE', *, *, #1681, .T. ) ;
#1260 = ORIENTED_EDGE ( 'NONE', *, *, #9571, .T. ) ;
#1262 = DIRECTION ( 'NONE',  ( 0.000000000000000000, 0.000000000000000000, 1.000000000000000000 ) ) ;
#1263 = EDGE_CURVE ( 'NONE', #8357, #9132, #7883, .T. ) ;
#1264 = VECTOR ( 'NONE', #8784, 1000.000000000000000 ) ;
#1265 = ORIENTED_EDGE ( 'NONE', *, *, #9753, .F. ) ;
#1266 = CARTESIAN_POINT ( 'NONE',  ( -8.666843969807020542, 1.899999999999999911, 0.9499999999999999556 ) ) ;
#1267 = CIRCLE ( 'NONE', #3166, 3.149999999999999911 ) ;
#1268 = ORIENTED_EDGE ( 'NONE', *, *, #3004, .T. ) ;
#1269 = ADVANCED_FACE ( 'NONE', ( #6391 ), #6435, .F. ) ;
#1270 = VECTOR ( 'NONE', #8747, 1000.000000000000000 ) ;
#1271 = ADVANCED_FACE ( 'NONE', ( #8480 ), #365, .T. ) ;
#1272 = FACE_OUTER_BOUND ( 'NONE', #5571, .T. ) ;
#1273 = EDGE_LOOP ( 'NONE', ( #4522, #8907, #5467, #710, #9029, #2245, #7652, #8350, #8023, #7558, #6281, #7648 ) ) ;
#1274 = CIRCLE ( 'NONE', #6172, 0.2999999999999999334 ) ;
#1275 = DIRECTION ( 'NONE',  ( 0.000000000000000000, 0.000000000000000000, 1.000000000000000000 ) ) ;
#1276 = DIRECTION ( 'NONE',  ( -1.000000000000000000, 7.279101552726930441E-16, 0.000000000000000000 ) ) ;
#1277 = CIRCLE ( 'NONE', #183, 0.2999999999999997113 ) ;
#1278 = DIRECTION ( 'NONE',  ( 0.000000000000000000, 0.000000000000000000, 1.000000000000000000 ) ) ;
#1279 = DIRECTION ( 'NONE',  ( 0.000000000000000000, -1.000000000000000000, 0.000000000000000000 ) ) ;
#1280 = ORIENTED_EDGE ( 'NONE', *, *, #2821, .T. ) ;
#1281 = CARTESIAN_POINT ( 'NONE',  ( -9.266843969807039727, 3.100000000000000089, -0.9499999999999999556 ) ) ;
#1282 = VECTOR ( 'NONE', #2711, 1000.000000000000000 ) ;
#1283 = CARTESIAN_POINT ( 'NONE',  ( 2.537033083616004960E-14, 4.750000000000000000, 2.599999999999914824 ) ) ;
#1284 = ORIENTED_EDGE ( 'NONE', *, *, #3749, .T. ) ;
#1285 = VECTOR ( 'NONE', #6742, 1000.000000000000000 ) ;
#1286 = EDGE_CURVE ( 'NONE', #2037, #1135, #4706, .T. ) ;
#1287 = CARTESIAN_POINT ( 'NONE',  ( -8.266843969807050385, 1.875000000000024869, -0.2750000000000190070 ) ) ;
#1288 = VECTOR ( 'NONE', #6923, 1000.000000000000000 ) ;
#1289 = LINE ( 'NONE', #7334, #134 ) ;
#1290 = CARTESIAN_POINT ( 'NONE',  ( 8.715866081031141022, 4.440387583261450999, -2.001687063355279683 ) ) ;
#1291 = CARTESIAN_POINT ( 'NONE',  ( 5.518151864528559436, 1.600000000000000089, -2.600000000000000089 ) ) ;
#1292 = CARTESIAN_POINT ( 'NONE',  ( -4.545000000000000817, -7.269011204192789677, -0.1499999999999999944 ) ) ;
#1293 = EDGE_LOOP ( 'NONE', ( #3828, #698, #8385, #9586 ) ) ;
#1294 = ORIENTED_EDGE ( 'NONE', *, *, #5868, .F. ) ;
#1295 = CARTESIAN_POINT ( 'NONE',  ( 6.777720855862980009, 5.000000000000000000, -4.250000000000000000 ) ) ;
#1296 = CARTESIAN_POINT ( 'NONE',  ( 3.140333448402509831, 2.257713872561235124, 1.220617149911503940 ) ) ;
#1297 = ADVANCED_FACE ( 'NONE', ( #6999 ), #9422, .F. ) ;
#1298 = CARTESIAN_POINT ( 'NONE',  ( 7.741843969807069570, 4.750000000000000000, 2.600000000000000089 ) ) ;
#1299 = CARTESIAN_POINT ( 'NONE',  ( 7.733182394472060488E-16, 1.600000000000000089, 4.250000000000000000 ) ) ;
#1300 = CARTESIAN_POINT ( 'NONE',  ( 8.516843969807039727, 4.349999999999999645, 2.000000000000000000 ) ) ;
#1301 = ORIENTED_EDGE ( 'NONE', *, *, #8462, .T. ) ;
#1303 = ORIENTED_EDGE ( 'NONE', *, *, #6531, .F. ) ;
#1302 = VERTEX_POINT ( 'NONE', #4850 ) ;
#1304 = DIRECTION ( 'NONE',  ( 1.000000000000000000, 0.000000000000000000, 0.000000000000000000 ) ) ;
#1305 = VECTOR ( 'NONE', #7124, 1000.000000000000000 ) ;
#1306 = VECTOR ( 'NONE', #7421, 1000.000000000000000 ) ;
#1307 = EDGE_CURVE ( 'NONE', #763, #353, #2625, .T. ) ;
#1308 = DIRECTION ( 'NONE',  ( -0.8191520442889935749, -6.505213034913171754E-15, 0.5735764363510434949 ) ) ;
#1309 = CARTESIAN_POINT ( 'NONE',  ( -7.290260522564540047, 4.349999999999999645, 2.994789603513335230 ) ) ;
#1310 = ORIENTED_EDGE ( 'NONE', *, *, #2212, .T. ) ;
#1311 = DIRECTION ( 'NONE',  ( -1.445602896647339903E-16, 0.000000000000000000, -1.000000000000000000 ) ) ;
#1313 = ORIENTED_EDGE ( 'NONE', *, *, #3408, .F. ) ;
#1312 = ORIENTED_EDGE ( 'NONE', *, *, #329, .T. ) ;
#1314 =( NAMED_UNIT ( * ) PLANE_ANGLE_UNIT ( ) SI_UNIT ( $, .RADIAN. ) );
#1315 = EDGE_CURVE ( 'NONE', #5244, #3461, #2481, .T. ) ;
#1316 = DIRECTION ( 'NONE',  ( 0.000000000000000000, -1.000000000000000000, 0.000000000000000000 ) ) ;
#1317 = EDGE_LOOP ( 'NONE', ( #4147, #145, #7152, #331 ) ) ;
#1318 = CARTESIAN_POINT ( 'NONE',  ( 0.000000000000000000, 1.600000000000000089, 0.000000000000000000 ) ) ;
#1319 = ORIENTED_EDGE ( 'NONE', *, *, #4297, .F. ) ;
#1320 = CARTESIAN_POINT ( 'NONE',  ( -6.777720855862980009, 5.000000000000000000, 4.250000000000000000 ) ) ;
#1321 = ORIENTED_EDGE ( 'NONE', *, *, #9712, .F. ) ;
#1322 = LINE ( 'NONE', #3699, #6679 ) ;
#1323 = CARTESIAN_POINT ( 'NONE',  ( -8.766843969807039727, 4.349999999999999645, 2.600000000000000089 ) ) ;
#1324 = DIRECTION ( 'NONE',  ( 0.000000000000000000, 0.000000000000000000, 1.000000000000000000 ) ) ;
#1325 = CARTESIAN_POINT ( 'NONE',  ( -8.766843969807039727, 4.450000000000000178, 0.9499999999999999556 ) ) ;
#1326 = VERTEX_POINT ( 'NONE', #1737 ) ;
#1327 = DIRECTION ( 'NONE',  ( 0.000000000000000000, 0.000000000000000000, 1.000000000000000000 ) ) ;
#1328 = ORIENTED_EDGE ( 'NONE', *, *, #4039, .T. ) ;
#1330 = ADVANCED_FACE ( 'NONE', ( #7786 ), #1007, .F. ) ;
#1329 = ORIENTED_EDGE ( 'NONE', *, *, #7790, .T. ) ;
#1331 = FACE_OUTER_BOUND ( 'NONE', #7977, .T. ) ;
#1332 = DIRECTION ( 'NONE',  ( -0.8191520442889935749, -8.673617379884229532E-15, -0.5735764363510434949 ) ) ;
#1333 = VECTOR ( 'NONE', #3761, 1000.000000000000114 ) ;
#1334 = EDGE_CURVE ( 'NONE', #8235, #2081, #6289, .T. ) ;
#1335 = LINE ( 'NONE', #4355, #2416 ) ;
#1336 = CARTESIAN_POINT ( 'NONE',  ( 6.360817557515700216, 1.600000000000000089, 4.250000000000000000 ) ) ;
#1337 = DIRECTION ( 'NONE',  ( 1.000000000000000000, 0.000000000000000000, 0.000000000000000000 ) ) ;
#1338 = ORIENTED_EDGE ( 'NONE', *, *, #9018, .F. ) ;
#1339 = ORIENTED_EDGE ( 'NONE', *, *, #833, .T. ) ;
#1340 = EDGE_CURVE ( 'NONE', #7595, #3521, #4804, .T. ) ;
#1341 = EDGE_CURVE ( 'NONE', #5223, #8865, #5901, .T. ) ;
#1342 = LINE ( 'NONE', #3472, #8885 ) ;
#1343 = CARTESIAN_POINT ( 'NONE',  ( 7.814619820747490841, 0.4876045236945369954, 2.600000000000000089 ) ) ;
#1344 = AXIS2_PLACEMENT_3D ( 'NONE', #2502, #4263, #7061 ) ;
#1345 = CARTESIAN_POINT ( 'NONE',  ( -8.535810117900259897, 4.215031867345190975, 1.092840262693791864 ) ) ;
#1346 = DIRECTION ( 'NONE',  ( 0.000000000000000000, 0.000000000000000000, 1.000000000000000000 ) ) ;
#1347 = DIRECTION ( 'NONE',  ( 0.000000000000000000, 1.000000000000000000, 0.000000000000000000 ) ) ;
#1348 = ORIENTED_EDGE ( 'NONE', *, *, #1514, .T. ) ;
#1349 = EDGE_CURVE ( 'NONE', #6615, #5962, #3525, .T. ) ;
#1351 = ORIENTED_EDGE ( 'NONE', *, *, #3014, .F. ) ;
#1350 = ORIENTED_EDGE ( 'NONE', *, *, #4333, .F. ) ;
#1352 = SURFACE_STYLE_FILL_AREA ( #3631 ) ;
#1353 = CARTESIAN_POINT ( 'NONE',  ( 11.40000000000000036, 0.2500000000000000000, -1.750000000000000000 ) ) ;
#1354 = VECTOR ( 'NONE', #5104, 1000.000000000000000 ) ;
#1355 = FACE_OUTER_BOUND ( 'NONE', #6755, .T. ) ;
#1356 = DIRECTION ( 'NONE',  ( 0.000000000000000000, -1.000000000000000000, 0.000000000000000000 ) ) ;
#1357 = EDGE_LOOP ( 'NONE', ( #8890, #8150, #4815, #5168 ) ) ;
#1358 = DIRECTION ( 'NONE',  ( -1.000000000000000000, 0.000000000000000000, 0.000000000000000000 ) ) ;
#1360 = ORIENTED_EDGE ( 'NONE', *, *, #5754, .T. ) ;
#1359 = VERTEX_POINT ( 'NONE', #562 ) ;
#1361 = DIRECTION ( 'NONE',  ( 4.130293990420970474E-15, 0.000000000000000000, 1.000000000000000000 ) ) ;
#1362 = ORIENTED_EDGE ( 'NONE', *, *, #4396, .F. ) ;
#1363 = LINE ( 'NONE', #6667, #1488 ) ;
#1364 = EDGE_LOOP ( 'NONE', ( #4977, #4267, #587, #1752 ) ) ;
#1365 = CARTESIAN_POINT ( 'NONE',  ( 9.266843969807048609, 4.450000000000000178, 2.600000000000000089 ) ) ;
#1366 = ADVANCED_FACE ( 'NONE', ( #8927 ), #1193, .T. ) ;
#1367 = EDGE_LOOP ( 'NONE', ( #8484, #4068, #5308, #3297 ) ) ;
#1368 = CARTESIAN_POINT ( 'NONE',  ( 7.933315826311220675, 39.49734969922095473, 4.250000000000000000 ) ) ;
#1369 = DIRECTION ( 'NONE',  ( 1.000000000000000000, 0.000000000000000000, -1.245080223897341930E-16 ) ) ;
#1370 = FACE_OUTER_BOUND ( 'NONE', #3930, .T. ) ;
#1371 = DIRECTION ( 'NONE',  ( 0.000000000000000000, 1.000000000000000000, 0.000000000000000000 ) ) ;
#1372 = PLANE ( 'NONE',  #1574 ) ;
#1373 = ORIENTED_EDGE ( 'NONE', *, *, #3301, .F. ) ;
#1374 = ORIENTED_EDGE ( 'NONE', *, *, #633, .F. ) ;
#1375 = DIRECTION ( 'NONE',  ( 0.000000000000000000, 0.000000000000000000, 1.000000000000000000 ) ) ;
#1376 = DIRECTION ( 'NONE',  ( 0.000000000000000000, -1.000000000000000000, 0.000000000000000000 ) ) ;
#1377 = DIRECTION ( 'NONE',  ( 0.8191520442889946851, -5.800009312744907663E-16, 0.5735764363510417185 ) ) ;
#1378 = EDGE_CURVE ( 'NONE', #5026, #1871, #3622, .T. ) ;
#1379 = FACE_OUTER_BOUND ( 'NONE', #4547, .T. ) ;
#1380 = CARTESIAN_POINT ( 'NONE',  ( 7.933315826311220675, 1.600000000000000089, 4.250000000000000000 ) ) ;
#1381 = ORIENTED_EDGE ( 'NONE', *, *, #6650, .T. ) ;
#1382 = ORIENTED_EDGE ( 'NONE', *, *, #2277, .F. ) ;
#1383 = EDGE_CURVE ( 'NONE', #829, #7359, #9529, .T. ) ;
#1384 = AXIS2_PLACEMENT_3D ( 'NONE', #7746, #6803, #8446 ) ;
#1385 = EDGE_CURVE ( 'NONE', #82, #5041, #8177, .T. ) ;
#1386 = DIRECTION ( 'NONE',  ( 4.231032868236114925E-16, -1.000000000000000000, 0.000000000000000000 ) ) ;
#1388 = EDGE_CURVE ( 'NONE', #8098, #1033, #8877, .T. ) ;
#1387 = VERTEX_POINT ( 'NONE', #7237 ) ;
#1389 = EDGE_CURVE ( 'NONE', #7050, #1648, #1342, .T. ) ;
#1390 = AXIS2_PLACEMENT_3D ( 'NONE', #8317, #4499, #1526 ) ;
#1391 = CARTESIAN_POINT ( 'NONE',  ( -8.398879921041244145, 4.256421356237319209, -1.150000000000000577 ) ) ;
#1392 = EDGE_CURVE ( 'NONE', #4987, #1465, #9577, .T. ) ;
#1393 = PLANE ( 'NONE',  #9004 ) ;
#1394 = FACE_OUTER_BOUND ( 'NONE', #2118, .T. ) ;
#1395 = DIRECTION ( 'NONE',  ( 1.000000000000000000, 0.000000000000000000, 0.000000000000000000 ) ) ;
#1396 = EDGE_CURVE ( 'NONE', #7197, #2804, #8080, .T. ) ;
#1398 = ORIENTED_EDGE ( 'NONE', *, *, #2009, .T. ) ;
#1397 = ORIENTED_EDGE ( 'NONE', *, *, #1564, .T. ) ;
#1399 = SURFACE_STYLE_USAGE ( .BOTH. , #7248 ) ;
#1400 = AXIS2_PLACEMENT_3D ( 'NONE', #7650, #6252, #5364 ) ;
#1401 = CARTESIAN_POINT ( 'NONE',  ( 7.741843969807039372, 1.024742844387559915, 2.600000000000074696 ) ) ;
#1402 = CARTESIAN_POINT ( 'NONE',  ( -8.398879921041249474, 5.946830273853219874E-15, 1.149999999999999911 ) ) ;
#1403 = CARTESIAN_POINT ( 'NONE',  ( -8.621631980879289614, 4.216094314104439356, 1.093394109087759913 ) ) ;
#1404 = ORIENTED_EDGE ( 'NONE', *, *, #2236, .T. ) ;
#1405 = AXIS2_PLACEMENT_3D ( 'NONE', #3328, #461, #267 ) ;
#1406 = CARTESIAN_POINT ( 'NONE',  ( -9.066843969807040438, 4.450000000000000178, -1.199999999999999956 ) ) ;
#1408 = VERTEX_POINT ( 'NONE', #7437 ) ;
#1407 = VERTEX_POINT ( 'NONE', #2028 ) ;
#1409 = DIRECTION ( 'NONE',  ( -1.000000000000000000, 1.269309860470833935E-15, 0.000000000000000000 ) ) ;
#1410 = VERTEX_POINT ( 'NONE', #657 ) ;
#1411 = DIRECTION ( 'NONE',  ( -1.000000000000000000, 0.000000000000000000, 9.735692977420849340E-16 ) ) ;
#1412 = EDGE_CURVE ( 'NONE', #1101, #5655, #3666, .T. ) ;
#1413 = ORIENTED_EDGE ( 'NONE', *, *, #682, .T. ) ;
#1414 = FACE_OUTER_BOUND ( 'NONE', #9115, .T. ) ;
#1415 = VERTEX_POINT ( 'NONE', #1295 ) ;
#1416 = DIRECTION ( 'NONE',  ( -1.000000000000000000, 0.000000000000000000, 4.130293990420970474E-15 ) ) ;
#1417 = LINE ( 'NONE', #3701, #7323 ) ;
#1418 = CARTESIAN_POINT ( 'NONE',  ( -8.558979279838439425, 4.215065624796144661, -1.107675521854669887 ) ) ;
#1419 = DIRECTION ( 'NONE',  ( 1.000000000000000000, -1.387778780781444492E-15, 0.000000000000000000 ) ) ;
#1420 = PLANE ( 'NONE',  #3636 ) ;
#1421 = CIRCLE ( 'NONE', #5372, 0.09999999999999939493 ) ;
#1422 = ORIENTED_EDGE ( 'NONE', *, *, #2338, .T. ) ;
#1423 = AXIS2_PLACEMENT_3D ( 'NONE', #1020, #2349, #5373 ) ;
#1424 = ORIENTED_EDGE ( 'NONE', *, *, #9748, .F. ) ;
#1425 = EDGE_CURVE ( 'NONE', #5197, #2900, #4316, .T. ) ;
#1426 = AXIS2_PLACEMENT_3D ( 'NONE', #1196, #7243, #7150 ) ;
#1427 = VECTOR ( 'NONE', #4334, 1000.000000000000000 ) ;
#1428 = DIRECTION ( 'NONE',  ( 0.000000000000000000, -1.000000000000000000, 0.000000000000000000 ) ) ;
#1429 = B_SPLINE_CURVE_WITH_KNOTS ( 'NONE', 3,
 ( #3050, #3889, #6762, #3934 ),
 .UNSPECIFIED., .F., .F.,
 ( 4, 4 ),
 ( 0.000000000000000000, 1.000000000000000000 ),
 .UNSPECIFIED. ) ;
#1430 = DIRECTION ( 'NONE',  ( -1.000000000000000000, 0.000000000000000000, 1.819572328111074956E-16 ) ) ;
#1431 = CARTESIAN_POINT ( 'NONE',  ( 3.239200190963484953E-15, 4.450000000000000178, 0.9499999999999999556 ) ) ;
#1432 = CARTESIAN_POINT ( 'NONE',  ( -2.537033083616004960E-14, 1.600000000000000089, -2.599999999999914824 ) ) ;
#1433 = CIRCLE ( 'NONE', #8082, 0.7999999999999994893 ) ;
#1434 = LINE ( 'NONE', #4502, #1354 ) ;
#1435 = ORIENTED_EDGE ( 'NONE', *, *, #5320, .F. ) ;
#1436 = ORIENTED_EDGE ( 'NONE', *, *, #972, .F. ) ;
#1437 = AXIS2_PLACEMENT_3D ( 'NONE', #250, #3306, #1723 ) ;
#1438 = EDGE_CURVE ( 'NONE', #7348, #2763, #607, .T. ) ;
#1439 = DIRECTION ( 'NONE',  ( -0.9659258262890672020, 0.2588190451025245697, 9.637352644315594750E-16 ) ) ;
#1440 = AXIS2_PLACEMENT_3D ( 'NONE', #7942, #6357, #274 ) ;
#1441 = VERTEX_POINT ( 'NONE', #1933 ) ;
#1442 = VECTOR ( 'NONE', #4191, 1000.000000000000000 ) ;
#1443 = STYLED_ITEM ( 'NONE', ( #4636 ), #9108 ) ;
#1444 = FACE_OUTER_BOUND ( 'NONE', #447, .T. ) ;
#1445 = DIRECTION ( 'NONE',  ( -8.257015431095450418E-63, 6.010365384537710218E-78, 1.000000000000000000 ) ) ;
#1446 = DIRECTION ( 'NONE',  ( 0.000000000000000000, 0.000000000000000000, 1.000000000000000000 ) ) ;
#1447 = DIRECTION ( 'NONE',  ( 0.000000000000000000, 0.000000000000000000, -1.000000000000000000 ) ) ;
#1449 = ORIENTED_EDGE ( 'NONE', *, *, #8360, .F. ) ;
#1448 = EDGE_LOOP ( 'NONE', ( #8139, #9487, #4086, #3628 ) ) ;
#1450 = VECTOR ( 'NONE', #4725, 1000.000000000000000 ) ;
#1451 = DIRECTION ( 'NONE',  ( 0.9659258262890672020, -0.2588190451025245697, 0.000000000000000000 ) ) ;
#1452 = DIRECTION ( 'NONE',  ( 0.000000000000000000, 0.000000000000000000, 1.000000000000000000 ) ) ;
#1453 = LINE ( 'NONE', #5270, #7130 ) ;
#1454 = VERTEX_POINT ( 'NONE', #4954 ) ;
#1455 = CYLINDRICAL_SURFACE ( 'NONE', #6138, 3.149999999999999467 ) ;
#1456 = CIRCLE ( 'NONE', #7472, 0.4500000000000000111 ) ;
#1458 = ORIENTED_EDGE ( 'NONE', *, *, #7268, .T. ) ;
#1457 = ORIENTED_EDGE ( 'NONE', *, *, #8968, .F. ) ;
#1459 = AXIS2_PLACEMENT_3D ( 'NONE', #182, #8345, #2302 ) ;
#1460 = VECTOR ( 'NONE', #2806, 1000.000000000000000 ) ;
#1461 = LINE ( 'NONE', #3545, #3323 ) ;
#1462 = ORIENTED_EDGE ( 'NONE', *, *, #6617, .F. ) ;
#1463 = EDGE_CURVE ( 'NONE', #1648, #2227, #7979, .T. ) ;
#1464 = CARTESIAN_POINT ( 'NONE',  ( -5.266843969807050385, 1.300000000000000044, -1.250000000000000000 ) ) ;
#1465 = VERTEX_POINT ( 'NONE', #2776 ) ;
#1466 = VECTOR ( 'NONE', #4727, 1000.000000000000000 ) ;
#1467 = LINE ( 'NONE', #2154, #9530 ) ;
#1468 = AXIS2_PLACEMENT_3D ( 'NONE', #742, #2913, #3755 ) ;
#1469 = ORIENTED_EDGE ( 'NONE', *, *, #7679, .T. ) ;
#1470 = CARTESIAN_POINT ( 'NONE',  ( 11.25000000000000000, 4.349999999999999645, 2.600000000000000089 ) ) ;
#1471 = DIRECTION ( 'NONE',  ( 1.000000000000000000, 0.000000000000000000, 0.000000000000000000 ) ) ;
#1472 =( LENGTH_UNIT ( ) NAMED_UNIT ( * ) SI_UNIT ( .MILLI., .METRE. ) );
#1473 = DIRECTION ( 'NONE',  ( 7.279101552726950162E-16, 1.000000000000000000, 0.000000000000000000 ) ) ;
#1474 = DIRECTION ( 'NONE',  ( 7.279101552726930441E-16, 1.000000000000000000, 0.000000000000000000 ) ) ;
#1475 = EDGE_CURVE ( 'NONE', #1326, #5670, #5798, .T. ) ;
#1476 = ORIENTED_EDGE ( 'NONE', *, *, #9787, .F. ) ;
#1477 = ORIENTED_EDGE ( 'NONE', *, *, #5505, .F. ) ;
#1478 = CARTESIAN_POINT ( 'NONE',  ( -4.545000000000000817, 1.300000000000000044, 0.1499999999999999944 ) ) ;
#1479 = CARTESIAN_POINT ( 'NONE',  ( -8.567552351520751230, 4.215059073626270525, -1.113163605664538203 ) ) ;
#1480 = CARTESIAN_POINT ( 'NONE',  ( -8.498084777391870404, 4.215003415606450865, -1.050826504459640098 ) ) ;
#1481 = DIRECTION ( 'NONE',  ( 0.8191520442889960174, -5.800009312744909635E-16, -0.5735764363510399422 ) ) ;
#1482 = DIRECTION ( 'NONE',  ( 1.000000000000000000, 0.000000000000000000, 0.000000000000000000 ) ) ;
#1483 = ORIENTED_EDGE ( 'NONE', *, *, #3090, .T. ) ;
#1484 = VERTEX_POINT ( 'NONE', #7343 ) ;
#1485 = DIRECTION ( 'NONE',  ( 0.000000000000000000, 0.000000000000000000, -1.000000000000000000 ) ) ;
#1486 = ORIENTED_EDGE ( 'NONE', *, *, #5591, .F. ) ;
#1487 = EDGE_CURVE ( 'NONE', #1747, #1523, #8027, .T. ) ;
#1488 = VECTOR ( 'NONE', #2899, 1000.000000000000000 ) ;
#1489 = EDGE_CURVE ( 'NONE', #5082, #8675, #6590, .T. ) ;
#1490 = LINE ( 'NONE', #2280, #5170 ) ;
#1491 = CARTESIAN_POINT ( 'NONE',  ( 3.899999999999999911, 5.599999999999999645, 6.984983894040130536 ) ) ;
#1492 = EDGE_CURVE ( 'NONE', #7482, #2128, #6693, .T. ) ;
#1493 = CARTESIAN_POINT ( 'NONE',  ( -8.666843969807029424, 3.100000000000000089, 0.9499999999999999556 ) ) ;
#1494 = CARTESIAN_POINT ( 'NONE',  ( 11.44999999999999929, 2.250000000000000000, 2.000000000000000000 ) ) ;
#1495 = EDGE_LOOP ( 'NONE', ( #7370, #7617, #5504, #7254 ) ) ;
#1496 = CARTESIAN_POINT ( 'NONE',  ( -3.819999999999999840, 1.300000000000000044, -0.8750000000000000000 ) ) ;
#1497 = VECTOR ( 'NONE', #7685, 1000.000000000000000 ) ;
#1498 = LINE ( 'NONE', #3031, #4235 ) ;
#1499 = EDGE_CURVE ( 'NONE', #4465, #3758, #2965, .T. ) ;
#1500 = CARTESIAN_POINT ( 'NONE',  ( -8.521752727684591022, 4.315000000000000391, -1.236036465452655886 ) ) ;
#1501 = EDGE_LOOP ( 'NONE', ( #2742, #2671, #7007, #3135 ) ) ;
#1502 = DIRECTION ( 'NONE',  ( 1.000000000000000000, 0.000000000000000000, 0.000000000000000000 ) ) ;
#1503 = EDGE_CURVE ( 'NONE', #9384, #4029, #5604, .T. ) ;
#1505 = VERTEX_POINT ( 'NONE', #109 ) ;
#1504 = ORIENTED_EDGE ( 'NONE', *, *, #2743, .F. ) ;
#1506 = AXIS2_PLACEMENT_3D ( 'NONE', #4609, #946, #3864 ) ;
#1507 = CARTESIAN_POINT ( 'NONE',  ( -12.14999999999999858, 0.2000000000000000111, -3.500000000000000000 ) ) ;
#1508 = CARTESIAN_POINT ( 'NONE',  ( -8.468900674862208433, 4.214999999999999858, 1.050000000000000044 ) ) ;
#1509 = EDGE_CURVE ( 'NONE', #2804, #8478, #8935, .T. ) ;
#1510 = ORIENTED_EDGE ( 'NONE', *, *, #3643, .T. ) ;
#1511 = DIRECTION ( 'NONE',  ( 4.187263562702635366E-15, 0.000000000000000000, 1.000000000000000000 ) ) ;
#1512 = EDGE_CURVE ( 'NONE', #6998, #9503, #8479, .T. ) ;
#1513 = ORIENTED_EDGE ( 'NONE', *, *, #3572, .T. ) ;
#1514 = EDGE_CURVE ( 'NONE', #5324, #8864, #4551, .T. ) ;
#1515 = CARTESIAN_POINT ( 'NONE',  ( 10.65000000000000036, 4.599999999999999645, -2.600000000000000089 ) ) ;
#1516 = ORIENTED_EDGE ( 'NONE', *, *, #8957, .F. ) ;
#1517 = DIRECTION ( 'NONE',  ( 0.000000000000000000, 0.000000000000000000, 1.000000000000000000 ) ) ;
#1518 = ADVANCED_FACE ( 'NONE', ( #6783 ), #5991, .F. ) ;
#1519 = DIRECTION ( 'NONE',  ( -1.000000000000000000, 1.014997778497068052E-15, 0.000000000000000000 ) ) ;
#1520 = CARTESIAN_POINT ( 'NONE',  ( 8.466843969807069215, 1.600000000000000089, 2.600000000000000089 ) ) ;
#1521 = CARTESIAN_POINT ( 'NONE',  ( 9.241843969807039372, -1.689229091272264972E-14, 0.000000000000000000 ) ) ;
#1522 = LINE ( 'NONE', #6220, #2681 ) ;
#1523 = VERTEX_POINT ( 'NONE', #6885 ) ;
#1524 = ORIENTED_EDGE ( 'NONE', *, *, #9613, .F. ) ;
#1525 = CARTESIAN_POINT ( 'NONE',  ( 0.000000000000000000, 5.599999999999999645, 0.000000000000000000 ) ) ;
#1526 = DIRECTION ( 'NONE',  ( 0.000000000000000000, 0.000000000000000000, 1.000000000000000000 ) ) ;
#1527 = CARTESIAN_POINT ( 'NONE',  ( -12.14999999999999858, 5.000000000000000000, 2.850000000000040057 ) ) ;
#1528 = DIRECTION ( 'NONE',  ( -1.000000000000000000, 0.000000000000000000, -1.445602896647339903E-16 ) ) ;
#1529 = DIRECTION ( 'NONE',  ( 0.000000000000000000, 0.000000000000000000, 1.000000000000000000 ) ) ;
#1530 = VECTOR ( 'NONE', #1634, 1000.000000000000000 ) ;
#1531 = ORIENTED_EDGE ( 'NONE', *, *, #5846, .T. ) ;
#1532 = ORIENTED_EDGE ( 'NONE', *, *, #3448, .T. ) ;
#1533 = CARTESIAN_POINT ( 'NONE',  ( 10.05559403303142041, -1.833617474693654881, -2.000000000000000000 ) ) ;
#1534 = VERTEX_POINT ( 'NONE', #6089 ) ;
#1535 = CIRCLE ( 'NONE', #4061, 7.649999999999999467 ) ;
#1536 = CARTESIAN_POINT ( 'NONE',  ( -2.399999999999999911, 1.300000000000000044, 0.000000000000000000 ) ) ;
#1537 = DIRECTION ( 'NONE',  ( 0.000000000000000000, 1.000000000000000000, 0.000000000000000000 ) ) ;
#1538 = DIRECTION ( 'NONE',  ( -7.279101552726930441E-16, -1.000000000000000000, 0.000000000000000000 ) ) ;
#1539 = CARTESIAN_POINT ( 'NONE',  ( -8.163325866132991493, 39.49734969922095473, 3.789473684210530102 ) ) ;
#1540 = VECTOR ( 'NONE', #4914, 1000.000000000000000 ) ;
#1541 = ORIENTED_EDGE ( 'NONE', *, *, #2585, .F. ) ;
#1542 = DIRECTION ( 'NONE',  ( 0.000000000000000000, 0.000000000000000000, 1.000000000000000000 ) ) ;
#1543 = VECTOR ( 'NONE', #5644, 1000.000000000000000 ) ;
#1544 = EDGE_CURVE ( 'NONE', #4638, #1249, #2205, .T. ) ;
#1545 = EDGE_CURVE ( 'NONE', #1359, #9669, #1632, .T. ) ;
#1546 = DIRECTION ( 'NONE',  ( 0.000000000000000000, 0.000000000000000000, -1.000000000000000000 ) ) ;
#1547 = DIRECTION ( 'NONE',  ( -1.000000000000000000, 6.938893903907270187E-15, 0.000000000000000000 ) ) ;
#1548 = ORIENTED_EDGE ( 'NONE', *, *, #7933, .T. ) ;
#1549 = CARTESIAN_POINT ( 'NONE',  ( -8.516843969807039727, 4.315000000000000391, 0.9499999999999999556 ) ) ;
#1550 = AXIS2_PLACEMENT_3D ( 'NONE', #7257, #5718, #1850 ) ;
#1552 = VERTEX_POINT ( 'NONE', #3856 ) ;
#1551 = ORIENTED_EDGE ( 'NONE', *, *, #2757, .T. ) ;
#1553 = CARTESIAN_POINT ( 'NONE',  ( -4.869548233666040282, 5.599999999999999645, -5.899999999999999467 ) ) ;
#1554 = CARTESIAN_POINT ( 'NONE',  ( 0.000000000000000000, 0.000000000000000000, -2.000000000000000000 ) ) ;
#1555 = ORIENTED_EDGE ( 'NONE', *, *, #5485, .F. ) ;
#1556 = CARTESIAN_POINT ( 'NONE',  ( 7.933315826311220675, 39.49734969922095473, -4.250000000000000000 ) ) ;
#1557 = EDGE_CURVE ( 'NONE', #9198, #4136, #5256, .T. ) ;
#1558 = VERTEX_POINT ( 'NONE', #3066 ) ;
#1559 = AXIS2_PLACEMENT_3D ( 'NONE', #517, #6353, #3530 ) ;
#1560 = DIRECTION ( 'NONE',  ( 1.000000000000000000, 0.000000000000000000, 0.000000000000000000 ) ) ;
#1561 = VERTEX_POINT ( 'NONE', #3111 ) ;
#1562 = PLANE ( 'NONE',  #2256 ) ;
#1563 = CARTESIAN_POINT ( 'NONE',  ( 0.000000000000000000, 5.000000000000000000, 0.000000000000000000 ) ) ;
#1564 = EDGE_CURVE ( 'NONE', #6806, #967, #8324, .T. ) ;
#1565 = ORIENTED_EDGE ( 'NONE', *, *, #5448, .F. ) ;
#1566 = CARTESIAN_POINT ( 'NONE',  ( -6.360817557515700216, 5.599999999999999645, -4.250000000000000000 ) ) ;
#1567 = ORIENTED_EDGE ( 'NONE', *, *, #2953, .F. ) ;
#1568 = EDGE_CURVE ( 'NONE', #5531, #4403, #62, .T. ) ;
#1569 = ORIENTED_EDGE ( 'NONE', *, *, #2032, .T. ) ;
#1570 = CARTESIAN_POINT ( 'NONE',  ( -12.14999999999999858, 5.000000000000000000, 0.000000000000000000 ) ) ;
#1571 = CARTESIAN_POINT ( 'NONE',  ( -8.516843969807059267, 4.315000000000000391, -0.9499999999999999556 ) ) ;
#1572 = CARTESIAN_POINT ( 'NONE',  ( -4.649999999999999467, 1.399999999999999911, 5.074999999999999289 ) ) ;
#1573 = LINE ( 'NONE', #5392, #4314 ) ;
#1574 = AXIS2_PLACEMENT_3D ( 'NONE', #2907, #8356, #9151 ) ;
#1575 = DIRECTION ( 'NONE',  ( 0.000000000000000000, 1.000000000000000000, 0.000000000000000000 ) ) ;
#1576 = LINE ( 'NONE', #888, #6810 ) ;
#1577 = ORIENTED_EDGE ( 'NONE', *, *, #4992, .T. ) ;
#1578 = EDGE_LOOP ( 'NONE', ( #8978, #8054, #7889, #4729 ) ) ;
#1579 = DIRECTION ( 'NONE',  ( 0.000000000000000000, 0.000000000000000000, -1.000000000000000000 ) ) ;
#1580 = VERTEX_POINT ( 'NONE', #6136 ) ;
#1581 = CIRCLE ( 'NONE', #5379, 0.5000000000000000000 ) ;
#1582 = EDGE_CURVE ( 'NONE', #3540, #2672, #4653, .T. ) ;
#1583 = VECTOR ( 'NONE', #1262, 1000.000000000000000 ) ;
#1584 = VECTOR ( 'NONE', #8983, 1000.000000000000000 ) ;
#1585 = PLANE ( 'NONE',  #7391 ) ;
#1586 = CARTESIAN_POINT ( 'NONE',  ( -8.666843969807048964, 1.600000000000000089, 2.600000000000000089 ) ) ;
#1587 = CIRCLE ( 'NONE', #1437, 0.8250000000000001776 ) ;
#1588 = FACE_OUTER_BOUND ( 'NONE', #7600, .T. ) ;
#1589 = CARTESIAN_POINT ( 'NONE',  ( -6.284114884038100257, 4.349999999999999645, 4.431714491667159805 ) ) ;
#1590 = VECTOR ( 'NONE', #3584, 1000.000000000000000 ) ;
#1591 = CARTESIAN_POINT ( 'NONE',  ( 12.14999999999999858, 39.49734969922095473, -3.500000000000000000 ) ) ;
#1592 = ORIENTED_EDGE ( 'NONE', *, *, #5838, .T. ) ;
#1593 = CARTESIAN_POINT ( 'NONE',  ( 3.116573331563765148, 2.367607994721254716, -1.220617149911500166 ) ) ;
#1594 = VECTOR ( 'NONE', #3405, 1000.000000000000114 ) ;
#1595 = AXIS2_PLACEMENT_3D ( 'NONE', #8698, #7811, #338 ) ;
#1596 = CARTESIAN_POINT ( 'NONE',  ( 7.741843969807050030, 1.600000000000000089, -3.500000000000000000 ) ) ;
#1597 = CYLINDRICAL_SURFACE ( 'NONE', #2036, 0.09999999999999939493 ) ;
#1598 = EDGE_LOOP ( 'NONE', ( #9211, #5611, #3163, #2462 ) ) ;
#1600 = AXIS2_PLACEMENT_3D ( 'NONE', #3316, #7183, #4991 ) ;
#1599 = DIRECTION ( 'NONE',  ( 0.000000000000000000, -1.000000000000000000, 0.000000000000000000 ) ) ;
#1602 = ORIENTED_EDGE ( 'NONE', *, *, #3751, .F. ) ;
#1601 = ORIENTED_EDGE ( 'NONE', *, *, #2880, .T. ) ;
#1603 = DIRECTION ( 'NONE',  ( 0.000000000000000000, -1.000000000000000000, 0.000000000000000000 ) ) ;
#1604 = CARTESIAN_POINT ( 'NONE',  ( -11.15000000000000036, 4.450000000000000178, 2.100000000000000089 ) ) ;
#1605 = ORIENTED_EDGE ( 'NONE', *, *, #198, .T. ) ;
#1606 = LINE ( 'NONE', #3091, #7944 ) ;
#1607 = DIRECTION ( 'NONE',  ( -1.000000000000000000, 0.000000000000000000, 1.257045997084641872E-16 ) ) ;
#1608 = ORIENTED_EDGE ( 'NONE', *, *, #8070, .T. ) ;
#1609 = CIRCLE ( 'NONE', #1140, 6.100000000000000533 ) ;
#1610 = EDGE_CURVE ( 'NONE', #2695, #9132, #2371, .T. ) ;
#1611 = CARTESIAN_POINT ( 'NONE',  ( -12.14999999999999858, 4.299999999999999822, -2.600000000000000089 ) ) ;
#1612 = VECTOR ( 'NONE', #9094, 1000.000000000000000 ) ;
#1613 = DIRECTION ( 'NONE',  ( 0.000000000000000000, 0.000000000000000000, -1.000000000000000000 ) ) ;
#1614 = VECTOR ( 'NONE', #639, 1000.000000000000000 ) ;
#1615 = ADVANCED_FACE ( 'NONE', ( #5201 ), #2918, .T. ) ;
#1616 = VERTEX_POINT ( 'NONE', #9765 ) ;
#1617 = CARTESIAN_POINT ( 'NONE',  ( -7.167387715921189617, 1.899999999999999911, 2.908753138060674814 ) ) ;
#1618 = ORIENTED_EDGE ( 'NONE', *, *, #329, .F. ) ;
#1619 = AXIS2_PLACEMENT_3D ( 'NONE', #2454, #3931, #8352 ) ;
#1620 = ORIENTED_EDGE ( 'NONE', *, *, #6840, .T. ) ;
#1621 = AXIS2_PLACEMENT_3D ( 'NONE', #4500, #650, #7381 ) ;
#1622 = DIRECTION ( 'NONE',  ( 0.000000000000000000, 0.000000000000000000, 1.000000000000000000 ) ) ;
#1623 = CYLINDRICAL_SURFACE ( 'NONE', #6499, 0.1000000000000002554 ) ;
#1624 = DIRECTION ( 'NONE',  ( 0.000000000000000000, -1.000000000000000000, 0.000000000000000000 ) ) ;
#1625 = CARTESIAN_POINT ( 'NONE',  ( -8.644795863390219992, 4.215124150353750210, -1.054981431264027991 ) ) ;
#1626 = DIRECTION ( 'NONE',  ( 0.000000000000000000, -1.000000000000000000, 0.000000000000000000 ) ) ;
#1627 = LINE ( 'NONE', #795, #6805 ) ;
#1628 = CARTESIAN_POINT ( 'NONE',  ( 3.899999999999999911, 5.599999999999999645, -5.637851296924620099E-16 ) ) ;
#1629 = ORIENTED_EDGE ( 'NONE', *, *, #9167, .F. ) ;
#1630 = ORIENTED_EDGE ( 'NONE', *, *, #8802, .T. ) ;
#1631 = ADVANCED_FACE ( 'NONE', ( #9016 ), #2225, .T. ) ;
#1632 = LINE ( 'NONE', #709, #4495 ) ;
#1633 = ORIENTED_EDGE ( 'NONE', *, *, #9576, .F. ) ;
#1634 = DIRECTION ( 'NONE',  ( 0.000000000000000000, 1.000000000000000000, 0.000000000000000000 ) ) ;
#1635 = LINE ( 'NONE', #6047, #8038 ) ;
#1636 = EDGE_CURVE ( 'NONE', #4762, #3977, #481, .T. ) ;
#1637 = CARTESIAN_POINT ( 'NONE',  ( -11.15000000000000036, 4.599999999999999645, 2.100000000000000089 ) ) ;
#1638 = CARTESIAN_POINT ( 'NONE',  ( -5.402777063696039939, 5.000000000000000000, -5.899999999999999467 ) ) ;
#1639 = EDGE_CURVE ( 'NONE', #2885, #6806, #1726, .T. ) ;
#1640 = CARTESIAN_POINT ( 'NONE',  ( -7.290260522564540047, 4.349999999999999645, -2.994789603513335230 ) ) ;
#1641 = ORIENTED_EDGE ( 'NONE', *, *, #4836, .F. ) ;
#1642 = DIRECTION ( 'NONE',  ( 0.000000000000000000, 0.000000000000000000, -1.000000000000000000 ) ) ;
#1643 = CARTESIAN_POINT ( 'NONE',  ( 7.741843969807050030, 4.750000000000000000, -2.000000000000000000 ) ) ;
#1644 = CYLINDRICAL_SURFACE ( 'NONE', #9322, 8.000000000000000000 ) ;
#1645 = VERTEX_POINT ( 'NONE', #156 ) ;
#1646 = EDGE_CURVE ( 'NONE', #1250, #7234, #7777, .T. ) ;
#1647 = CARTESIAN_POINT ( 'NONE',  ( 11.44999999999999929, 0.2000000000000000111, -2.000000000000000000 ) ) ;
#1649 = ORIENTED_EDGE ( 'NONE', *, *, #8632, .T. ) ;
#1648 = VERTEX_POINT ( 'NONE', #995 ) ;
#1650 = DIRECTION ( 'NONE',  ( 7.279101552726930441E-16, 1.000000000000000000, 0.000000000000000000 ) ) ;
#1651 = DIRECTION ( 'NONE',  ( -0.2588190451025246253, -0.9659258262890673130, 0.000000000000000000 ) ) ;
#1652 = EDGE_CURVE ( 'NONE', #3758, #2461, #3950, .T. ) ;
#1653 = ORIENTED_EDGE ( 'NONE', *, *, #7369, .T. ) ;
#1654 = LINE ( 'NONE', #9189, #8266 ) ;
#1655 = DIRECTION ( 'NONE',  ( 7.279101552726950162E-16, 1.000000000000000000, 0.000000000000000000 ) ) ;
#1656 = ORIENTED_EDGE ( 'NONE', *, *, #552, .F. ) ;
#1657 = LINE ( 'NONE', #7708, #1466 ) ;
#1658 = VECTOR ( 'NONE', #1066, 1000.000000000000000 ) ;
#1659 = PLANE ( 'NONE',  #6088 ) ;
#1660 = VERTEX_POINT ( 'NONE', #1217 ) ;
#1661 = CARTESIAN_POINT ( 'NONE',  ( -8.221900118789369216, 3.100000000000000089, -1.664270371162789974 ) ) ;
#1662 = LINE ( 'NONE', #1566, #173 ) ;
#1663 = ORIENTED_EDGE ( 'NONE', *, *, #7487, .T. ) ;
#1664 = VERTEX_POINT ( 'NONE', #6330 ) ;
#1665 = ADVANCED_FACE ( 'NONE', ( #5027 ), #6516, .T. ) ;
#1666 = CARTESIAN_POINT ( 'NONE',  ( -4.649999999999999467, 5.599999999999999645, -5.074999999999999289 ) ) ;
#1667 = CARTESIAN_POINT ( 'NONE',  ( -6.984701488429970517, 4.349999999999999645, 3.542219310216680128 ) ) ;
#1668 = UNCERTAINTY_MEASURE_WITH_UNIT (LENGTH_MEASURE( 1.000000000000000082E-05 ), #6702, 'distance_accuracy_value', 'NONE');
#1669 = CARTESIAN_POINT ( 'NONE',  ( 1.931937314617169887, 1.300000000000000044, 5.799999999999999822 ) ) ;
#1670 = LINE ( 'NONE', #2365, #6200 ) ;
#1671 = CARTESIAN_POINT ( 'NONE',  ( -8.666843969807040082, 4.294654577307582599, 0.9500000000000005107 ) ) ;
#1672 = FACE_OUTER_BOUND ( 'NONE', #446, .T. ) ;
#1673 = ORIENTED_EDGE ( 'NONE', *, *, #598, .F. ) ;
#1674 = ORIENTED_EDGE ( 'NONE', *, *, #2017, .T. ) ;
#1675 = DIRECTION ( 'NONE',  ( 0.000000000000000000, 0.000000000000000000, -1.000000000000000000 ) ) ;
#1676 = EDGE_LOOP ( 'NONE', ( #172, #6078, #2427, #5738, #2985, #8687, #1605 ) ) ;
#1677 = EDGE_CURVE ( 'NONE', #829, #6257, #4744, .T. ) ;
#1678 = DIRECTION ( 'NONE',  ( 0.8191520442889946851, -5.800009312744919496E-16, 0.5735764363510417185 ) ) ;
#1679 = AXIS2_PLACEMENT_3D ( 'NONE', #4606, #6786, #5259 ) ;
#1680 = CARTESIAN_POINT ( 'NONE',  ( 8.666843969807048964, 4.579128784747800829, 2.000000000000000000 ) ) ;
#1681 = EDGE_CURVE ( 'NONE', #8650, #4038, #9552, .T. ) ;
#1682 = DIRECTION ( 'NONE',  ( 0.000000000000000000, 0.000000000000000000, -1.000000000000000000 ) ) ;
#1683 = LINE ( 'NONE', #1048, #3561 ) ;
#1685 = ADVANCED_FACE ( 'NONE', ( #1041 ), #2471, .F. ) ;
#1684 = ORIENTED_EDGE ( 'NONE', *, *, #6086, .F. ) ;
#1686 = DIRECTION ( 'NONE',  ( 0.000000000000000000, 0.000000000000000000, 1.000000000000000000 ) ) ;
#1687 = VECTOR ( 'NONE', #8920, 1000.000000000000000 ) ;
#1688 = EDGE_CURVE ( 'NONE', #8525, #4275, #2753, .T. ) ;
#1689 = ADVANCED_FACE ( 'NONE', ( #208 ), #2519, .F. ) ;
#1690 = CARTESIAN_POINT ( 'NONE',  ( 11.25000000000000000, 1.500000000000000000, 2.100000000000000089 ) ) ;
#1691 = VECTOR ( 'NONE', #3119, 1000.000000000000000 ) ;
#1692 = DIRECTION ( 'NONE',  ( -9.140381358749231636E-16, -1.000000000000000000, 6.187547282348819964E-16 ) ) ;
#1693 = ORIENTED_EDGE ( 'NONE', *, *, #2206, .T. ) ;
#1694 = ADVANCED_FACE ( 'NONE', ( #8051 ), #2003, .F. ) ;
#1695 = DIRECTION ( 'NONE',  ( 1.000000000000000000, -4.248302390147255473E-15, 0.000000000000000000 ) ) ;
#1697 = ORIENTED_EDGE ( 'NONE', *, *, #622, .F. ) ;
#1696 = EDGE_LOOP ( 'NONE', ( #4520, #5409, #3046, #1510, #949, #3735 ) ) ;
#1698 = CARTESIAN_POINT ( 'NONE',  ( -11.40000000000000036, 1.500000000000000000, 2.600000000000000089 ) ) ;
#1699 = AXIS2_PLACEMENT_3D ( 'NONE', #955, #908, #1742 ) ;
#1700 = CARTESIAN_POINT ( 'NONE',  ( 11.40000000000000036, 4.349999999999999645, 2.100000000000000089 ) ) ;
#1701 = VERTEX_POINT ( 'NONE', #3310 ) ;
#1702 = CARTESIAN_POINT ( 'NONE',  ( -8.643553156550950689, 4.214911219604974946, 1.055019060678877851 ) ) ;
#1703 = STYLED_ITEM ( 'NONE', ( #8892 ), #2182 ) ;
#1704 = EDGE_CURVE ( 'NONE', #1840, #3338, #1957, .T. ) ;
#1705 = AXIS2_PLACEMENT_3D ( 'NONE', #1031, #8840, #4040 ) ;
#1706 = VECTOR ( 'NONE', #1783, 1000.000000000000000 ) ;
#1707 = PLANE ( 'NONE',  #7309 ) ;
#1708 = ORIENTED_EDGE ( 'NONE', *, *, #4816, .F. ) ;
#1709 = CARTESIAN_POINT ( 'NONE',  ( 1.982223503636745043, 1.399999999999999911, -2.600000000000000089 ) ) ;
#1710 = LINE ( 'NONE', #5804, #7991 ) ;
#1711 = ORIENTED_EDGE ( 'NONE', *, *, #3165, .F. ) ;
#1712 = CYLINDRICAL_SURFACE ( 'NONE', #1595, 0.8250000000000001776 ) ;
#1713 = ADVANCED_FACE ( 'NONE', ( #2701 ), #6280, .T. ) ;
#1714 = FACE_OUTER_BOUND ( 'NONE', #9166, .T. ) ;
#1715 = ORIENTED_EDGE ( 'NONE', *, *, #9576, .T. ) ;
#1716 = CIRCLE ( 'NONE', #5826, 8.000000000000000000 ) ;
#1717 = ORIENTED_EDGE ( 'NONE', *, *, #6272, .F. ) ;
#1718 = CARTESIAN_POINT ( 'NONE',  ( -11.15000000000000036, 4.599999999999999645, -2.100000000000000089 ) ) ;
#1719 = DIRECTION ( 'NONE',  ( 0.000000000000000000, 0.000000000000000000, -1.000000000000000000 ) ) ;
#1720 = CARTESIAN_POINT ( 'NONE',  ( 11.25000000000000000, 0.000000000000000000, 2.600000000000000089 ) ) ;
#1721 = CARTESIAN_POINT ( 'NONE',  ( 9.866843969807048254, 4.349999999999999645, 0.000000000000000000 ) ) ;
#1722 = VECTOR ( 'NONE', #4213, 1000.000000000000000 ) ;
#1723 = DIRECTION ( 'NONE',  ( -1.051347561198064613E-15, 0.000000000000000000, 1.000000000000000000 ) ) ;
#1724 = DIRECTION ( 'NONE',  ( 0.000000000000000000, -1.000000000000000000, 0.000000000000000000 ) ) ;
#1725 = ORIENTED_EDGE ( 'NONE', *, *, #8957, .T. ) ;
#1726 = LINE ( 'NONE', #5449, #6870 ) ;
#1727 = ADVANCED_FACE ( 'NONE', ( #9216 ), #4696, .F. ) ;
#1728 = EDGE_LOOP ( 'NONE', ( #9241, #8539, #5695, #7797 ) ) ;
#1729 = DIRECTION ( 'NONE',  ( 0.000000000000000000, 1.262722834753462217E-30, -1.000000000000000000 ) ) ;
#1730 = DIRECTION ( 'NONE',  ( 0.000000000000000000, 1.000000000000000000, 0.000000000000000000 ) ) ;
#1731 = DIRECTION ( 'NONE',  ( 0.000000000000000000, -1.000000000000000000, 0.000000000000000000 ) ) ;
#1732 = CARTESIAN_POINT ( 'NONE',  ( 8.516843969807048609, 1.208049832105797972, -2.000000000000000000 ) ) ;
#1733 = ADVANCED_FACE ( 'NONE', ( #4975 ), #6237, .F. ) ;
#1734 = CARTESIAN_POINT ( 'NONE',  ( -8.398879921041244145, 4.256421356237319209, 1.150000000000000577 ) ) ;
#1735 = EDGE_LOOP ( 'NONE', ( #8602, #5720, #225, #4649 ) ) ;
#1736 = VECTOR ( 'NONE', #2033, 1000.000000000000227 ) ;
#1737 = CARTESIAN_POINT ( 'NONE',  ( 3.080656100591029567, 2.118412942652245334, -0.7711353759932728646 ) ) ;
#1738 = AXIS2_PLACEMENT_3D ( 'NONE', #8066, #7967, #7080 ) ;
#1739 = CIRCLE ( 'NONE', #8575, 8.000000000000000000 ) ;
#1740 = AXIS2_PLACEMENT_3D ( 'NONE', #7964, #5592, #6276 ) ;
#1741 = DIRECTION ( 'NONE',  ( 0.000000000000000000, 0.000000000000000000, -1.000000000000000000 ) ) ;
#1742 = DIRECTION ( 'NONE',  ( 1.000000000000000000, 0.000000000000000000, 0.000000000000000000 ) ) ;
#1743 = ORIENTED_EDGE ( 'NONE', *, *, #2651, .F. ) ;
#1744 = AXIS2_PLACEMENT_3D ( 'NONE', #6012, #2252, #5277 ) ;
#1745 = CARTESIAN_POINT ( 'NONE',  ( -11.50000000000000000, 0.2500000000000109912, 1.750000000000000000 ) ) ;
#1747 = VERTEX_POINT ( 'NONE', #8199 ) ;
#1746 = VERTEX_POINT ( 'NONE', #7364 ) ;
#1748 = VECTOR ( 'NONE', #8915, 1000.000000000000000 ) ;
#1749 = CARTESIAN_POINT ( 'NONE',  ( -4.297588409752299832, 2.799999999999999822, -4.329056925054540095 ) ) ;
#1750 = DIRECTION ( 'NONE',  ( -0.7071067811865475727, 0.000000000000000000, 0.7071067811865475727 ) ) ;
#1751 = PRESENTATION_LAYER_ASSIGNMENT (  '', '', ( #1443 ) ) ;
#1752 = ORIENTED_EDGE ( 'NONE', *, *, #3871, .F. ) ;
#1753 = CARTESIAN_POINT ( 'NONE',  ( 8.216843969807047898, 1.208049832105797972, 2.000000000000000000 ) ) ;
#1754 = VECTOR ( 'NONE', #9030, 1000.000000000000000 ) ;
#1755 =( BOUNDED_CURVE ( )  B_SPLINE_CURVE ( 3, ( #5503, #1734, #4756, #7784 ),
 .UNSPECIFIED., .F., .F. ) 
 B_SPLINE_CURVE_WITH_KNOTS ( ( 4, 4 ),
 ( -7.993605777301130246E-15, 1.570796326794889897 ),
 .UNSPECIFIED. ) 
 CURVE ( )  GEOMETRIC_REPRESENTATION_ITEM ( )  RATIONAL_B_SPLINE_CURVE ( ( 1.000000000000000000, 0.8047378541243639383, 0.8047378541243639383, 1.000000000000000000 ) ) 
 REPRESENTATION_ITEM ( '' )  );
#1756 = AXIS2_PLACEMENT_3D ( 'NONE', #6271, #8461, #7864 ) ;
#1757 = DIRECTION ( 'NONE',  ( 0.000000000000000000, 0.000000000000000000, 1.000000000000000000 ) ) ;
#1758 = EDGE_CURVE ( 'NONE', #2321, #6769, #865, .T. ) ;
#1759 = EDGE_LOOP ( 'NONE', ( #5032, #4925, #2700, #7419 ) ) ;
#1760 = CARTESIAN_POINT ( 'NONE',  ( 3.166215352912754799, 2.354306455190145364, -1.220617149911500166 ) ) ;
#1761 = CARTESIAN_POINT ( 'NONE',  ( -6.360817557515700216, 5.250000000000000000, -4.250000000000000000 ) ) ;
#1762 = EDGE_LOOP ( 'NONE', ( #1117, #2253, #5726, #3160 ) ) ;
#1763 = CARTESIAN_POINT ( 'NONE',  ( 3.101510591637124836, 2.112824998617879757, -1.220617149911500166 ) ) ;
#1764 = EDGE_CURVE ( 'NONE', #5946, #82, #3644, .T. ) ;
#1765 = DIRECTION ( 'NONE',  ( 0.000000000000000000, 1.000000000000000000, 0.000000000000000000 ) ) ;
#1766 = VECTOR ( 'NONE', #9650, 1000.000000000000227 ) ;
#1767 = ORIENTED_EDGE ( 'NONE', *, *, #8454, .F. ) ;
#1768 = ORIENTED_EDGE ( 'NONE', *, *, #5622, .T. ) ;
#1769 = LINE ( 'NONE', #4786, #5729 ) ;
#1770 = CARTESIAN_POINT ( 'NONE',  ( 0.000000000000000000, 1.600000000000000089, 0.000000000000000000 ) ) ;
#1771 = ORIENTED_EDGE ( 'NONE', *, *, #1392, .T. ) ;
#1772 = DIRECTION ( 'NONE',  ( 0.000000000000000000, 0.000000000000000000, 1.000000000000000000 ) ) ;
#1773 = FACE_OUTER_BOUND ( 'NONE', #3185, .T. ) ;
#1774 = ADVANCED_FACE ( 'NONE', ( #4429 ), #5129, .T. ) ;
#1775 = DIRECTION ( 'NONE',  ( 0.000000000000000000, -1.000000000000000000, 0.000000000000000000 ) ) ;
#1776 = DIRECTION ( 'NONE',  ( 4.336808689942025625E-15, 0.000000000000000000, 1.000000000000000000 ) ) ;
#1777 = ORIENTED_EDGE ( 'NONE', *, *, #3484, .F. ) ;
#1778 = AXIS2_PLACEMENT_3D ( 'NONE', #8363, #987, #4001 ) ;
#1779 = VECTOR ( 'NONE', #1369, 1000.000000000000000 ) ;
#1780 = DIRECTION ( 'NONE',  ( 7.080503983578760436E-16, 1.000000000000000000, 5.613970875004570012E-32 ) ) ;
#1781 = ORIENTED_EDGE ( 'NONE', *, *, #8981, .T. ) ;
#1782 = CARTESIAN_POINT ( 'NONE',  ( 7.741843969807050030, 0.2000000000000000111, -2.000000000000000000 ) ) ;
#1783 = DIRECTION ( 'NONE',  ( 0.000000000000000000, 0.000000000000000000, -1.000000000000000000 ) ) ;
#1784 = DIRECTION ( 'NONE',  ( 0.9063077870366497146, 1.376764663473656365E-15, -0.4226182617406999409 ) ) ;
#1785 = CARTESIAN_POINT ( 'NONE',  ( 4.869548233666040282, 5.000000000000000000, 5.899999999999999467 ) ) ;
#1786 = CARTESIAN_POINT ( 'NONE',  ( 3.022298891394035181, 2.134049709729109789, 1.663081858315285100 ) ) ;
#1787 = PLANE ( 'NONE',  #7084 ) ;
#1788 = DIRECTION ( 'NONE',  ( -1.000000000000000000, 1.014997778497068052E-15, 0.000000000000000000 ) ) ;
#1789 = ADVANCED_FACE ( 'NONE', ( #2104 ), #2799, .F. ) ;
#1790 = DIRECTION ( 'NONE',  ( -1.000000000000000000, 0.000000000000000000, -1.819572328111074956E-16 ) ) ;
#1791 = CYLINDRICAL_SURFACE ( 'NONE', #9800, 0.6250000000000000000 ) ;
#1792 = ORIENTED_EDGE ( 'NONE', *, *, #6347, .F. ) ;
#1793 = PLANE ( 'NONE',  #2202 ) ;
#1795 = VERTEX_POINT ( 'NONE', #8253 ) ;
#1794 = ORIENTED_EDGE ( 'NONE', *, *, #1799, .T. ) ;
#1796 = CARTESIAN_POINT ( 'NONE',  ( -3.449999999999999734, 1.600000000000000089, 0.000000000000000000 ) ) ;
#1797 = DIRECTION ( 'NONE',  ( 1.000000000000000000, 0.000000000000000000, 0.000000000000000000 ) ) ;
#1798 = ORIENTED_EDGE ( 'NONE', *, *, #167, .F. ) ;
#1799 = EDGE_CURVE ( 'NONE', #8605, #9574, #9790, .T. ) ;
#1800 = DIRECTION ( 'NONE',  ( 1.000000000000000000, 0.000000000000000000, 0.000000000000000000 ) ) ;
#1801 = VECTOR ( 'NONE', #4795, 1000.000000000000000 ) ;
#1802 = ORIENTED_EDGE ( 'NONE', *, *, #9578, .T. ) ;
#1803 = EDGE_CURVE ( 'NONE', #9117, #5655, #1363, .T. ) ;
#1804 = CARTESIAN_POINT ( 'NONE',  ( 9.266843969807039727, -1.734723475976804570E-14, -2.600000000000000089 ) ) ;
#1805 = CARTESIAN_POINT ( 'NONE',  ( -8.586194509892420612, 4.215041374397820562, -1.053321804042379739 ) ) ;
#1806 = PLANE ( 'NONE',  #6883 ) ;
#1807 = EDGE_CURVE ( 'NONE', #8612, #688, #8294, .T. ) ;
#1808 = ORIENTED_EDGE ( 'NONE', *, *, #2295, .F. ) ;
#1809 = DIRECTION ( 'NONE',  ( 0.000000000000000000, 0.000000000000000000, 1.000000000000000000 ) ) ;
#1810 = ADVANCED_FACE ( 'NONE', ( #5875 ), #1021, .F. ) ;
#1811 = CARTESIAN_POINT ( 'NONE',  ( 3.899999999999999911, -7.269011204192789677, -5.485000000000000320 ) ) ;
#1812 = ADVANCED_FACE ( 'NONE', ( #5175 ), #729, .F. ) ;
#1813 = ORIENTED_EDGE ( 'NONE', *, *, #5799, .T. ) ;
#1814 = ORIENTED_EDGE ( 'NONE', *, *, #6651, .F. ) ;
#1815 = VECTOR ( 'NONE', #754, 1000.000000000000000 ) ;
#1816 = ADVANCED_FACE ( 'NONE', ( #4485, #583 ), #632, .T. ) ;
#1817 = CARTESIAN_POINT ( 'NONE',  ( -8.416843969807018766, 1.899999999999999911, 0.9499999999999999556 ) ) ;
#1818 = LINE ( 'NONE', #2562, #1288 ) ;
#1819 = EDGE_LOOP ( 'NONE', ( #5989, #3347, #3685, #5374 ) ) ;
#1820 = CARTESIAN_POINT ( 'NONE',  ( 10.65000000000000036, 4.450000000000000178, 2.600000000000000089 ) ) ;
#1821 = PLANE ( 'NONE',  #6682 ) ;
#1822 = DIRECTION ( 'NONE',  ( -1.042480528727944075E-15, -1.000000000000000000, 8.942003285949949017E-16 ) ) ;
#1823 = LINE ( 'NONE', #7076, #8879 ) ;
#1824 = ORIENTED_EDGE ( 'NONE', *, *, #6101, .T. ) ;
#1825 = AXIS2_PLACEMENT_3D ( 'NONE', #2023, #3371, #8776 ) ;
#1826 = LINE ( 'NONE', #2714, #9175 ) ;
#1827 = EDGE_LOOP ( 'NONE', ( #7363, #7675, #8254, #8175, #3638, #699, #1039, #2884 ) ) ;
#1828 = DIRECTION ( 'NONE',  ( 0.000000000000000000, 0.000000000000000000, -1.000000000000000000 ) ) ;
#1829 = FACE_BOUND ( 'NONE', #6244, .T. ) ;
#1830 = DIRECTION ( 'NONE',  ( 0.000000000000000000, 1.000000000000000000, 0.000000000000000000 ) ) ;
#1831 = CARTESIAN_POINT ( 'NONE',  ( -7.462333453469850220, 1.899999999999999911, 2.749043990226635259 ) ) ;
#1832 = CARTESIAN_POINT ( 'NONE',  ( 0.7747909210062959851, 2.891559082438539541, 2.600000000000000089 ) ) ;
#1833 = LINE ( 'NONE', #1049, #442 ) ;
#1834 = EDGE_CURVE ( 'NONE', #6629, #2138, #8946, .T. ) ;
#1835 = CARTESIAN_POINT ( 'NONE',  ( 0.000000000000000000, 5.000000000000000000, 0.000000000000000000 ) ) ;
#1836 = DIRECTION ( 'NONE',  ( 1.000000000000000000, 0.000000000000000000, 0.000000000000000000 ) ) ;
#1837 = CARTESIAN_POINT ( 'NONE',  ( 11.15000000000000036, 4.349999999999999645, -2.100000000000000089 ) ) ;
#1838 = ORIENTED_EDGE ( 'NONE', *, *, #4289, .T. ) ;
#1839 = DIRECTION ( 'NONE',  ( 1.000000000000000000, -1.084202172485510942E-15, 0.000000000000000000 ) ) ;
#1841 = ORIENTED_EDGE ( 'NONE', *, *, #6233, .T. ) ;
#1840 = VERTEX_POINT ( 'NONE', #3694 ) ;
#1842 = AXIS2_PLACEMENT_3D ( 'NONE', #3375, #6392, #8439 ) ;
#1843 = LINE ( 'NONE', #6445, #3432 ) ;
#1844 = CARTESIAN_POINT ( 'NONE',  ( -8.595332766854788531, 4.215129277476970415, 1.130953279175730186 ) ) ;
#1845 = ORIENTED_EDGE ( 'NONE', *, *, #1378, .F. ) ;
#1846 = ADVANCED_FACE ( 'NONE', ( #6713 ), #6015, .F. ) ;
#1847 = CARTESIAN_POINT ( 'NONE',  ( -10.65000000000000036, 4.599999999999999645, -2.600000000000000089 ) ) ;
#1848 = ORIENTED_EDGE ( 'NONE', *, *, #4538, .T. ) ;
#1849 = CARTESIAN_POINT ( 'NONE',  ( -11.15000000000000036, 4.599999999999999645, 2.100000000000000089 ) ) ;
#1850 = DIRECTION ( 'NONE',  ( 0.000000000000000000, 0.000000000000000000, -1.000000000000000000 ) ) ;
#1852 = VERTEX_POINT ( 'NONE', #2939 ) ;
#1851 = VERTEX_POINT ( 'NONE', #8852 ) ;
#1853 = LINE ( 'NONE', #4872, #8250 ) ;
#1854 = VECTOR ( 'NONE', #6342, 1000.000000000000000 ) ;
#1855 = EDGE_CURVE ( 'NONE', #9340, #6618, #4305, .T. ) ;
#1856 = CARTESIAN_POINT ( 'NONE',  ( -8.616843969807050030, 0.2000000000000000111, -3.500000000000000000 ) ) ;
#1857 = ORIENTED_EDGE ( 'NONE', *, *, #5963, .T. ) ;
#1858 = VERTEX_POINT ( 'NONE', #6756 ) ;
#1859 = CIRCLE ( 'NONE', #6608, 9.000000000000000000 ) ;
#1860 = CARTESIAN_POINT ( 'NONE',  ( -8.266843969807050385, 4.750000000000000000, 2.600000000000000089 ) ) ;
#1861 = LINE ( 'NONE', #5730, #2076 ) ;
#1862 = ORIENTED_EDGE ( 'NONE', *, *, #6534, .F. ) ;
#1863 = ADVANCED_FACE ( 'NONE', ( #2986 ), #7319, .F. ) ;
#1864 = CARTESIAN_POINT ( 'NONE',  ( 4.869548233666040282, 5.250000000000000000, -5.899999999999999467 ) ) ;
#1865 = DIRECTION ( 'NONE',  ( 0.000000000000000000, 0.000000000000000000, 1.000000000000000000 ) ) ;
#1866 = LINE ( 'NONE', #4881, #3170 ) ;
#1867 = CARTESIAN_POINT ( 'NONE',  ( -8.666843969807040082, 1.899999999999999911, -0.9499999999999999556 ) ) ;
#1868 = AXIS2_PLACEMENT_3D ( 'NONE', #1065, #7524, #3897 ) ;
#1869 = ORIENTED_EDGE ( 'NONE', *, *, #3056, .T. ) ;
#1870 = DIRECTION ( 'NONE',  ( -1.445602896647339903E-16, 0.000000000000000000, 1.000000000000000000 ) ) ;
#1871 = VERTEX_POINT ( 'NONE', #4572 ) ;
#1872 = VECTOR ( 'NONE', #5654, 1000.000000000000000 ) ;
#1873 = DIRECTION ( 'NONE',  ( 0.000000000000000000, 1.000000000000000000, 0.000000000000000000 ) ) ;
#1874 = CARTESIAN_POINT ( 'NONE',  ( -8.398879921041238816, 4.315000000000000391, -1.149999999999999911 ) ) ;
#1875 = DIRECTION ( 'NONE',  ( 0.000000000000000000, 0.000000000000000000, -1.000000000000000000 ) ) ;
#1876 = DIRECTION ( 'NONE',  ( -4.336808689942120288E-15, -1.000000000000000000, 1.247463392711208106E-30 ) ) ;
#1877 = FACE_OUTER_BOUND ( 'NONE', #8710, .T. ) ;
#1878 = VERTEX_POINT ( 'NONE', #5425 ) ;
#1879 = ORIENTED_EDGE ( 'NONE', *, *, #5014, .T. ) ;
#1880 = CARTESIAN_POINT ( 'NONE',  ( -4.545000000000000817, 1.399999999999999911, -0.1499999999999999944 ) ) ;
#1881 = EDGE_CURVE ( 'NONE', #9503, #8942, #3043, .T. ) ;
#1882 = DIRECTION ( 'NONE',  ( -0.5735764363510396091, 0.000000000000000000, 0.8191520442889963505 ) ) ;
#1883 = DIRECTION ( 'NONE',  ( 1.000000000000000000, 0.000000000000000000, 0.000000000000000000 ) ) ;
#1884 = DIRECTION ( 'NONE',  ( 0.000000000000000000, 1.000000000000000000, 0.000000000000000000 ) ) ;
#1885 = ORIENTED_EDGE ( 'NONE', *, *, #9445, .F. ) ;
#1886 = LINE ( 'NONE', #3424, #8841 ) ;
#1887 = VECTOR ( 'NONE', #5287, 1000.000000000000000 ) ;
#1889 = EDGE_LOOP ( 'NONE', ( #3289, #8558, #3096, #6054 ) ) ;
#1888 = EDGE_LOOP ( 'NONE', ( #5075, #5130, #9278, #3903 ) ) ;
#1890 = CYLINDRICAL_SURFACE ( 'NONE', #3907, 6.100000000000000533 ) ;
#1891 = FACE_OUTER_BOUND ( 'NONE', #6955, .T. ) ;
#1892 = ORIENTED_EDGE ( 'NONE', *, *, #3260, .T. ) ;
#1893 = AXIS2_PLACEMENT_3D ( 'NONE', #1432, #8817, #5987 ) ;
#1894 = VECTOR ( 'NONE', #5774, 1000.000000000000000 ) ;
#1895 = FACE_OUTER_BOUND ( 'NONE', #8498, .T. ) ;
#1896 = ORIENTED_EDGE ( 'NONE', *, *, #6490, .T. ) ;
#1897 = LINE ( 'NONE', #1995, #2888 ) ;
#1898 = LINE ( 'NONE', #8796, #9475 ) ;
#1900 = ORIENTED_EDGE ( 'NONE', *, *, #3241, .F. ) ;
#1899 = ORIENTED_EDGE ( 'NONE', *, *, #7515, .F. ) ;
#1901 = AXIS2_PLACEMENT_3D ( 'NONE', #936, #7575, #6230 ) ;
#1902 = DIRECTION ( 'NONE',  ( 0.000000000000000000, 0.000000000000000000, 1.000000000000000000 ) ) ;
#1903 = DIRECTION ( 'NONE',  ( 0.000000000000000000, 0.000000000000000000, -1.000000000000000000 ) ) ;
#1904 = AXIS2_PLACEMENT_3D ( 'NONE', #6703, #1251, #9683 ) ;
#1905 = ORIENTED_EDGE ( 'NONE', *, *, #1214, .F. ) ;
#1906 = EDGE_CURVE ( 'NONE', #5806, #1122, #6956, .T. ) ;
#1907 = ORIENTED_EDGE ( 'NONE', *, *, #3394, .F. ) ;
#1908 = AXIS2_PLACEMENT_3D ( 'NONE', #8848, #6458, #476 ) ;
#1909 = CARTESIAN_POINT ( 'NONE',  ( 3.348386714254389738E-15, 4.599999999999999645, -2.600000000000000089 ) ) ;
#1910 = EDGE_CURVE ( 'NONE', #5533, #8647, #2348, .T. ) ;
#1911 = ORIENTED_EDGE ( 'NONE', *, *, #4082, .F. ) ;
#1912 = DIRECTION ( 'NONE',  ( 1.000000000000000000, -4.248302390147255473E-15, 0.000000000000000000 ) ) ;
#1913 = LINE ( 'NONE', #349, #2093 ) ;
#1914 = LINE ( 'NONE', #9511, #2856 ) ;
#1915 = AXIS2_PLACEMENT_3D ( 'NONE', #147, #8611, #1032 ) ;
#1916 = LINE ( 'NONE', #4835, #9031 ) ;
#1917 = ORIENTED_EDGE ( 'NONE', *, *, #7382, .T. ) ;
#1918 = PLANE ( 'NONE',  #5052 ) ;
#1919 = ORIENTED_EDGE ( 'NONE', *, *, #2238, .F. ) ;
#1920 = DIRECTION ( 'NONE',  ( 0.000000000000000000, -1.000000000000000000, 0.000000000000000000 ) ) ;
#1921 = LINE ( 'NONE', #7831, #7088 ) ;
#1922 = CARTESIAN_POINT ( 'NONE',  ( 8.666843969807048964, 0.2000000000000000111, 2.600000000000000089 ) ) ;
#1923 = AXIS2_PLACEMENT_3D ( 'NONE', #8806, #440, #2008 ) ;
#1924 = EDGE_CURVE ( 'NONE', #9503, #89, #5097, .T. ) ;
#1925 = CARTESIAN_POINT ( 'NONE',  ( 7.741843969807050030, 1.600000000000000089, 3.500000000000000000 ) ) ;
#1926 = AXIS2_PLACEMENT_3D ( 'NONE', #8545, #7802, #277 ) ;
#1927 = DIRECTION ( 'NONE',  ( 1.000000000000000000, 0.000000000000000000, 0.000000000000000000 ) ) ;
#1928 = ORIENTED_EDGE ( 'NONE', *, *, #892, .T. ) ;
#1929 = AXIS2_PLACEMENT_3D ( 'NONE', #1721, #3008, #6036 ) ;
#1930 = ORIENTED_EDGE ( 'NONE', *, *, #1980, .T. ) ;
#1931 = LINE ( 'NONE', #8676, #1854 ) ;
#1932 = EDGE_CURVE ( 'NONE', #615, #5187, #5370, .T. ) ;
#1933 = CARTESIAN_POINT ( 'NONE',  ( 8.616843969807041148, 1.600000000000000089, 3.500000000000000000 ) ) ;
#1934 = AXIS2_PLACEMENT_3D ( 'NONE', #3094, #3983, #4777 ) ;
#1935 = CIRCLE ( 'NONE', #1001, 0.4500000000000000111 ) ;
#1936 = EDGE_CURVE ( 'NONE', #634, #7703, #1654, .T. ) ;
#1937 = CARTESIAN_POINT ( 'NONE',  ( 3.449999999999999734, -7.269011204192789677, 4.100000000000000533 ) ) ;
#1938 = EDGE_CURVE ( 'NONE', #6629, #1648, #6907, .T. ) ;
#1939 = LINE ( 'NONE', #2627, #1872 ) ;
#1940 = CARTESIAN_POINT ( 'NONE',  ( -8.621631980879289614, 4.216094314104419816, -1.093394109087749921 ) ) ;
#1941 = EDGE_LOOP ( 'NONE', ( #1238, #139, #5022, #418 ) ) ;
#1943 = VERTEX_POINT ( 'NONE', #6067 ) ;
#1942 = VERTEX_POINT ( 'NONE', #2401 ) ;
#1944 = DIRECTION ( 'NONE',  ( -1.000000000000000000, 0.000000000000000000, 1.245080223897341930E-16 ) ) ;
#1945 = LINE ( 'NONE', #424, #503 ) ;
#1946 = VERTEX_POINT ( 'NONE', #1702 ) ;
#1947 = LINE ( 'NONE', #7995, #6800 ) ;
#1948 = ORIENTED_EDGE ( 'NONE', *, *, #2212, .F. ) ;
#1949 = DIRECTION ( 'NONE',  ( -2.386447251697950186E-15, 1.000000000000000000, -4.419400650795435930E-15 ) ) ;
#1950 = LINE ( 'NONE', #6508, #6775 ) ;
#1951 = ADVANCED_FACE ( 'NONE', ( #7656 ), #131, .F. ) ;
#1953 = ORIENTED_EDGE ( 'NONE', *, *, #8884, .T. ) ;
#1952 = ORIENTED_EDGE ( 'NONE', *, *, #4892, .F. ) ;
#1954 = DIRECTION ( 'NONE',  ( 0.000000000000000000, 0.000000000000000000, 1.000000000000000000 ) ) ;
#1955 = FACE_OUTER_BOUND ( 'NONE', #5346, .T. ) ;
#1956 = ORIENTED_EDGE ( 'NONE', *, *, #95, .T. ) ;
#1957 = LINE ( 'NONE', #256, #8773 ) ;
#1958 = ORIENTED_EDGE ( 'NONE', *, *, #7615, .F. ) ;
#1959 = AXIS2_PLACEMENT_3D ( 'NONE', #8472, #7727, #7265 ) ;
#1960 = CARTESIAN_POINT ( 'NONE',  ( 4.869548233666040282, 5.599999999999999645, -5.899999999999999467 ) ) ;
#1961 = ORIENTED_EDGE ( 'NONE', *, *, #3859, .T. ) ;
#1962 = CARTESIAN_POINT ( 'NONE',  ( 0.000000000000000000, 39.49734969922095473, 0.000000000000000000 ) ) ;
#1963 = DIRECTION ( 'NONE',  ( 0.000000000000000000, 1.000000000000000000, 0.000000000000000000 ) ) ;
#1964 = CARTESIAN_POINT ( 'NONE',  ( 4.869548233666040282, 0.2000000000000000111, 5.899999999999999467 ) ) ;
#1965 = CARTESIAN_POINT ( 'NONE',  ( -4.649999999999999467, 1.600000000000000089, 5.899999999999999467 ) ) ;
#1966 = ORIENTED_EDGE ( 'NONE', *, *, #7487, .F. ) ;
#1967 = LINE ( 'NONE', #4986, #2988 ) ;
#1968 = EDGE_CURVE ( 'NONE', #6635, #2506, #1606, .T. ) ;
#1969 = ORIENTED_EDGE ( 'NONE', *, *, #8653, .T. ) ;
#1970 = ADVANCED_FACE ( 'NONE', ( #9237 ), #230, .F. ) ;
#1971 = DIRECTION ( 'NONE',  ( -0.04361938736532885996, -0.9990482215818581313, 0.000000000000000000 ) ) ;
#1972 = DIRECTION ( 'NONE',  ( -6.402506392190970089E-16, -1.000000000000000000, 3.161554690747689527E-17 ) ) ;
#1973 = LINE ( 'NONE', #3517, #8891 ) ;
#1974 = FACE_OUTER_BOUND ( 'NONE', #9226, .T. ) ;
#1975 = CIRCLE ( 'NONE', #8471, 0.2999999999999997113 ) ;
#1976 = CARTESIAN_POINT ( 'NONE',  ( -11.25000000000000000, 4.349999999999999645, 2.600000000000000089 ) ) ;
#1977 = EDGE_LOOP ( 'NONE', ( #8078, #9248, #1013, #7715 ) ) ;
#1978 = ORIENTED_EDGE ( 'NONE', *, *, #7562, .T. ) ;
#1979 = CARTESIAN_POINT ( 'NONE',  ( 0.8974149708104530720, 2.703410640259370279, -0.8797033309551619551 ) ) ;
#1980 = EDGE_CURVE ( 'NONE', #3611, #3445, #5050, .T. ) ;
#1981 = DIRECTION ( 'NONE',  ( -1.000000000000000000, 0.000000000000000000, 0.000000000000000000 ) ) ;
#1982 = CARTESIAN_POINT ( 'NONE',  ( 9.866843969807048254, 4.700000000000000178, 0.000000000000000000 ) ) ;
#1983 = EDGE_CURVE ( 'NONE', #4049, #2343, #7002, .T. ) ;
#1984 = DIRECTION ( 'NONE',  ( -3.418932681442830040E-47, -3.153408808990849610E-32, -1.000000000000000000 ) ) ;
#1985 = DIRECTION ( 'NONE',  ( 0.000000000000000000, 0.000000000000000000, 1.000000000000000000 ) ) ;
#1986 = ORIENTED_EDGE ( 'NONE', *, *, #3625, .T. ) ;
#1988 = EDGE_LOOP ( 'NONE', ( #3737, #6707, #834, #5944, #6647, #4152, #3480 ) ) ;
#1987 = ORIENTED_EDGE ( 'NONE', *, *, #2654, .T. ) ;
#1989 = EDGE_CURVE ( 'NONE', #8098, #9643, #3237, .T. ) ;
#1990 = DIRECTION ( 'NONE',  ( 0.7071067811865470176, 0.000000000000000000, 0.7071067811865480168 ) ) ;
#1991 = ORIENTED_EDGE ( 'NONE', *, *, #7335, .T. ) ;
#1992 = ADVANCED_FACE ( 'NONE', ( #6258 ), #3785, .F. ) ;
#1993 = CARTESIAN_POINT ( 'NONE',  ( 4.649999999999999467, 0.2000000000000000111, 5.074999999999999289 ) ) ;
#1994 = ORIENTED_EDGE ( 'NONE', *, *, #5910, .T. ) ;
#1995 = CARTESIAN_POINT ( 'NONE',  ( -3.449999999999999734, 1.399999999999999911, 0.000000000000000000 ) ) ;
#1996 = FACE_OUTER_BOUND ( 'NONE', #1127, .T. ) ;
#1997 = CIRCLE ( 'NONE', #430, 2.500000000000000000 ) ;
#1999 = ORIENTED_EDGE ( 'NONE', *, *, #7642, .F. ) ;
#1998 = VERTEX_POINT ( 'NONE', #5322 ) ;
#2000 = PLANE ( 'NONE',  #6971 ) ;
#2001 = ORIENTED_EDGE ( 'NONE', *, *, #3353, .F. ) ;
#2002 = EDGE_CURVE ( 'NONE', #4908, #8223, #6212, .T. ) ;
#2003 = CYLINDRICAL_SURFACE ( 'NONE', #3226, 7.649999999999999467 ) ;
#2004 = EDGE_LOOP ( 'NONE', ( #7906, #961, #1360, #8805 ) ) ;
#2005 = AXIS2_PLACEMENT_3D ( 'NONE', #3753, #7476, #4352 ) ;
#2006 = PLANE ( 'NONE',  #9682 ) ;
#2007 = VERTEX_POINT ( 'NONE', #8301 ) ;
#2008 = DIRECTION ( 'NONE',  ( 0.000000000000000000, 1.000000000000000000, 0.000000000000000000 ) ) ;
#2009 = EDGE_CURVE ( 'NONE', #2400, #1122, #4931, .T. ) ;
#2010 = CARTESIAN_POINT ( 'NONE',  ( 8.466843969807069215, 0.2000000000000000111, 2.600000000000000089 ) ) ;
#2011 = CARTESIAN_POINT ( 'NONE',  ( -11.25000000000000000, 1.427973593029687866E-14, 2.600000000000000089 ) ) ;
#2012 = PLANE ( 'NONE',  #8733 ) ;
#2013 = VERTEX_POINT ( 'NONE', #9138 ) ;
#2014 = DIRECTION ( 'NONE',  ( 1.000000000000000000, 0.000000000000000000, 0.000000000000000000 ) ) ;
#2015 = VECTOR ( 'NONE', #8375, 1000.000000000000000 ) ;
#2016 = ORIENTED_EDGE ( 'NONE', *, *, #5846, .F. ) ;
#2017 = EDGE_CURVE ( 'NONE', #6934, #6716, #681, .T. ) ;
#2018 = DIRECTION ( 'NONE',  ( 0.000000000000000000, 0.7071067811865425767, 0.7071067811865525687 ) ) ;
#2020 = CARTESIAN_POINT ( 'NONE',  ( 1.931937314617169887, 1.300000000000000044, 5.799999999999999822 ) ) ;
#2019 = AXIS2_PLACEMENT_3D ( 'NONE', #386, #4970, #2692 ) ;
#2021 = DIRECTION ( 'NONE',  ( 0.000000000000000000, 0.000000000000000000, -1.000000000000000000 ) ) ;
#2022 = DIRECTION ( 'NONE',  ( 0.000000000000000000, 0.000000000000000000, -1.000000000000000000 ) ) ;
#2023 = CARTESIAN_POINT ( 'NONE',  ( 7.741843969807069570, -1.647987302177964846E-14, -7.834142447702459935E-14 ) ) ;
#2024 = ORIENTED_EDGE ( 'NONE', *, *, #165, .F. ) ;
#2025 = EDGE_CURVE ( 'NONE', #3329, #5624, #6303, .T. ) ;
#2026 = ADVANCED_FACE ( 'NONE', ( #7057 ), #4026, .F. ) ;
#2027 = ORIENTED_EDGE ( 'NONE', *, *, #5273, .F. ) ;
#2028 = CARTESIAN_POINT ( 'NONE',  ( -8.100226182487579862, 3.012132034355975208, 1.838038760764659996 ) ) ;
#2029 = CIRCLE ( 'NONE', #2019, 0.5000000000000004441 ) ;
#2030 = PLANE ( 'NONE',  #8964 ) ;
#2031 = CARTESIAN_POINT ( 'NONE',  ( -11.44999999999999929, 0.2000000000000000111, -2.600000000000000089 ) ) ;
#2032 = EDGE_CURVE ( 'NONE', #2749, #2171, #1018, .T. ) ;
#2033 = DIRECTION ( 'NONE',  ( 0.2588190451025245697, 0.9659258262890672020, 0.000000000000000000 ) ) ;
#2034 = FACE_OUTER_BOUND ( 'NONE', #3914, .T. ) ;
#2035 = ORIENTED_EDGE ( 'NONE', *, *, #6293, .T. ) ;
#2036 = AXIS2_PLACEMENT_3D ( 'NONE', #7741, #6796, #28 ) ;
#2038 = VERTEX_POINT ( 'NONE', #985 ) ;
#2037 = VERTEX_POINT ( 'NONE', #9250 ) ;
#2039 =( LENGTH_UNIT ( ) NAMED_UNIT ( * ) SI_UNIT ( .MILLI., .METRE. ) );
#2040 = FACE_OUTER_BOUND ( 'NONE', #9722, .T. ) ;
#2041 = CARTESIAN_POINT ( 'NONE',  ( -12.14999999999999858, 4.299999999999999822, 2.600000000000000089 ) ) ;
#2042 = CARTESIAN_POINT ( 'NONE',  ( -8.643553156550950689, 4.214911219604974946, 1.055019060678877851 ) ) ;
#2043 = VERTEX_POINT ( 'NONE', #1718 ) ;
#2044 = AXIS2_PLACEMENT_3D ( 'NONE', #8209, #6722, #736 ) ;
#2045 = CARTESIAN_POINT ( 'NONE',  ( 8.672317478380978883, 4.385166896276275317, -2.000060115710446951 ) ) ;
#2046 = FACE_OUTER_BOUND ( 'NONE', #8634, .T. ) ;
#2048 = ORIENTED_EDGE ( 'NONE', *, *, #7079, .T. ) ;
#2047 = ORIENTED_EDGE ( 'NONE', *, *, #9613, .T. ) ;
#2049 = SURFACE_SIDE_STYLE ('',( #534 ) ) ;
#2050 = LINE ( 'NONE', #2751, #7596 ) ;
#2051 = VECTOR ( 'NONE', #3476, 1000.000000000000000 ) ;
#2052 = ORIENTED_EDGE ( 'NONE', *, *, #3014, .T. ) ;
#2053 = DIRECTION ( 'NONE',  ( 0.000000000000000000, 0.000000000000000000, 1.000000000000000000 ) ) ;
#2054 = VECTOR ( 'NONE', #4973, 1000.000000000000000 ) ;
#2055 = ORIENTED_EDGE ( 'NONE', *, *, #944, .T. ) ;
#2056 = EDGE_CURVE ( 'NONE', #4033, #8543, #3999, .T. ) ;
#2057 = AXIS2_PLACEMENT_3D ( 'NONE', #6909, #4630, #8548 ) ;
#2058 = DIRECTION ( 'NONE',  ( -8.850629979473498616E-17, 6.442463442619710214E-32, -1.000000000000000000 ) ) ;
#2059 = ORIENTED_EDGE ( 'NONE', *, *, #7428, .T. ) ;
#2060 = ADVANCED_FACE ( 'NONE', ( #931 ), #882, .F. ) ;
#2061 = CIRCLE ( 'NONE', #6013, 9.000000000000000000 ) ;
#2062 = CARTESIAN_POINT ( 'NONE',  ( 0.000000000000000000, 0.2000000000000000111, 0.000000000000000000 ) ) ;
#2063 = EDGE_CURVE ( 'NONE', #8543, #1410, #4589, .T. ) ;
#2064 = FACE_OUTER_BOUND ( 'NONE', #7548, .T. ) ;
#2065 = CARTESIAN_POINT ( 'NONE',  ( -4.649999999999999467, 0.2000000000000000111, 5.074999999999999289 ) ) ;
#2066 = CARTESIAN_POINT ( 'NONE',  ( -3.899999999999999911, 1.600000000000000089, -7.250000000000000000 ) ) ;
#2067 = EDGE_LOOP ( 'NONE', ( #3723, #6135, #3823, #6111 ) ) ;
#2068 = CARTESIAN_POINT ( 'NONE',  ( -12.14999999999999858, 39.49734969922095473, -3.500000000000000000 ) ) ;
#2069 = VECTOR ( 'NONE', #3605, 1000.000000000000000 ) ;
#2070 = ORIENTED_EDGE ( 'NONE', *, *, #9628, .T. ) ;
#2071 = ORIENTED_EDGE ( 'NONE', *, *, #6192, .F. ) ;
#2072 = VECTOR ( 'NONE', #5035, 1000.000000000000000 ) ;
#2073 = VECTOR ( 'NONE', #1386, 1000.000000000000000 ) ;
#2074 = EDGE_CURVE ( 'NONE', #5162, #2227, #841, .T. ) ;
#2075 = CARTESIAN_POINT ( 'NONE',  ( -6.892847126266079982, 1.899999999999999911, -3.384271388083250454 ) ) ;
#2076 = VECTOR ( 'NONE', #8655, 1000.000000000000000 ) ;
#2077 = DIRECTION ( 'NONE',  ( 0.000000000000000000, 0.000000000000000000, 1.000000000000000000 ) ) ;
#2078 = DIRECTION ( 'NONE',  ( 0.000000000000000000, -1.000000000000000000, 0.000000000000000000 ) ) ;
#2079 = DIRECTION ( 'NONE',  ( -0.2588190451025246253, -0.9659258262890674240, 0.000000000000000000 ) ) ;
#2080 = CARTESIAN_POINT ( 'NONE',  ( -3.819999999999999840, 1.300000000000000044, -0.1499999999999999944 ) ) ;
#2081 = VERTEX_POINT ( 'NONE', #3894 ) ;
#2082 = ORIENTED_EDGE ( 'NONE', *, *, #4839, .F. ) ;
#2083 = DIRECTION ( 'NONE',  ( 1.269309860470833935E-15, 1.000000000000000000, 0.000000000000000000 ) ) ;
#2084 = DIRECTION ( 'NONE',  ( -0.000000000000000000, 1.000000000000000000, 0.000000000000000000 ) ) ;
#2085 = DIRECTION ( 'NONE',  ( -1.000000000000000000, 0.000000000000000000, 0.000000000000000000 ) ) ;
#2086 = DIRECTION ( 'NONE',  ( 1.000000000000000000, 0.000000000000000000, 0.000000000000000000 ) ) ;
#2087 = DIRECTION ( 'NONE',  ( -1.000000000000000000, -3.738628180984494542E-17, 4.187263562702635366E-15 ) ) ;
#2088 = ORIENTED_EDGE ( 'NONE', *, *, #5582, .F. ) ;
#2090 = ORIENTED_EDGE ( 'NONE', *, *, #8680, .T. ) ;
#2089 = VERTEX_POINT ( 'NONE', #7623 ) ;
#2091 = CARTESIAN_POINT ( 'NONE',  ( -8.616843969807041148, 0.2000000000000000111, 3.500000000000000000 ) ) ;
#2092 = VECTOR ( 'NONE', #1624, 1000.000000000000000 ) ;
#2093 = VECTOR ( 'NONE', #1129, 1000.000000000000000 ) ;
#2094 = EDGE_CURVE ( 'NONE', #8347, #8939, #3101, .T. ) ;
#2095 = DIRECTION ( 'NONE',  ( 8.126440309927511092E-15, -1.000000000000000000, 2.642667099798060025E-16 ) ) ;
#2096 = DIRECTION ( 'NONE',  ( 0.000000000000000000, 0.000000000000000000, 1.000000000000000000 ) ) ;
#2097 = ORIENTED_EDGE ( 'NONE', *, *, #5009, .T. ) ;
#2098 = CARTESIAN_POINT ( 'NONE',  ( -2.795000000000000373, 1.300000000000000044, 0.1499999999999999944 ) ) ;
#2100 = VERTEX_POINT ( 'NONE', #6977 ) ;
#2099 = ORIENTED_EDGE ( 'NONE', *, *, #8664, .T. ) ;
#2101 = SURFACE_STYLE_FILL_AREA ( #6053 ) ;
#2102 = DIRECTION ( 'NONE',  ( 0.9659258262890672020, -0.2588190451025245697, 0.000000000000000000 ) ) ;
#2103 = ORIENTED_EDGE ( 'NONE', *, *, #2636, .T. ) ;
#2104 = FACE_OUTER_BOUND ( 'NONE', #7226, .T. ) ;
#2105 = ORIENTED_EDGE ( 'NONE', *, *, #4396, .T. ) ;
#2106 = EDGE_CURVE ( 'NONE', #9412, #6611, #9107, .T. ) ;
#2107 = DIRECTION ( 'NONE',  ( 0.000000000000000000, 1.000000000000000000, 0.000000000000000000 ) ) ;
#2108 = EDGE_LOOP ( 'NONE', ( #1061, #5762, #9527, #421 ) ) ;
#2109 = ADVANCED_FACE ( 'NONE', ( #6874 ), #6922, .F. ) ;
#2110 = LINE ( 'NONE', #4489, #998 ) ;
#2111 = DIRECTION ( 'NONE',  ( -1.000000000000000000, 0.000000000000000000, 0.000000000000000000 ) ) ;
#2112 = EDGE_CURVE ( 'NONE', #929, #7890, #4685, .T. ) ;
#2113 = ADVANCED_FACE ( 'NONE', ( #7717 ), #4735, .F. ) ;
#2114 = DIRECTION ( 'NONE',  ( 0.4226182617407006625, -2.992350285788160149E-16, -0.9063077870366493816 ) ) ;
#2115 = CARTESIAN_POINT ( 'NONE',  ( 9.866843969807041148, -1.734723475976804570E-14, 0.000000000000000000 ) ) ;
#2116 = FACE_OUTER_BOUND ( 'NONE', #6881, .T. ) ;
#2117 = ORIENTED_EDGE ( 'NONE', *, *, #1475, .F. ) ;
#2118 = EDGE_LOOP ( 'NONE', ( #6834, #7025, #1458, #3498 ) ) ;
#2119 = ADVANCED_FACE ( 'NONE', ( #199 ), #3801, .T. ) ;
#2120 = ADVANCED_FACE ( 'NONE', ( #5438 ), #8562, .F. ) ;
#2121 = DIRECTION ( 'NONE',  ( 1.000000000000000000, 0.000000000000000000, 0.000000000000000000 ) ) ;
#2122 = DIRECTION ( 'NONE',  ( -9.902693161956209595E-15, 1.000000000000000000, -9.794789267760720981E-16 ) ) ;
#2123 = AXIS2_PLACEMENT_3D ( 'NONE', #9721, #5945, #7530 ) ;
#2124 = CARTESIAN_POINT ( 'NONE',  ( 11.50000000000000000, -1.893750185389399673E-14, 1.750000000000000000 ) ) ;
#2125 = DIRECTION ( 'NONE',  ( 0.000000000000000000, -1.000000000000000000, 0.000000000000000000 ) ) ;
#2126 = LINE ( 'NONE', #1628, #3491 ) ;
#2127 = ORIENTED_EDGE ( 'NONE', *, *, #9167, .T. ) ;
#2128 = VERTEX_POINT ( 'NONE', #8460 ) ;
#2129 = DIRECTION ( 'NONE',  ( 7.279101552726930441E-16, 1.000000000000000000, 0.000000000000000000 ) ) ;
#2130 = CARTESIAN_POINT ( 'NONE',  ( -8.398879921041238816, 4.315000000000000391, -1.149999999999999911 ) ) ;
#2131 = VECTOR ( 'NONE', #6739, 1000.000000000000000 ) ;
#2132 = CARTESIAN_POINT ( 'NONE',  ( -8.221900118789369216, 2.799999999999999822, -1.664270371162789974 ) ) ;
#2133 = CARTESIAN_POINT ( 'NONE',  ( 9.866843969807048254, 4.599999999999999645, 0.000000000000000000 ) ) ;
#2134 = PLANE ( 'NONE',  #6725 ) ;
#2135 = EDGE_CURVE ( 'NONE', #5953, #6104, #2361, .T. ) ;
#2136 = ORIENTED_EDGE ( 'NONE', *, *, #5200, .F. ) ;
#2138 = VERTEX_POINT ( 'NONE', #8412 ) ;
#2137 = ORIENTED_EDGE ( 'NONE', *, *, #9238, .T. ) ;
#2139 = SHAPE_DEFINITION_REPRESENTATION ( #6321, #2182 ) ;
#2140 = CARTESIAN_POINT ( 'NONE',  ( 8.666843969807040082, -1.647987302177964846E-14, 2.000000000000000000 ) ) ;
#2141 = VECTOR ( 'NONE', #4312, 1000.000000000000000 ) ;
#2142 = DIRECTION ( 'NONE',  ( -1.000000000000000000, 1.269309860470833935E-15, 0.000000000000000000 ) ) ;
#2143 = PLANE ( 'NONE',  #2376 ) ;
#2144 = ORIENTED_EDGE ( 'NONE', *, *, #1910, .F. ) ;
#2145 = FACE_OUTER_BOUND ( 'NONE', #5585, .T. ) ;
#2147 = ORIENTED_EDGE ( 'NONE', *, *, #4511, .F. ) ;
#2146 = ORIENTED_EDGE ( 'NONE', *, *, #2651, .T. ) ;
#2148 = EDGE_CURVE ( 'NONE', #5999, #9295, #1769, .T. ) ;
#2149 = DIRECTION ( 'NONE',  ( 0.000000000000000000, 0.000000000000000000, -1.000000000000000000 ) ) ;
#2150 = ORIENTED_EDGE ( 'NONE', *, *, #6965, .T. ) ;
#2151 = DIRECTION ( 'NONE',  ( 1.000000000000000000, 0.000000000000000000, 0.000000000000000000 ) ) ;
#2152 = ORIENTED_EDGE ( 'NONE', *, *, #9439, .T. ) ;
#2153 = AXIS2_PLACEMENT_3D ( 'NONE', #4317, #1981, #8734 ) ;
#2154 = CARTESIAN_POINT ( 'NONE',  ( 11.25000000000000000, 0.2500000000000000000, 2.600000000000000089 ) ) ;
#2155 = VERTEX_POINT ( 'NONE', #8505 ) ;
#2156 = CARTESIAN_POINT ( 'NONE',  ( -3.579641614592410193E-15, -1.040834085586083941E-14, -2.100000000000000089 ) ) ;
#2157 = DIRECTION ( 'NONE',  ( -1.000000000000000000, 6.865669155586289856E-16, 0.000000000000000000 ) ) ;
#2158 = ADVANCED_FACE ( 'NONE', ( #6826, #7767 ), #54, .T. ) ;
#2159 = CARTESIAN_POINT ( 'NONE',  ( 8.666843969807048964, 4.349999999999999645, -2.600000000000000089 ) ) ;
#2160 = CARTESIAN_POINT ( 'NONE',  ( 0.000000000000000000, 1.399999999999999911, 0.8750000000000000000 ) ) ;
#2161 = CARTESIAN_POINT ( 'NONE',  ( 0.000000000000000000, 1.399999999999999911, 0.000000000000000000 ) ) ;
#2162 = AXIS2_PLACEMENT_3D ( 'NONE', #9614, #5743, #2666 ) ;
#2163 = EDGE_LOOP ( 'NONE', ( #1255, #7521, #2396, #2048, #4189, #7214, #431, #6153, #8993, #8265 ) ) ;
#2164 = VERTEX_POINT ( 'NONE', #8895 ) ;
#2165 = VECTOR ( 'NONE', #9089, 1000.000000000000000 ) ;
#2166 = FACE_OUTER_BOUND ( 'NONE', #1759, .T. ) ;
#2167 = LINE ( 'NONE', #6777, #3527 ) ;
#2168 = DIRECTION ( 'NONE',  ( 0.000000000000000000, 0.000000000000000000, -1.000000000000000000 ) ) ;
#2169 = DIRECTION ( 'NONE',  ( 2.920558888920692021E-15, -0.7071067811865525687, 0.7071067811865424657 ) ) ;
#2170 = ORIENTED_EDGE ( 'NONE', *, *, #7787, .T. ) ;
#2171 = VERTEX_POINT ( 'NONE', #6656 ) ;
#2172 = CARTESIAN_POINT ( 'NONE',  ( -11.15000000000000036, 4.349999999999999645, 2.600000000000000089 ) ) ;
#2173 = ORIENTED_EDGE ( 'NONE', *, *, #9354, .T. ) ;
#2174 = EDGE_CURVE ( 'NONE', #2128, #8357, #3538, .T. ) ;
#2175 = VECTOR ( 'NONE', #7693, 1000.000000000000000 ) ;
#2176 = VECTOR ( 'NONE', #2326, 1000.000000000000000 ) ;
#2177 = DIRECTION ( 'NONE',  ( 0.000000000000000000, -1.000000000000000000, 0.000000000000000000 ) ) ;
#2178 = DIRECTION ( 'NONE',  ( -0.9659258262890674240, 0.2588190451025237371, 0.000000000000000000 ) ) ;
#2179 = DIRECTION ( 'NONE',  ( 0.000000000000000000, 0.000000000000000000, 1.000000000000000000 ) ) ;
#2180 = CARTESIAN_POINT ( 'NONE',  ( 9.866843969807048254, 4.450000000000000178, 0.000000000000000000 ) ) ;
#2181 = ADVANCED_FACE ( 'NONE', ( #2891 ), #7308, .T. ) ;
#2182 = ADVANCED_BREP_SHAPE_REPRESENTATION ( 'SMTU1632-LF', ( #9285, #9270, #9108, #4550 ), #9462 ) ;
#2184 = EDGE_LOOP ( 'NONE', ( #176, #7413, #1771, #3213 ) ) ;
#2183 = VERTEX_POINT ( 'NONE', #5586 ) ;
#2185 = DIRECTION ( 'NONE',  ( 0.000000000000000000, 0.000000000000000000, 1.000000000000000000 ) ) ;
#2186 = DIRECTION ( 'NONE',  ( 0.5735764363510417185, 0.000000000000000000, 0.8191520442889947962 ) ) ;
#2187 = LINE ( 'NONE', #6058, #7875 ) ;
#2188 = FACE_OUTER_BOUND ( 'NONE', #4515, .T. ) ;
#2189 = ORIENTED_EDGE ( 'NONE', *, *, #3566, .T. ) ;
#2190 = CIRCLE ( 'NONE', #4875, 0.6250000000000000000 ) ;
#2191 = CARTESIAN_POINT ( 'NONE',  ( 7.741843969807069570, 4.750000000000000000, 2.000000000000000000 ) ) ;
#2193 = ORIENTED_EDGE ( 'NONE', *, *, #9298, .F. ) ;
#2192 = ORIENTED_EDGE ( 'NONE', *, *, #19, .F. ) ;
#2194 = DIRECTION ( 'NONE',  ( 7.279101552726930441E-16, 1.000000000000000000, 0.000000000000000000 ) ) ;
#2195 = VERTEX_POINT ( 'NONE', #1860 ) ;
#2196 = DIRECTION ( 'NONE',  ( 1.000000000000000000, 4.047688110612550150E-15, 1.416690838714392513E-14 ) ) ;
#2197 = ORIENTED_EDGE ( 'NONE', *, *, #263, .F. ) ;
#2198 = CARTESIAN_POINT ( 'NONE',  ( 0.000000000000000000, 0.000000000000000000, 2.600000000000000089 ) ) ;
#2199 = ORIENTED_EDGE ( 'NONE', *, *, #2994, .T. ) ;
#2200 = LINE ( 'NONE', #7420, #6205 ) ;
#2201 = FACE_OUTER_BOUND ( 'NONE', #4874, .T. ) ;
#2202 = AXIS2_PLACEMENT_3D ( 'NONE', #5656, #1102, #4215 ) ;
#2203 = CARTESIAN_POINT ( 'NONE',  ( 1.073876437509463904E-14, 4.750000000000000000, 2.600000000000035172 ) ) ;
#2204 = CARTESIAN_POINT ( 'NONE',  ( 0.000000000000000000, 1.600000000000000089, 0.000000000000000000 ) ) ;
#2205 = B_SPLINE_CURVE_WITH_KNOTS ( 'NONE', 3,
 ( #4651, #850, #893, #9072 ),
 .UNSPECIFIED., .F., .F.,
 ( 4, 4 ),
 ( 0.000000000000000000, 1.000000000000000000 ),
 .UNSPECIFIED. ) ;
#2206 = EDGE_CURVE ( 'NONE', #7913, #5154, #7354, .T. ) ;
#2207 = DIRECTION ( 'NONE',  ( 0.000000000000000000, 0.000000000000000000, 1.000000000000000000 ) ) ;
#2208 = AXIS2_PLACEMENT_3D ( 'NONE', #3363, #4149, #402 ) ;
#2209 = ORIENTED_EDGE ( 'NONE', *, *, #2834, .F. ) ;
#2210 = AXIS2_PLACEMENT_3D ( 'NONE', #1062, #470, #7894 ) ;
#2211 = ORIENTED_EDGE ( 'NONE', *, *, #4249, .T. ) ;
#2212 = EDGE_CURVE ( 'NONE', #6615, #4539, #623, .T. ) ;
#2213 = EDGE_CURVE ( 'NONE', #1326, #3540, #8610, .T. ) ;
#2214 = AXIS2_PLACEMENT_3D ( 'NONE', #3604, #2114, #2946 ) ;
#2215 = CIRCLE ( 'NONE', #5061, 0.2999999999999999334 ) ;
#2216 = CARTESIAN_POINT ( 'NONE',  ( 7.741843969807069570, 4.750000000000000000, 2.000000000000000000 ) ) ;
#2217 = DIRECTION ( 'NONE',  ( -1.000000000000000000, 7.279101552726930441E-16, 0.000000000000000000 ) ) ;
#2218 = DIRECTION ( 'NONE',  ( 0.000000000000000000, -1.000000000000000000, 0.000000000000000000 ) ) ;
#2219 = DIRECTION ( 'NONE',  ( -0.5735764363510396091, 0.000000000000000000, -0.8191520442889963505 ) ) ;
#2220 = VECTOR ( 'NONE', #1082, 1000.000000000000000 ) ;
#2221 = FACE_OUTER_BOUND ( 'NONE', #6017, .T. ) ;
#2222 = ORIENTED_EDGE ( 'NONE', *, *, #2420, .F. ) ;
#2223 = ORIENTED_EDGE ( 'NONE', *, *, #4081, .F. ) ;
#2224 = AXIS2_PLACEMENT_3D ( 'NONE', #9605, #7373, #1225 ) ;
#2225 = PLANE ( 'NONE',  #9085 ) ;
#2226 = VECTOR ( 'NONE', #2334, 1000.000000000000000 ) ;
#2227 = VERTEX_POINT ( 'NONE', #5911 ) ;
#2228 = CIRCLE ( 'NONE', #6189, 2.500000000000000000 ) ;
#2229 = ADVANCED_FACE ( 'NONE', ( #1355 ), #3633, .F. ) ;
#2230 = AXIS2_PLACEMENT_3D ( 'NONE', #5872, #7360, #756 ) ;
#2231 = DIRECTION ( 'NONE',  ( 0.000000000000000000, -1.000000000000000000, 0.000000000000000000 ) ) ;
#2232 = CARTESIAN_POINT ( 'NONE',  ( -12.14999999999999858, 0.2000000000000000111, 2.000000000000000000 ) ) ;
#2233 = EDGE_CURVE ( 'NONE', #909, #4206, #1253, .T. ) ;
#2234 = PLANE ( 'NONE',  #8546 ) ;
#2235 = CARTESIAN_POINT ( 'NONE',  ( -10.05559403303142041, -1.833617474693654881, -2.000000000000000000 ) ) ;
#2236 = EDGE_CURVE ( 'NONE', #3053, #4985, #4373, .T. ) ;
#2238 = EDGE_CURVE ( 'NONE', #2128, #2695, #6555, .T. ) ;
#2237 = ORIENTED_EDGE ( 'NONE', *, *, #7803, .F. ) ;
#2239 = VECTOR ( 'NONE', #5666, 1000.000000000000000 ) ;
#2240 = CARTESIAN_POINT ( 'NONE',  ( -8.766843969807039727, 4.599999999999999645, 0.9499999999999999556 ) ) ;
#2241 = EDGE_CURVE ( 'NONE', #5777, #7996, #8937, .T. ) ;
#2242 = EDGE_CURVE ( 'NONE', #8321, #1068, #5812, .T. ) ;
#2243 = LINE ( 'NONE', #8243, #6927 ) ;
#2244 = CARTESIAN_POINT ( 'NONE',  ( -7.028793294321580731, 4.349999999999999645, -3.447664127344355123 ) ) ;
#2245 = ORIENTED_EDGE ( 'NONE', *, *, #7004, .F. ) ;
#2246 = LINE ( 'NONE', #765, #7252 ) ;
#2247 = AXIS2_PLACEMENT_3D ( 'NONE', #4294, #348, #1275 ) ;
#2249 = EDGE_LOOP ( 'NONE', ( #745, #6085, #8819, #6784 ) ) ;
#2248 = ORIENTED_EDGE ( 'NONE', *, *, #5320, .T. ) ;
#2250 = CARTESIAN_POINT ( 'NONE',  ( 7.741843969807050030, -1.647987302177964846E-14, 2.000000000000000000 ) ) ;
#2251 = VECTOR ( 'NONE', #8567, 1000.000000000000000 ) ;
#2252 = DIRECTION ( 'NONE',  ( 0.000000000000000000, 0.000000000000000000, -1.000000000000000000 ) ) ;
#2253 = ORIENTED_EDGE ( 'NONE', *, *, #3048, .T. ) ;
#2254 = CARTESIAN_POINT ( 'NONE',  ( 0.000000000000000000, 5.599999999999999645, 0.000000000000000000 ) ) ;
#2255 = VERTEX_POINT ( 'NONE', #7818 ) ;
#2256 = AXIS2_PLACEMENT_3D ( 'NONE', #1760, #923, #2405 ) ;
#2257 = DIRECTION ( 'NONE',  ( 0.000000000000000000, 0.000000000000000000, 1.000000000000000000 ) ) ;
#2258 = VECTOR ( 'NONE', #3943, 1000.000000000000000 ) ;
#2259 = ORIENTED_EDGE ( 'NONE', *, *, #8440, .T. ) ;
#2260 = CARTESIAN_POINT ( 'NONE',  ( 7.013510188107850318, 1.064607865952655885, 8.673617379884030542E-16 ) ) ;
#2261 = CARTESIAN_POINT ( 'NONE',  ( 12.14999999999999858, 0.2000000000000000111, 3.500000000000000000 ) ) ;
#2262 = DIRECTION ( 'NONE',  ( 0.000000000000000000, 0.000000000000000000, 1.000000000000000000 ) ) ;
#2263 = LINE ( 'NONE', #1521, #5562 ) ;
#2264 = DIRECTION ( 'NONE',  ( 1.014997778497068052E-15, 1.000000000000000000, 0.000000000000000000 ) ) ;
#2265 = VERTEX_POINT ( 'NONE', #6316 ) ;
#2266 = ORIENTED_EDGE ( 'NONE', *, *, #5951, .T. ) ;
#2267 = CARTESIAN_POINT ( 'NONE',  ( -1.981937314617169932, 39.49734969922095473, 5.850000000000000533 ) ) ;
#2268 = CYLINDRICAL_SURFACE ( 'NONE', #6451, 9.000000000000000000 ) ;
#2269 = CARTESIAN_POINT ( 'NONE',  ( -8.516843969807039727, 3.100000000000000089, -0.9499999999999999556 ) ) ;
#2270 = LINE ( 'NONE', #8419, #337 ) ;
#2271 = DIRECTION ( 'NONE',  ( 1.000000000000000000, 0.000000000000000000, 0.000000000000000000 ) ) ;
#2272 = VERTEX_POINT ( 'NONE', #7863 ) ;
#2273 = B_SPLINE_CURVE_WITH_KNOTS ( 'NONE', 3,
 ( #5949, #3721, #9771, #2971 ),
 .UNSPECIFIED., .F., .F.,
 ( 4, 4 ),
 ( 2.168404344971009831E-19, 4.436043987994230131E-05 ),
 .UNSPECIFIED. ) ;
#2274 = ADVANCED_FACE ( 'NONE', ( #1076 ), #2788, .T. ) ;
#2275 = ORIENTED_EDGE ( 'NONE', *, *, #5628, .F. ) ;
#2276 = DIRECTION ( 'NONE',  ( 7.279101552726930441E-16, 1.000000000000000000, 0.000000000000000000 ) ) ;
#2277 = EDGE_CURVE ( 'NONE', #2960, #4670, #3299, .T. ) ;
#2278 = VERTEX_POINT ( 'NONE', #2041 ) ;
#2279 = VECTOR ( 'NONE', #800, 1000.000000000000000 ) ;
#2280 = CARTESIAN_POINT ( 'NONE',  ( -11.44999999999999929, 1.600000000000000089, 2.000000000000000000 ) ) ;
#2281 = LINE ( 'NONE', #9265, #6446 ) ;
#2282 = CARTESIAN_POINT ( 'NONE',  ( 6.360817557515700216, 5.250000000000000000, -4.250000000000000000 ) ) ;
#2283 = CARTESIAN_POINT ( 'NONE',  ( -4.649999999999999467, 1.600000000000000089, -5.074999999999999289 ) ) ;
#2284 = EDGE_CURVE ( 'NONE', #4206, #1505, #9624, .T. ) ;
#2285 = DIRECTION ( 'NONE',  ( 0.000000000000000000, 1.000000000000000000, 0.000000000000000000 ) ) ;
#2286 = ORIENTED_EDGE ( 'NONE', *, *, #491, .T. ) ;
#2287 = DIRECTION ( 'NONE',  ( 0.000000000000000000, -1.000000000000000000, 0.000000000000000000 ) ) ;
#2288 = ADVANCED_FACE ( 'NONE', ( #5069 ), #6373, .T. ) ;
#2289 = AXIS2_PLACEMENT_3D ( 'NONE', #6309, #2554, #567 ) ;
#2290 = EDGE_CURVE ( 'NONE', #1505, #1415, #2838, .T. ) ;
#2291 = CARTESIAN_POINT ( 'NONE',  ( 7.741843969807050030, 0.8122259988819500176, -2.600000000000000089 ) ) ;
#2292 = FACE_OUTER_BOUND ( 'NONE', #2951, .T. ) ;
#2293 = ORIENTED_EDGE ( 'NONE', *, *, #3997, .T. ) ;
#2294 = DIRECTION ( 'NONE',  ( 0.4226182617406998299, 1.479114197289395384E-31, -0.9063077870366497146 ) ) ;
#2295 = EDGE_CURVE ( 'NONE', #5471, #8609, #2243, .T. ) ;
#2297 = ORIENTED_EDGE ( 'NONE', *, *, #6377, .T. ) ;
#2296 = VERTEX_POINT ( 'NONE', #8335 ) ;
#2298 = VECTOR ( 'NONE', #5897, 1000.000000000000000 ) ;
#2299 = LINE ( 'NONE', #1698, #6604 ) ;
#2300 = CARTESIAN_POINT ( 'NONE',  ( 11.25000000000000000, 6.313614173767469605E-31, 2.100000000000000089 ) ) ;
#2301 = ORIENTED_EDGE ( 'NONE', *, *, #116, .T. ) ;
#2302 = DIRECTION ( 'NONE',  ( 0.000000000000000000, 0.000000000000000000, 1.000000000000000000 ) ) ;
#2303 = VERTEX_POINT ( 'NONE', #3826 ) ;
#2304 = CARTESIAN_POINT ( 'NONE',  ( -11.40000000000000036, 1.447013240936750106E-14, -1.750000000000000000 ) ) ;
#2305 = ORIENTED_EDGE ( 'NONE', *, *, #4214, .T. ) ;
#2306 = CARTESIAN_POINT ( 'NONE',  ( -8.666843969807048964, 1.300000000000000044, 1.250000000000000000 ) ) ;
#2307 = CARTESIAN_POINT ( 'NONE',  ( 0.000000000000000000, 1.399999999999999911, 0.000000000000000000 ) ) ;
#2308 =( NAMED_UNIT ( * ) PLANE_ANGLE_UNIT ( ) SI_UNIT ( $, .RADIAN. ) );
#2309 = EDGE_CURVE ( 'NONE', #1558, #4960, #8037, .T. ) ;
#2310 = DIRECTION ( 'NONE',  ( 0.000000000000000000, 0.000000000000000000, 1.000000000000000000 ) ) ;
#2311 = ORIENTED_EDGE ( 'NONE', *, *, #2063, .T. ) ;
#2312 = ORIENTED_EDGE ( 'NONE', *, *, #9320, .T. ) ;
#2313 = CARTESIAN_POINT ( 'NONE',  ( 8.666843969807048964, 4.349999999999999645, 2.600000000000000089 ) ) ;
#2314 = LINE ( 'NONE', #8268, #278 ) ;
#2315 = CARTESIAN_POINT ( 'NONE',  ( -10.65000000000000036, 4.450000000000000178, -2.600000000000000089 ) ) ;
#2316 = CARTESIAN_POINT ( 'NONE',  ( -12.14999999999999858, 39.49734969922095473, -3.500000000000000000 ) ) ;
#2317 = CARTESIAN_POINT ( 'NONE',  ( 8.766843969807048609, 4.349999999999999645, -2.000000000000000000 ) ) ;
#2318 = FACE_BOUND ( 'NONE', #9249, .T. ) ;
#2319 = VECTOR ( 'NONE', #1678, 1000.000000000000114 ) ;
#2320 = EDGE_LOOP ( 'NONE', ( #9327, #7710 ) ) ;
#2321 = VERTEX_POINT ( 'NONE', #817 ) ;
#2322 = EDGE_CURVE ( 'NONE', #5197, #9719, #4562, .T. ) ;
#2323 = CARTESIAN_POINT ( 'NONE',  ( 5.226582641783249272, 5.481007602317289340, 5.899999999999999467 ) ) ;
#2324 = ORIENTED_EDGE ( 'NONE', *, *, #6651, .T. ) ;
#2325 = CARTESIAN_POINT ( 'NONE',  ( 11.15000000000000036, 4.450000000000000178, -2.100000000000000089 ) ) ;
#2326 = DIRECTION ( 'NONE',  ( 0.000000000000000000, 1.000000000000000000, 0.000000000000000000 ) ) ;
#2327 = EDGE_CURVE ( 'NONE', #8448, #4206, #4616, .T. ) ;
#2328 = EDGE_CURVE ( 'NONE', #8155, #3012, #7451, .T. ) ;
#2329 = CARTESIAN_POINT ( 'NONE',  ( 6.639278890389650023, 5.482709875410599842, -4.250000000000000000 ) ) ;
#2330 = DIRECTION ( 'NONE',  ( 0.000000000000000000, 0.000000000000000000, -1.000000000000000000 ) ) ;
#2331 = CIRCLE ( 'NONE', #5494, 0.6250000000000005551 ) ;
#2332 = DIRECTION ( 'NONE',  ( -1.000000000000000000, 4.248302390147255473E-15, 0.000000000000000000 ) ) ;
#2333 = ORIENTED_EDGE ( 'NONE', *, *, #3134, .T. ) ;
#2334 = DIRECTION ( 'NONE',  ( 1.000000000000000000, 0.000000000000000000, 0.000000000000000000 ) ) ;
#2335 = AXIS2_PLACEMENT_3D ( 'NONE', #761, #6795, #6850 ) ;
#2336 = VECTOR ( 'NONE', #6336, 1000.000000000000000 ) ;
#2337 = EDGE_CURVE ( 'NONE', #1387, #7976, #8192, .T. ) ;
#2338 = EDGE_CURVE ( 'NONE', #5274, #7499, #1859, .T. ) ;
#2339 = DIRECTION ( 'NONE',  ( 0.000000000000000000, 0.000000000000000000, 1.000000000000000000 ) ) ;
#2340 = ORIENTED_EDGE ( 'NONE', *, *, #7341, .F. ) ;
#2341 = CARTESIAN_POINT ( 'NONE',  ( 8.667099259716795956, 4.405660586820077107, 2.000000000000000000 ) ) ;
#2342 = VECTOR ( 'NONE', #6708, 1000.000000000000000 ) ;
#2344 = ORIENTED_EDGE ( 'NONE', *, *, #6463, .F. ) ;
#2343 = VERTEX_POINT ( 'NONE', #7646 ) ;
#2345 = DIRECTION ( 'NONE',  ( 0.000000000000000000, 1.000000000000000000, 0.000000000000000000 ) ) ;
#2346 = CARTESIAN_POINT ( 'NONE',  ( 4.297588409752295391, 2.799999999999999822, 4.329056925054540095 ) ) ;
#2347 = ORIENTED_EDGE ( 'NONE', *, *, #3255, .T. ) ;
#2348 = LINE ( 'NONE', #4723, #6681 ) ;
#2349 = DIRECTION ( 'NONE',  ( 0.000000000000000000, 1.000000000000000000, 0.000000000000000000 ) ) ;
#2350 = VERTEX_POINT ( 'NONE', #4473 ) ;
#2351 = EDGE_CURVE ( 'NONE', #7726, #471, #2187, .T. ) ;
#2352 = FACE_OUTER_BOUND ( 'NONE', #9554, .T. ) ;
#2353 = LINE ( 'NONE', #734, #2879 ) ;
#2354 = EDGE_LOOP ( 'NONE', ( #8861, #2450, #1164, #6578 ) ) ;
#2355 = PLANE ( 'NONE',  #9673 ) ;
#2356 = DIRECTION ( 'NONE',  ( -1.000000000000000000, 0.000000000000000000, 8.260587980841929905E-16 ) ) ;
#2357 = VERTEX_POINT ( 'NONE', #5166 ) ;
#2358 = ORIENTED_EDGE ( 'NONE', *, *, #8533, .T. ) ;
#2359 = ADVANCED_FACE ( 'NONE', ( #2976 ), #3078, .F. ) ;
#2360 = EDGE_CURVE ( 'NONE', #6998, #9154, #7497, .T. ) ;
#2361 = LINE ( 'NONE', #6225, #8902 ) ;
#2362 = DIRECTION ( 'NONE',  ( 0.000000000000000000, 0.000000000000000000, 1.000000000000000000 ) ) ;
#2363 = DIRECTION ( 'NONE',  ( -7.279101552726930441E-16, -1.000000000000000000, 0.000000000000000000 ) ) ;
#2364 = DIRECTION ( 'NONE',  ( -1.000000000000000000, 0.000000000000000000, 0.000000000000000000 ) ) ;
#2365 = CARTESIAN_POINT ( 'NONE',  ( 6.360817557515700216, 5.599999999999999645, 4.250000000000000000 ) ) ;
#2366 = VECTOR ( 'NONE', #2264, 1000.000000000000000 ) ;
#2367 = CARTESIAN_POINT ( 'NONE',  ( -8.664769785915918732, 4.242465419244236813, 0.9802587584757235240 ) ) ;
#2368 = DIRECTION ( 'NONE',  ( 0.000000000000000000, 1.000000000000000000, 0.000000000000000000 ) ) ;
#2369 = VERTEX_POINT ( 'NONE', #860 ) ;
#2370 = VERTEX_POINT ( 'NONE', #6705 ) ;
#2371 = LINE ( 'NONE', #5400, #8618 ) ;
#2372 = ORIENTED_EDGE ( 'NONE', *, *, #1136, .F. ) ;
#2373 = CIRCLE ( 'NONE', #4427, 0.09999999999999766020 ) ;
#2374 = VECTOR ( 'NONE', #8990, 1000.000000000000000 ) ;
#2375 = EDGE_CURVE ( 'NONE', #2100, #9735, #6102, .T. ) ;
#2376 = AXIS2_PLACEMENT_3D ( 'NONE', #6706, #5218, #6657 ) ;
#2377 = LINE ( 'NONE', #3266, #272 ) ;
#2378 = CARTESIAN_POINT ( 'NONE',  ( -9.066843969807040438, 4.450000000000000178, 1.199999999999999956 ) ) ;
#2379 = EDGE_CURVE ( 'NONE', #3253, #6521, #5434, .T. ) ;
#2380 = AXIS2_PLACEMENT_3D ( 'NONE', #3404, #299, #3257 ) ;
#2381 = CYLINDRICAL_SURFACE ( 'NONE', #5057, 7.649999999999999467 ) ;
#2382 = CARTESIAN_POINT ( 'NONE',  ( 13.84999999999999964, 0.1499999999999999944, 1.750000000000000000 ) ) ;
#2383 = VECTOR ( 'NONE', #4175, 1000.000000000000000 ) ;
#2384 = DIRECTION ( 'NONE',  ( -1.011922027653276101E-14, 2.711436901129640438E-15, 1.000000000000000000 ) ) ;
#2385 = ORIENTED_EDGE ( 'NONE', *, *, #917, .F. ) ;
#2386 = CARTESIAN_POINT ( 'NONE',  ( 13.84999999999999964, 0.000000000000000000, 2.600000000000000089 ) ) ;
#2387 = AXIS2_PLACEMENT_3D ( 'NONE', #8924, #3618, #8963 ) ;
#2388 = COLOUR_RGB ( '',0.7921568627450980005, 0.8196078431372548767, 0.9333333333333333481 ) ;
#2389 = LINE ( 'NONE', #4852, #2497 ) ;
#2390 =( BOUNDED_CURVE ( )  B_SPLINE_CURVE ( 3, ( #3607, #4442, #7470, #9003 ),
 .UNSPECIFIED., .F., .F. ) 
 B_SPLINE_CURVE_WITH_KNOTS ( ( 4, 4 ),
 ( -8.881784197001250746E-15, 1.621650105614150128 ),
 .UNSPECIFIED. ) 
 CURVE ( )  GEOMETRIC_REPRESENTATION_ITEM ( )  RATIONAL_B_SPLINE_CURVE ( ( 1.000000000000000000, 0.7926004154521569811, 0.7926004154521569811, 1.000000000000000000 ) ) 
 REPRESENTATION_ITEM ( '' )  );
#2391 = CARTESIAN_POINT ( 'NONE',  ( 8.666843969807040082, 1.208049832105797972, 2.000000000000000000 ) ) ;
#2392 = ORIENTED_EDGE ( 'NONE', *, *, #7679, .F. ) ;
#2394 = AXIS2_PLACEMENT_3D ( 'NONE', #4237, #7270, #6570 ) ;
#2393 = DIRECTION ( 'NONE',  ( 4.248302390147255473E-15, 1.000000000000000000, 0.000000000000000000 ) ) ;
#2396 = ORIENTED_EDGE ( 'NONE', *, *, #3263, .T. ) ;
#2395 = ORIENTED_EDGE ( 'NONE', *, *, #8024, .F. ) ;
#2397 = PLANE ( 'NONE',  #9773 ) ;
#2398 = ADVANCED_FACE ( 'NONE', ( #4419 ), #4518, .F. ) ;
#2399 = CARTESIAN_POINT ( 'NONE',  ( -8.576902577152836216, 4.215787428857659336, 1.083251677717991468 ) ) ;
#2400 = VERTEX_POINT ( 'NONE', #8289 ) ;
#2401 = CARTESIAN_POINT ( 'NONE',  ( 6.360817557515700216, 5.000000000000000000, 4.250000000000000000 ) ) ;
#2402 = CARTESIAN_POINT ( 'NONE',  ( -6.713483409786810796, 4.349999999999999645, 3.768918119361345020 ) ) ;
#2403 = VERTEX_POINT ( 'NONE', #9731 ) ;
#2404 = VECTOR ( 'NONE', #9652, 1000.000000000000000 ) ;
#2405 = DIRECTION ( 'NONE',  ( 0.000000000000000000, 0.000000000000000000, -1.000000000000000000 ) ) ;
#2406 = AXIS2_PLACEMENT_3D ( 'NONE', #5919, #3547, #6567 ) ;
#2407 = DIRECTION ( 'NONE',  ( -0.000000000000000000, 1.000000000000000000, 0.000000000000000000 ) ) ;
#2408 = AXIS2_PLACEMENT_3D ( 'NONE', #2611, #7074, #6322 ) ;
#2409 = EDGE_LOOP ( 'NONE', ( #5847, #3343 ) ) ;
#2410 = CARTESIAN_POINT ( 'NONE',  ( 0.000000000000000000, 1.600000000000000089, -2.000000000000000000 ) ) ;
#2411 = CARTESIAN_POINT ( 'NONE',  ( 7.266843969807050385, 0.1685063394027645212, -2.600000000000000089 ) ) ;
#2412 = ORIENTED_EDGE ( 'NONE', *, *, #9062, .F. ) ;
#2413 = CIRCLE ( 'NONE', #2731, 6.100000000000000533 ) ;
#2415 = EDGE_CURVE ( 'NONE', #2038, #1701, #3124, .T. ) ;
#2414 = EDGE_LOOP ( 'NONE', ( #6901, #196, #5667, #3231 ) ) ;
#2416 = VECTOR ( 'NONE', #5193, 1000.000000000000000 ) ;
#2417 = EDGE_CURVE ( 'NONE', #3461, #347, #1498, .T. ) ;
#2418 = DIRECTION ( 'NONE',  ( 0.000000000000000000, 0.000000000000000000, 1.000000000000000000 ) ) ;
#2419 = DIRECTION ( 'NONE',  ( 0.000000000000000000, -1.000000000000000000, 0.000000000000000000 ) ) ;
#2420 = EDGE_CURVE ( 'NONE', #5806, #6108, #2928, .T. ) ;
#2421 = ADVANCED_FACE ( 'NONE', ( #1099, #6348 ), #5606, .F. ) ;
#2422 = DIRECTION ( 'NONE',  ( 1.000000000000000000, 0.000000000000000000, 1.819572328111074956E-16 ) ) ;
#2423 = CARTESIAN_POINT ( 'NONE',  ( 8.163325866132991493, 1.600000000000000089, 3.789473684210530102 ) ) ;
#2424 = LINE ( 'NONE', #6830, #5268 ) ;
#2425 = CARTESIAN_POINT ( 'NONE',  ( -8.661185923114629759, 4.222041437101587746, 1.006882366914347404 ) ) ;
#2426 = DIRECTION ( 'NONE',  ( 0.000000000000000000, 0.000000000000000000, -1.000000000000000000 ) ) ;
#2427 = ORIENTED_EDGE ( 'NONE', *, *, #6664, .T. ) ;
#2428 = EDGE_CURVE ( 'NONE', #8918, #2982, #9325, .T. ) ;
#2429 = VERTEX_POINT ( 'NONE', #1690 ) ;
#2430 = ADVANCED_FACE ( 'NONE', ( #3227 ), #4806, .F. ) ;
#2431 = CARTESIAN_POINT ( 'NONE',  ( -8.666843969807059622, 3.681937395196465045E-14, -0.9499999999999999556 ) ) ;
#2432 = ORIENTED_EDGE ( 'NONE', *, *, #1043, .F. ) ;
#2433 = ADVANCED_FACE ( 'NONE', ( #5563 ), #8668, .T. ) ;
#2434 = DIRECTION ( 'NONE',  ( 0.3231438532915099637, -0.9463498560679951543, 0.000000000000000000 ) ) ;
#2435 = PLANE ( 'NONE',  #4548 ) ;
#2436 = CARTESIAN_POINT ( 'NONE',  ( -12.14999999999999858, 0.2000000000000000111, 3.500000000000000000 ) ) ;
#2437 = CARTESIAN_POINT ( 'NONE',  ( 8.516843969807048609, 9.404585296499380134E-15, -2.000000000000000000 ) ) ;
#2438 = DIRECTION ( 'NONE',  ( -0.9659258262890673130, 0.2588190451025246253, 0.000000000000000000 ) ) ;
#2439 = ORIENTED_EDGE ( 'NONE', *, *, #8138, .F. ) ;
#2440 = CARTESIAN_POINT ( 'NONE',  ( -8.099027312146018787, 2.799999999999999822, -1.578233905710134888 ) ) ;
#2441 = CARTESIAN_POINT ( 'NONE',  ( 8.216843969807047898, 1.208049832105797972, -2.000000000000000000 ) ) ;
#2442 = EDGE_CURVE ( 'NONE', #4088, #5629, #9274, .T. ) ;
#2443 = CARTESIAN_POINT ( 'NONE',  ( -9.866843969807048254, 4.349999999999999645, 0.000000000000000000 ) ) ;
#2444 = ORIENTED_EDGE ( 'NONE', *, *, #374, .T. ) ;
#2445 = CARTESIAN_POINT ( 'NONE',  ( 0.000000000000000000, 5.000000000000000000, 3.500000000000000000 ) ) ;
#2447 = ORIENTED_EDGE ( 'NONE', *, *, #3791, .T. ) ;
#2446 = ORIENTED_EDGE ( 'NONE', *, *, #9456, .F. ) ;
#2448 = DIRECTION ( 'NONE',  ( 0.000000000000000000, -1.000000000000000000, 0.000000000000000000 ) ) ;
#2449 = DIRECTION ( 'NONE',  ( -1.000000000000000000, 3.469446951953611033E-15, -6.938893903907222067E-15 ) ) ;
#2450 = ORIENTED_EDGE ( 'NONE', *, *, #5304, .T. ) ;
#2451 = DIRECTION ( 'NONE',  ( 0.8191520442889946851, -5.800009312744907663E-16, -0.5735764363510417185 ) ) ;
#2452 = DIRECTION ( 'NONE',  ( 0.000000000000000000, 0.000000000000000000, -1.000000000000000000 ) ) ;
#2453 = EDGE_LOOP ( 'NONE', ( #8564, #1513, #1087, #4369, #890 ) ) ;
#2454 = CARTESIAN_POINT ( 'NONE',  ( -6.161242077394749828, 4.362469907278660306E-15, -4.345678026214504719 ) ) ;
#2455 = AXIS2_PLACEMENT_3D ( 'NONE', #7808, #5577, #4032 ) ;
#2456 = DIRECTION ( 'NONE',  ( 0.000000000000000000, 1.000000000000000000, 0.000000000000000000 ) ) ;
#2457 = EDGE_CURVE ( 'NONE', #5533, #798, #9305, .T. ) ;
#2458 = ORIENTED_EDGE ( 'NONE', *, *, #3674, .F. ) ;
#2459 = FACE_OUTER_BOUND ( 'NONE', #6020, .T. ) ;
#2460 = DIRECTION ( 'NONE',  ( 7.279101552726930441E-16, 1.000000000000000000, 0.000000000000000000 ) ) ;
#2461 = VERTEX_POINT ( 'NONE', #3968 ) ;
#2462 = ORIENTED_EDGE ( 'NONE', *, *, #6236, .T. ) ;
#2463 = DIRECTION ( 'NONE',  ( 1.000000000000000000, 0.000000000000000000, 1.245080223897341930E-16 ) ) ;
#2464 = CARTESIAN_POINT ( 'NONE',  ( 8.466843969807069215, 1.600000000000000089, 2.000000000000000000 ) ) ;
#2465 = EDGE_CURVE ( 'NONE', #8035, #4997, #2389, .T. ) ;
#2466 = CARTESIAN_POINT ( 'NONE',  ( -9.866843969807048254, 4.700000000000000178, 0.3250000000000000111 ) ) ;
#2467 = DIRECTION ( 'NONE',  ( 8.673617379884089706E-16, -8.375202475405620104E-31, 1.000000000000000000 ) ) ;
#2468 = LINE ( 'NONE', #887, #9507 ) ;
#2469 = DIRECTION ( 'NONE',  ( 0.9063077870366498257, 5.059610138265684729E-15, 0.4226182617406996633 ) ) ;
#2470 = ORIENTED_EDGE ( 'NONE', *, *, #1340, .T. ) ;
#2471 = PLANE ( 'NONE',  #1959 ) ;
#2472 = ORIENTED_EDGE ( 'NONE', *, *, #9676, .T. ) ;
#2473 = CARTESIAN_POINT ( 'NONE',  ( -4.869548233666040282, 5.599999999999999645, -5.899999999999999467 ) ) ;
#2474 = VECTOR ( 'NONE', #4409, 1000.000000000000000 ) ;
#2475 = PLANE ( 'NONE',  #6285 ) ;
#2476 = DIRECTION ( 'NONE',  ( 0.000000000000000000, -1.000000000000000000, 0.000000000000000000 ) ) ;
#2477 = CARTESIAN_POINT ( 'NONE',  ( 8.666843969807040082, 1.208049832105797972, 2.600000000000000089 ) ) ;
#2478 = LINE ( 'NONE', #3272, #3602 ) ;
#2479 = ORIENTED_EDGE ( 'NONE', *, *, #4957, .T. ) ;
#2480 = EDGE_CURVE ( 'NONE', #851, #4238, #7097, .T. ) ;
#2481 = LINE ( 'NONE', #5506, #7769 ) ;
#2482 = VECTOR ( 'NONE', #2018, 1000.000000000000000 ) ;
#2483 = CARTESIAN_POINT ( 'NONE',  ( 8.616843969807050030, 1.600000000000000089, -3.500000000000000000 ) ) ;
#2484 = EDGE_CURVE ( 'NONE', #9794, #1523, #316, .T. ) ;
#2485 = VECTOR ( 'NONE', #4803, 1000.000000000000000 ) ;
#2486 = CARTESIAN_POINT ( 'NONE',  ( -11.40000000000000036, 4.349999999999999645, 2.100000000000000089 ) ) ;
#2487 = EDGE_LOOP ( 'NONE', ( #6253, #1338, #5818, #1841, #7699, #8777 ) ) ;
#2488 = DIRECTION ( 'NONE',  ( -1.000000000000000000, 0.000000000000000000, 0.000000000000000000 ) ) ;
#2490 = ORIENTED_EDGE ( 'NONE', *, *, #168, .F. ) ;
#2489 = EDGE_LOOP ( 'NONE', ( #9060, #5965, #7473, #136 ) ) ;
#2491 = DIRECTION ( 'NONE',  ( 0.000000000000000000, -1.000000000000000000, 0.000000000000000000 ) ) ;
#2492 = VECTOR ( 'NONE', #9179, 1000.000000000000114 ) ;
#2493 = DIRECTION ( 'NONE',  ( 0.000000000000000000, 0.000000000000000000, 1.000000000000000000 ) ) ;
#2494 = ORIENTED_EDGE ( 'NONE', *, *, #4754, .T. ) ;
#2495 = DIRECTION ( 'NONE',  ( 0.000000000000000000, -1.000000000000000000, 0.000000000000000000 ) ) ;
#2496 = EDGE_CURVE ( 'NONE', #257, #6206, #7147, .T. ) ;
#2497 = VECTOR ( 'NONE', #6248, 1000.000000000000000 ) ;
#2498 = AXIS2_PLACEMENT_3D ( 'NONE', #6535, #703, #8127 ) ;
#2499 = DIRECTION ( 'NONE',  ( -1.000000000000000000, 0.000000000000000000, 1.150581897331554044E-15 ) ) ;
#2500 = ORIENTED_EDGE ( 'NONE', *, *, #4074, .T. ) ;
#2501 = CARTESIAN_POINT ( 'NONE',  ( 0.000000000000000000, 1.600000000000000089, 0.000000000000000000 ) ) ;
#2502 = CARTESIAN_POINT ( 'NONE',  ( 0.000000000000000000, 1.300000000000000044, 0.000000000000000000 ) ) ;
#2503 = ORIENTED_EDGE ( 'NONE', *, *, #1385, .F. ) ;
#2504 = FACE_OUTER_BOUND ( 'NONE', #2617, .T. ) ;
#2505 = CARTESIAN_POINT ( 'NONE',  ( -8.266843969807050385, 1.600000000000000089, -3.500000000000000000 ) ) ;
#2506 = VERTEX_POINT ( 'NONE', #3918 ) ;
#2507 = VECTOR ( 'NONE', #125, 1000.000000000000000 ) ;
#2508 = VERTEX_POINT ( 'NONE', #2483 ) ;
#2509 = DIRECTION ( 'NONE',  ( 0.000000000000000000, -1.000000000000000000, 0.000000000000000000 ) ) ;
#2510 = DIRECTION ( 'NONE',  ( -0.9463498560679951543, -0.3231438532915100192, 0.000000000000000000 ) ) ;
#2511 = ORIENTED_EDGE ( 'NONE', *, *, #1544, .T. ) ;
#2512 = DIRECTION ( 'NONE',  ( -4.231032868236114925E-16, 1.000000000000000000, 0.000000000000000000 ) ) ;
#2513 = LINE ( 'NONE', #5540, #7158 ) ;
#2514 = AXIS2_PLACEMENT_3D ( 'NONE', #5995, #5156, #7297 ) ;
#2515 = CARTESIAN_POINT ( 'NONE',  ( 1.931937314617169887, 0.2000000000000000111, 5.799999999999999822 ) ) ;
#2516 = DIRECTION ( 'NONE',  ( 1.000000000000000000, 0.000000000000000000, -1.257045997084641872E-16 ) ) ;
#2517 = ORIENTED_EDGE ( 'NONE', *, *, #8599, .F. ) ;
#2518 = EDGE_CURVE ( 'NONE', #464, #812, #7885, .T. ) ;
#2519 = CYLINDRICAL_SURFACE ( 'NONE', #556, 0.5000000000000004441 ) ;
#2520 = ORIENTED_EDGE ( 'NONE', *, *, #3781, .F. ) ;
#2521 = LINE ( 'NONE', #8576, #1209 ) ;
#2522 = PLANE ( 'NONE',  #2650 ) ;
#2523 = FACE_OUTER_BOUND ( 'NONE', #157, .T. ) ;
#2524 = LINE ( 'NONE', #5557, #564 ) ;
#2525 = DIRECTION ( 'NONE',  ( 0.9659258262890674240, -0.2588190451025246253, 0.000000000000000000 ) ) ;
#2526 = EDGE_CURVE ( 'NONE', #9217, #6635, #6743, .T. ) ;
#2527 = CARTESIAN_POINT ( 'NONE',  ( 11.40000000000000036, 4.349999999999999645, 2.600000000000000089 ) ) ;
#2528 = VECTOR ( 'NONE', #8944, 1000.000000000000114 ) ;
#2529 = AXIS2_PLACEMENT_3D ( 'NONE', #2839, #6745, #6606 ) ;
#2530 = EDGE_CURVE ( 'NONE', #7678, #5466, #7048, .T. ) ;
#2531 = ADVANCED_FACE ( 'NONE', ( #6292 ), #6945, .T. ) ;
#2532 = AXIS2_PLACEMENT_3D ( 'NONE', #8923, #1481, #2219 ) ;
#2533 = CARTESIAN_POINT ( 'NONE',  ( 0.000000000000000000, 1.300000000000000044, 0.000000000000000000 ) ) ;
#2534 = CARTESIAN_POINT ( 'NONE',  ( -4.649999999999999467, 0.2000000000000000111, -5.899999999999999467 ) ) ;
#2535 = ADVANCED_FACE ( 'NONE', ( #9380 ), #2583, .T. ) ;
#2536 = EDGE_LOOP ( 'NONE', ( #9446, #5934, #6040, #4552 ) ) ;
#2537 = VECTOR ( 'NONE', #8789, 1000.000000000000227 ) ;
#2538 = EDGE_CURVE ( 'NONE', #3084, #9735, #906, .T. ) ;
#2539 = CARTESIAN_POINT ( 'NONE',  ( 11.25000000000000000, 0.2500000000000000000, -1.750000000000000000 ) ) ;
#2541 = ORIENTED_EDGE ( 'NONE', *, *, #4851, .F. ) ;
#2540 = EDGE_LOOP ( 'NONE', ( #3427, #3212, #5321, #8875 ) ) ;
#2542 = CIRCLE ( 'NONE', #4913, 7.649999999999999467 ) ;
#2543 = CARTESIAN_POINT ( 'NONE',  ( -1.121588454295350057E-17, 1.399999999999999911, -0.1499999999999999944 ) ) ;
#2544 = LINE ( 'NONE', #8596, #26 ) ;
#2545 = AXIS2_PLACEMENT_3D ( 'NONE', #8648, #286, #3199 ) ;
#2546 = VECTOR ( 'NONE', #3574, 1000.000000000000000 ) ;
#2547 = ORIENTED_EDGE ( 'NONE', *, *, #3271, .T. ) ;
#2548 = EDGE_CURVE ( 'NONE', #3434, #1158, #120, .T. ) ;
#2549 = VECTOR ( 'NONE', #2129, 1000.000000000000000 ) ;
#2550 = AXIS2_PLACEMENT_3D ( 'NONE', #3153, #4000, #3895 ) ;
#2551 = PLANE ( 'NONE',  #4743 ) ;
#2552 = VERTEX_POINT ( 'NONE', #5652 ) ;
#2553 = LINE ( 'NONE', #9342, #5741 ) ;
#2554 = DIRECTION ( 'NONE',  ( 0.000000000000000000, 1.000000000000000000, 0.000000000000000000 ) ) ;
#2555 = VERTEX_POINT ( 'NONE', #5849 ) ;
#2556 = CARTESIAN_POINT ( 'NONE',  ( -8.099027312146018787, 3.100000000000000089, -1.578233905710134888 ) ) ;
#2557 = FACE_OUTER_BOUND ( 'NONE', #4481, .T. ) ;
#2558 = ORIENTED_EDGE ( 'NONE', *, *, #4194, .F. ) ;
#2559 = ORIENTED_EDGE ( 'NONE', *, *, #9337, .T. ) ;
#2560 = AXIS2_PLACEMENT_3D ( 'NONE', #788, #2509, #5337 ) ;
#2561 = CARTESIAN_POINT ( 'NONE',  ( 3.010923925851245020, 1.774750959416705021, -1.220617149911500166 ) ) ;
#2562 = CARTESIAN_POINT ( 'NONE',  ( -9.066843969807040438, 4.599999999999999645, 2.600000000000000089 ) ) ;
#2563 = UNCERTAINTY_MEASURE_WITH_UNIT (LENGTH_MEASURE( 1.000000000000000082E-05 ), #3769, 'distance_accuracy_value', 'NONE');
#2564 = ORIENTED_EDGE ( 'NONE', *, *, #2726, .F. ) ;
#2565 = LINE ( 'NONE', #9453, #2570 ) ;
#2566 = DIRECTION ( 'NONE',  ( -1.000000000000000000, -2.602085213965226419E-14, 0.000000000000000000 ) ) ;
#2567 = CARTESIAN_POINT ( 'NONE',  ( -7.339460646826500678, 1.899999999999999911, -2.663007524773979728 ) ) ;
#2568 = CARTESIAN_POINT ( 'NONE',  ( -6.777720855862980009, 5.599999999999999645, 4.250000000000000000 ) ) ;
#2569 = VERTEX_POINT ( 'NONE', #460 ) ;
#2570 = VECTOR ( 'NONE', #3357, 1000.000000000000000 ) ;
#2571 = DIRECTION ( 'NONE',  ( 0.9063077870366497146, -5.669028325014418254E-16, 0.4226182617406998299 ) ) ;
#2572 = AXIS2_PLACEMENT_3D ( 'NONE', #1323, #6575, #8260 ) ;
#2573 = ORIENTED_EDGE ( 'NONE', *, *, #790, .T. ) ;
#2574 = CARTESIAN_POINT ( 'NONE',  ( -3.819999999999999840, 1.300000000000000044, 0.8750000000000000000 ) ) ;
#2575 = CARTESIAN_POINT ( 'NONE',  ( 8.216843969807047898, 1.208049832105797972, 2.600000000000000089 ) ) ;
#2576 = LINE ( 'NONE', #4846, #8569 ) ;
#2577 = ADVANCED_FACE ( 'NONE', ( #7295 ), #9531, .T. ) ;
#2578 = PLANE ( 'NONE',  #3475 ) ;
#2579 = CARTESIAN_POINT ( 'NONE',  ( 2.576257304021170036, 1.891219529712840020, 1.220617149911503940 ) ) ;
#2580 = EDGE_CURVE ( 'NONE', #3877, #1408, #4377, .T. ) ;
#2581 = CARTESIAN_POINT ( 'NONE',  ( 0.000000000000000000, 0.2000000000000000111, 2.000000000000000000 ) ) ;
#2582 = DIRECTION ( 'NONE',  ( 1.000000000000000000, -4.248302390147255473E-15, 0.000000000000000000 ) ) ;
#2583 = PLANE ( 'NONE',  #1842 ) ;
#2584 = CARTESIAN_POINT ( 'NONE',  ( -8.516843969807039727, -4.336808689942020103E-15, -0.9499999999999999556 ) ) ;
#2585 = EDGE_CURVE ( 'NONE', #8514, #2555, #4999, .T. ) ;
#2586 = ORIENTED_EDGE ( 'NONE', *, *, #6513, .T. ) ;
#2587 = DIRECTION ( 'NONE',  ( 0.000000000000000000, 0.000000000000000000, 1.000000000000000000 ) ) ;
#2589 = EDGE_LOOP ( 'NONE', ( #319, #3974, #1953, #1541, #2614, #2643 ) ) ;
#2588 = ORIENTED_EDGE ( 'NONE', *, *, #6090, .F. ) ;
#2590 = CARTESIAN_POINT ( 'NONE',  ( -12.14999999999999858, 5.000000000000000000, 3.500000000000000000 ) ) ;
#2591 = DIRECTION ( 'NONE',  ( 0.000000000000000000, 0.000000000000000000, 1.000000000000000000 ) ) ;
#2592 = EDGE_LOOP ( 'NONE', ( #9070, #5297, #5788, #9447 ) ) ;
#2593 = ADVANCED_FACE ( 'NONE', ( #4212 ), #6593, .T. ) ;
#2594 = DIRECTION ( 'NONE',  ( 0.000000000000000000, 0.000000000000000000, 1.000000000000000000 ) ) ;
#2595 = AXIS2_PLACEMENT_3D ( 'NONE', #9260, #5492, #9599 ) ;
#2596 = ORIENTED_EDGE ( 'NONE', *, *, #9745, .F. ) ;
#2597 = CARTESIAN_POINT ( 'NONE',  ( 0.000000000000000000, 1.600000000000000089, 0.000000000000000000 ) ) ;
#2598 = CYLINDRICAL_SURFACE ( 'NONE', #1550, 9.000000000000000000 ) ;
#2600 = ORIENTED_EDGE ( 'NONE', *, *, #9571, .F. ) ;
#2599 = ORIENTED_EDGE ( 'NONE', *, *, #1989, .F. ) ;
#2601 = CARTESIAN_POINT ( 'NONE',  ( -6.284114884038100257, 4.449470046969834680E-15, -4.431714491667159805 ) ) ;
#2602 = CARTESIAN_POINT ( 'NONE',  ( 11.50000000000000000, 0.2500000000000000000, 1.750000000000000000 ) ) ;
#2603 = ORIENTED_EDGE ( 'NONE', *, *, #2910, .F. ) ;
#2604 = ORIENTED_EDGE ( 'NONE', *, *, #8440, .F. ) ;
#2605 = CIRCLE ( 'NONE', #2289, 8.000000000000000000 ) ;
#2606 = DIRECTION ( 'NONE',  ( -1.150581897331554044E-15, 8.375202475405620104E-31, -1.000000000000000000 ) ) ;
#2607 = DIRECTION ( 'NONE',  ( -0.2242946045488345419, 0.9745213852811450694, 0.000000000000000000 ) ) ;
#2608 = VERTEX_POINT ( 'NONE', #7191 ) ;
#2609 = LINE ( 'NONE', #4832, #4930 ) ;
#2610 = EDGE_CURVE ( 'NONE', #3053, #8636, #6113, .T. ) ;
#2611 = CARTESIAN_POINT ( 'NONE',  ( -4.649999999999999467, 1.600000000000000089, 5.074999999999999289 ) ) ;
#2612 = CARTESIAN_POINT ( 'NONE',  ( -5.402777063696039939, 5.000000000000000000, 5.899999999999999467 ) ) ;
#2613 = FACE_BOUND ( 'NONE', #5980, .T. ) ;
#2614 = ORIENTED_EDGE ( 'NONE', *, *, #6057, .T. ) ;
#2615 = AXIS2_PLACEMENT_3D ( 'NONE', #7433, #2271, #7481 ) ;
#2616 = CARTESIAN_POINT ( 'NONE',  ( 7.741843969807050030, 5.000000000000000000, -2.850000000000000089 ) ) ;
#2617 = EDGE_LOOP ( 'NONE', ( #6658, #3037, #4818, #5657 ) ) ;
#2618 = CARTESIAN_POINT ( 'NONE',  ( -8.553076499446390812, 4.211463939323038197, 1.191301483247385828 ) ) ;
#2619 = CYLINDRICAL_SURFACE ( 'NONE', #452, 0.4499999999999999001 ) ;
#2620 = PLANE ( 'NONE',  #6984 ) ;
#2621 = DIRECTION ( 'NONE',  ( 0.000000000000000000, 1.000000000000000000, 0.000000000000000000 ) ) ;
#2622 = DIRECTION ( 'NONE',  ( 0.000000000000000000, 0.000000000000000000, 1.000000000000000000 ) ) ;
#2623 = ORIENTED_EDGE ( 'NONE', *, *, #2636, .F. ) ;
#2624 = LINE ( 'NONE', #9376, #7236 ) ;
#2625 = LINE ( 'NONE', #2527, #6654 ) ;
#2626 = CYLINDRICAL_SURFACE ( 'NONE', #3901, 0.6250000000000000000 ) ;
#2627 = CARTESIAN_POINT ( 'NONE',  ( -12.14999999999999858, 4.749999999999939604, -2.600000000000000089 ) ) ;
#2628 = ORIENTED_EDGE ( 'NONE', *, *, #9062, .T. ) ;
#2629 = LINE ( 'NONE', #7100, #169 ) ;
#2631 = ORIENTED_EDGE ( 'NONE', *, *, #4590, .F. ) ;
#2630 = ORIENTED_EDGE ( 'NONE', *, *, #3390, .T. ) ;
#2632 = VECTOR ( 'NONE', #8780, 1000.000000000000000 ) ;
#2633 = DIRECTION ( 'NONE',  ( 1.000000000000000000, 0.000000000000000000, 0.000000000000000000 ) ) ;
#2634 = DIRECTION ( 'NONE',  ( 1.153406566473941506E-16, -1.000000000000000000, 0.000000000000000000 ) ) ;
#2635 = VERTEX_POINT ( 'NONE', #563 ) ;
#2636 = EDGE_CURVE ( 'NONE', #118, #6635, #8029, .T. ) ;
#2637 = VECTOR ( 'NONE', #6243, 1000.000000000000000 ) ;
#2638 = DIRECTION ( 'NONE',  ( -1.000000000000000000, 0.000000000000000000, 0.000000000000000000 ) ) ;
#2639 = ORIENTED_EDGE ( 'NONE', *, *, #7993, .T. ) ;
#2640 = DIRECTION ( 'NONE',  ( -8.436499166354340143E-16, -1.000000000000000000, -2.907941053639845024E-16 ) ) ;
#2641 = CARTESIAN_POINT ( 'NONE',  ( 11.25000000000000000, 1.500000000000000000, 1.750000000000000000 ) ) ;
#2643 = ORIENTED_EDGE ( 'NONE', *, *, #7393, .T. ) ;
#2642 = ORIENTED_EDGE ( 'NONE', *, *, #1509, .F. ) ;
#2644 = DIRECTION ( 'NONE',  ( 1.000000000000000000, 0.000000000000000000, 0.000000000000000000 ) ) ;
#2645 = AXIS2_PLACEMENT_3D ( 'NONE', #6941, #9225, #2438 ) ;
#2646 = LINE ( 'NONE', #1856, #3953 ) ;
#2647 = VERTEX_POINT ( 'NONE', #7982 ) ;
#2648 = ORIENTED_EDGE ( 'NONE', *, *, #8208, .F. ) ;
#2649 = VECTOR ( 'NONE', #3773, 1000.000000000000000 ) ;
#2650 = AXIS2_PLACEMENT_3D ( 'NONE', #4893, #7971, #308 ) ;
#2651 = EDGE_CURVE ( 'NONE', #8108, #6611, #3528, .T. ) ;
#2652 = DIRECTION ( 'NONE',  ( -0.9745213852811450694, -0.2242946045488345419, 0.000000000000000000 ) ) ;
#2653 = ORIENTED_EDGE ( 'NONE', *, *, #9742, .F. ) ;
#2654 = EDGE_CURVE ( 'NONE', #1156, #8108, #8825, .T. ) ;
#2655 = CARTESIAN_POINT ( 'NONE',  ( -8.595332766854788531, 4.215129277476970415, -1.130953279175730186 ) ) ;
#2656 = CARTESIAN_POINT ( 'NONE',  ( -11.50000000000000000, 1.118458347509779841E-14, 2.600000000000000089 ) ) ;
#2657 = FACE_OUTER_BOUND ( 'NONE', #1357, .T. ) ;
#2658 = FACE_OUTER_BOUND ( 'NONE', #1167, .T. ) ;
#2659 = VECTOR ( 'NONE', #5249, 1000.000000000000000 ) ;
#2660 = EDGE_LOOP ( 'NONE', ( #7528, #6589, #2127, #2503, #6855, #616 ) ) ;
#2661 = LINE ( 'NONE', #7224, #8547 ) ;
#2662 = EDGE_CURVE ( 'NONE', #1197, #9537, #5010, .T. ) ;
#2663 = ORIENTED_EDGE ( 'NONE', *, *, #7118, .T. ) ;
#2664 = ADVANCED_FACE ( 'NONE', ( #2777 ), #2626, .T. ) ;
#2665 = AXIS2_PLACEMENT_3D ( 'NONE', #8483, #3873, #818 ) ;
#2666 = DIRECTION ( 'NONE',  ( 1.000000000000000000, 0.000000000000000000, 0.000000000000000000 ) ) ;
#2667 = DIRECTION ( 'NONE',  ( -0.000000000000000000, 1.000000000000000000, 0.000000000000000000 ) ) ;
#2668 = DIRECTION ( 'NONE',  ( 0.000000000000000000, -1.000000000000000000, 0.000000000000000000 ) ) ;
#2669 = DIRECTION ( 'NONE',  ( -1.000000000000000000, 4.336808689942119499E-15, 1.409462824231188739E-14 ) ) ;
#2670 = CARTESIAN_POINT ( 'NONE',  ( -5.266843969807050385, -7.269011204192789677, -1.250000000000000000 ) ) ;
#2671 = ORIENTED_EDGE ( 'NONE', *, *, #7935, .F. ) ;
#2672 = VERTEX_POINT ( 'NONE', #5800 ) ;
#2673 = CARTESIAN_POINT ( 'NONE',  ( 4.869548233666040282, 5.250000000000000000, 5.899999999999999467 ) ) ;
#2674 = CARTESIAN_POINT ( 'NONE',  ( 7.741843969807050030, 1.600000000000000089, 0.000000000000000000 ) ) ;
#2675 = ADVANCED_FACE ( 'NONE', ( #5702 ), #2030, .T. ) ;
#2676 = CARTESIAN_POINT ( 'NONE',  ( -3.520000000000000018, -7.269011204192789677, -0.8750000000000000000 ) ) ;
#2677 = CARTESIAN_POINT ( 'NONE',  ( 9.866843969807048254, 4.700000000000000178, 0.000000000000000000 ) ) ;
#2678 = ORIENTED_EDGE ( 'NONE', *, *, #2580, .T. ) ;
#2679 = CARTESIAN_POINT ( 'NONE',  ( 7.741843969807050030, 5.000000000000000000, 0.000000000000000000 ) ) ;
#2680 = ORIENTED_EDGE ( 'NONE', *, *, #2290, .F. ) ;
#2681 = VECTOR ( 'NONE', #9200, 1000.000000000000000 ) ;
#2683 = EDGE_LOOP ( 'NONE', ( #6517, #6497, #849, #3295, #6456, #3639, #8926 ) ) ;
#2682 = ORIENTED_EDGE ( 'NONE', *, *, #9086, .F. ) ;
#2684 = CARTESIAN_POINT ( 'NONE',  ( -10.65000000000000036, 4.450000000000000178, 2.600000000000000089 ) ) ;
#2685 = DIRECTION ( 'NONE',  ( 8.631814769834230017E-16, -1.000000000000000000, -1.150908635977896087E-15 ) ) ;
#2686 = AXIS2_PLACEMENT_3D ( 'NONE', #4920, #1111, #7108 ) ;
#2687 = ORIENTED_EDGE ( 'NONE', *, *, #295, .F. ) ;
#2688 = VECTOR ( 'NONE', #4187, 1000.000000000000000 ) ;
#2689 = LINE ( 'NONE', #1847, #8226 ) ;
#2690 = ORIENTED_EDGE ( 'NONE', *, *, #5323, .F. ) ;
#2691 = LINE ( 'NONE', #7950, #2889 ) ;
#2693 = AXIS2_PLACEMENT_3D ( 'NONE', #7775, #8570, #4004 ) ;
#2692 = DIRECTION ( 'NONE',  ( 0.000000000000000000, 0.000000000000000000, 1.000000000000000000 ) ) ;
#2694 = ADVANCED_FACE ( 'NONE', ( #5109 ), #1194, .F. ) ;
#2696 = ORIENTED_EDGE ( 'NONE', *, *, #8230, .F. ) ;
#2695 = VERTEX_POINT ( 'NONE', #611 ) ;
#2697 = EDGE_CURVE ( 'NONE', #9124, #4029, #3623, .T. ) ;
#2698 = CARTESIAN_POINT ( 'NONE',  ( 0.000000000000000000, 5.599999999999999645, 0.000000000000000000 ) ) ;
#2699 = VECTOR ( 'NONE', #6100, 1000.000000000000000 ) ;
#2700 = ORIENTED_EDGE ( 'NONE', *, *, #544, .F. ) ;
#2701 = FACE_OUTER_BOUND ( 'NONE', #6732, .T. ) ;
#2702 = VERTEX_POINT ( 'NONE', #3421 ) ;
#2703 = AXIS2_PLACEMENT_3D ( 'NONE', #8056, #3550, #394 ) ;
#2704 = AXIS2_PLACEMENT_3D ( 'NONE', #1213, #2285, #6512 ) ;
#2705 = PLANE ( 'NONE',  #3019 ) ;
#2706 = ORIENTED_EDGE ( 'NONE', *, *, #8293, .T. ) ;
#2707 = CARTESIAN_POINT ( 'NONE',  ( 3.215857374261749779, 2.341004915659035124, -1.220617149911500166 ) ) ;
#2708 = DIRECTION ( 'NONE',  ( 0.7071067811865470176, 0.000000000000000000, 0.7071067811865480168 ) ) ;
#2709 = LINE ( 'NONE', #4196, #5701 ) ;
#2710 = AXIS2_PLACEMENT_3D ( 'NONE', #4076, #4967, #383 ) ;
#2711 = DIRECTION ( 'NONE',  ( -1.000000000000000000, 0.000000000000000000, -9.757819552369560416E-15 ) ) ;
#2712 = VERTEX_POINT ( 'NONE', #6436 ) ;
#2713 = ADVANCED_FACE ( 'NONE', ( #8180 ), #1585, .T. ) ;
#2714 = CARTESIAN_POINT ( 'NONE',  ( -13.84999999999999964, 0.1500000000000134837, 2.600000000000000089 ) ) ;
#2716 = EDGE_CURVE ( 'NONE', #2900, #8155, #4554, .T. ) ;
#2715 = ORIENTED_EDGE ( 'NONE', *, *, #9053, .T. ) ;
#2717 = ADVANCED_FACE ( 'NONE', ( #7532 ), #6640, .F. ) ;
#2718 = DIRECTION ( 'NONE',  ( -1.000000000000000000, 0.000000000000000000, 0.000000000000000000 ) ) ;
#2719 = ADVANCED_FACE ( 'NONE', ( #1444 ), #3816, .T. ) ;
#2720 = CARTESIAN_POINT ( 'NONE',  ( 8.616843969807050030, 1.600000000000000089, -4.000000000000000000 ) ) ;
#2721 = CARTESIAN_POINT ( 'NONE',  ( 10.65000000000000036, 4.450000000000000178, -2.600000000000000089 ) ) ;
#2722 = AXIS2_PLACEMENT_3D ( 'NONE', #7218, #1079, #489 ) ;
#2723 = CARTESIAN_POINT ( 'NONE',  ( -11.50000000000000000, 1.149254302834633911E-14, 1.750000000000000000 ) ) ;
#2724 = AXIS2_PLACEMENT_3D ( 'NONE', #5824, #5228, #4336 ) ;
#2725 = DIRECTION ( 'NONE',  ( 0.2588190451025246253, 0.9659258262890673130, 0.000000000000000000 ) ) ;
#2727 = EDGE_LOOP ( 'NONE', ( #4705, #2311, #8821, #6295 ) ) ;
#2726 = EDGE_CURVE ( 'NONE', #9646, #4987, #7539, .T. ) ;
#2728 = CIRCLE ( 'NONE', #2408, 0.8250000000000001776 ) ;
#2729 = ORIENTED_EDGE ( 'NONE', *, *, #610, .T. ) ;
#2730 = DIRECTION ( 'NONE',  ( 0.000000000000000000, 1.000000000000000000, 0.000000000000000000 ) ) ;
#2731 = AXIS2_PLACEMENT_3D ( 'NONE', #2501, #7020, #8551 ) ;
#2732 = CIRCLE ( 'NONE', #3204, 8.000000000000000000 ) ;
#2733 = DIRECTION ( 'NONE',  ( -0.2588190451025241257, -0.9659258262890674240, 0.000000000000000000 ) ) ;
#2734 = FACE_OUTER_BOUND ( 'NONE', #253, .T. ) ;
#2735 = DIRECTION ( 'NONE',  ( -1.000000000000000000, 0.000000000000000000, 5.069866942725959781E-16 ) ) ;
#2736 = PLANE ( 'NONE',  #2455 ) ;
#2737 = EDGE_CURVE ( 'NONE', #3938, #9548, #805, .T. ) ;
#2738 = ORIENTED_EDGE ( 'NONE', *, *, #4043, .F. ) ;
#2740 = ORIENTED_EDGE ( 'NONE', *, *, #5067, .F. ) ;
#2739 = ORIENTED_EDGE ( 'NONE', *, *, #2610, .F. ) ;
#2741 = CARTESIAN_POINT ( 'NONE',  ( -4.297588409752299832, 1.600000000000000089, -4.329056925054540095 ) ) ;
#2742 = ORIENTED_EDGE ( 'NONE', *, *, #5315, .F. ) ;
#2743 = EDGE_CURVE ( 'NONE', #1660, #9791, #1997, .T. ) ;
#2744 = PLANE ( 'NONE',  #2686 ) ;
#2745 = ORIENTED_EDGE ( 'NONE', *, *, #3744, .F. ) ;
#2746 = CARTESIAN_POINT ( 'NONE',  ( 7.741843969807050030, 5.000000000000000000, 0.000000000000000000 ) ) ;
#2747 = DIRECTION ( 'NONE',  ( 5.137884515891888855E-16, 1.000000000000000000, 2.395834896476379738E-16 ) ) ;
#2749 = VERTEX_POINT ( 'NONE', #3764 ) ;
#2748 = ORIENTED_EDGE ( 'NONE', *, *, #2835, .F. ) ;
#2750 = SURFACE_STYLE_USAGE ( .BOTH. , #2049 ) ;
#2751 = CARTESIAN_POINT ( 'NONE',  ( 9.266843969807039727, -1.734723475976804570E-14, 2.600000000000000089 ) ) ;
#2752 = ORIENTED_EDGE ( 'NONE', *, *, #3551, .F. ) ;
#2753 = LINE ( 'NONE', #8801, #7501 ) ;
#2754 = ORIENTED_EDGE ( 'NONE', *, *, #1190, .F. ) ;
#2755 = VECTOR ( 'NONE', #7461, 1000.000000000000000 ) ;
#2756 = DIRECTION ( 'NONE',  ( 1.000000000000000000, 0.000000000000000000, 0.000000000000000000 ) ) ;
#2757 = EDGE_CURVE ( 'NONE', #3693, #9434, #6736, .T. ) ;
#2758 = ORIENTED_EDGE ( 'NONE', *, *, #5454, .F. ) ;
#2759 = DIRECTION ( 'NONE',  ( -0.9659258262890674240, 0.2588190451025236261, -9.637352644315596722E-16 ) ) ;
#2760 = DIRECTION ( 'NONE',  ( 1.000000000000000000, 0.000000000000000000, 0.000000000000000000 ) ) ;
#2761 = CARTESIAN_POINT ( 'NONE',  ( -8.535810117900259897, 4.215031867345190975, -1.092840262693791864 ) ) ;
#2762 = LINE ( 'NONE', #6525, #3010 ) ;
#2763 = VERTEX_POINT ( 'NONE', #9118 ) ;
#2764 = LINE ( 'NONE', #303, #9329 ) ;
#2765 = ORIENTED_EDGE ( 'NONE', *, *, #3365, .F. ) ;
#2766 = CIRCLE ( 'NONE', #1187, 0.2500000000000002220 ) ;
#2767 = EDGE_CURVE ( 'NONE', #7763, #1135, #2969, .T. ) ;
#2768 = CARTESIAN_POINT ( 'NONE',  ( -8.398879921041212171, 4.253567613977999429, 1.149999999999977485 ) ) ;
#2769 = CARTESIAN_POINT ( 'NONE',  ( 0.000000000000000000, 1.399999999999999911, 0.1499999999999999944 ) ) ;
#2770 = DIRECTION ( 'NONE',  ( -1.011922027653276101E-14, 2.711436901129640438E-15, -1.000000000000000000 ) ) ;
#2771 = CARTESIAN_POINT ( 'NONE',  ( 3.088569639382004794, 2.064528707303420418, 1.220617149911503940 ) ) ;
#2772 = VECTOR ( 'NONE', #2959, 1000.000000000000000 ) ;
#2773 = CARTESIAN_POINT ( 'NONE',  ( 0.000000000000000000, 5.000000000000000000, 0.000000000000000000 ) ) ;
#2774 = VERTEX_POINT ( 'NONE', #2325 ) ;
#2775 = ORIENTED_EDGE ( 'NONE', *, *, #8678, .T. ) ;
#2776 = CARTESIAN_POINT ( 'NONE',  ( 3.061121748159414846, 2.278938583672470042, 1.663081858315285100 ) ) ;
#2777 = FACE_OUTER_BOUND ( 'NONE', #4133, .T. ) ;
#2778 = CARTESIAN_POINT ( 'NONE',  ( 0.000000000000000000, 1.600000000000000089, 7.250000000000000000 ) ) ;
#2779 = CARTESIAN_POINT ( 'NONE',  ( 8.666843969807048964, 0.2000000000000000111, -2.600000000000000089 ) ) ;
#2780 = CARTESIAN_POINT ( 'NONE',  ( -8.100226182487579862, 3.012132034355975208, 1.838038760764659996 ) ) ;
#2781 = EDGE_LOOP ( 'NONE', ( #1350, #7611, #4444, #3126 ) ) ;
#2783 = ORIENTED_EDGE ( 'NONE', *, *, #4453, .T. ) ;
#2782 = ORIENTED_EDGE ( 'NONE', *, *, #8117, .T. ) ;
#2784 = LINE ( 'NONE', #6551, #1223 ) ;
#2785 = ADVANCED_FACE ( 'NONE', ( #5994 ), #3670, .T. ) ;
#2786 = CARTESIAN_POINT ( 'NONE',  ( -12.14999999999999858, 39.49734969922095473, 3.500000000000000000 ) ) ;
#2787 = EDGE_CURVE ( 'NONE', #39, #2037, #8972, .T. ) ;
#2788 = PLANE ( 'NONE',  #1705 ) ;
#2789 = FACE_OUTER_BOUND ( 'NONE', #5750, .T. ) ;
#2790 = ORIENTED_EDGE ( 'NONE', *, *, #3383, .T. ) ;
#2791 = CARTESIAN_POINT ( 'NONE',  ( 8.666843969807048964, 4.349999999999999645, -2.000000000000000000 ) ) ;
#2792 = CARTESIAN_POINT ( 'NONE',  ( 7.741843969807050030, 5.000000000000000000, 3.500000000000000000 ) ) ;
#2793 = VECTOR ( 'NONE', #7934, 1000.000000000000114 ) ;
#2795 = VERTEX_POINT ( 'NONE', #2920 ) ;
#2794 = ORIENTED_EDGE ( 'NONE', *, *, #7946, .T. ) ;
#2796 = CARTESIAN_POINT ( 'NONE',  ( -12.14999999999999858, 5.000000000000000000, 0.000000000000000000 ) ) ;
#2797 = DIRECTION ( 'NONE',  ( -1.211928258399427917E-15, -0.9988514561099328670, 0.04791417981210518984 ) ) ;
#2798 = ORIENTED_EDGE ( 'NONE', *, *, #7953, .F. ) ;
#2799 = PLANE ( 'NONE',  #9411 ) ;
#2800 = EDGE_CURVE ( 'NONE', #8223, #7495, #6591, .T. ) ;
#2801 = ORIENTED_EDGE ( 'NONE', *, *, #1704, .T. ) ;
#2802 = CIRCLE ( 'NONE', #3747, 6.100000000000000533 ) ;
#2803 = DIRECTION ( 'NONE',  ( 0.8191520442889947962, -5.800009312744911607E-16, -0.5735764363510417185 ) ) ;
#2804 = VERTEX_POINT ( 'NONE', #9074 ) ;
#2805 = LINE ( 'NONE', #9795, #6527 ) ;
#2806 = DIRECTION ( 'NONE',  ( 0.000000000000000000, 0.000000000000000000, -1.000000000000000000 ) ) ;
#2807 = DIRECTION ( 'NONE',  ( 1.000000000000000000, 0.000000000000000000, 1.084202172485506012E-15 ) ) ;
#2808 = FACE_OUTER_BOUND ( 'NONE', #3619, .T. ) ;
#2809 = ORIENTED_EDGE ( 'NONE', *, *, #5799, .F. ) ;
#2810 = CARTESIAN_POINT ( 'NONE',  ( 8.163325866132991493, 0.2000000000000000111, -3.789473684210525217 ) ) ;
#2811 = ORIENTED_EDGE ( 'NONE', *, *, #8153, .T. ) ;
#2812 = VECTOR ( 'NONE', #7430, 1000.000000000000000 ) ;
#2813 = ORIENTED_EDGE ( 'NONE', *, *, #3324, .T. ) ;
#2814 = FACE_OUTER_BOUND ( 'NONE', #6661, .T. ) ;
#2816 = DIRECTION ( 'NONE',  ( -1.000000000000000000, 0.000000000000000000, 0.000000000000000000 ) ) ;
#2815 = AXIS2_PLACEMENT_3D ( 'NONE', #7794, #4620, #6854 ) ;
#2817 = CARTESIAN_POINT ( 'NONE',  ( 8.666843969807048964, 4.349999999999999645, 2.600000000000000089 ) ) ;
#2818 = LINE ( 'NONE', #4311, #9187 ) ;
#2819 = PLANE ( 'NONE',  #2615 ) ;
#2820 = ORIENTED_EDGE ( 'NONE', *, *, #2428, .F. ) ;
#2821 = EDGE_CURVE ( 'NONE', #4924, #3188, #1490, .T. ) ;
#2822 = ORIENTED_EDGE ( 'NONE', *, *, #2360, .F. ) ;
#2823 = CARTESIAN_POINT ( 'NONE',  ( -5.402777063696039939, 5.599999999999999645, 5.899999999999999467 ) ) ;
#2824 = VECTOR ( 'NONE', #9583, 1000.000000000000000 ) ;
#2825 = CARTESIAN_POINT ( 'NONE',  ( -5.048905886026750167, 5.364168724084649398, -5.899999999999999467 ) ) ;
#2826 = CARTESIAN_POINT ( 'NONE',  ( -2.399999999999999911, 1.399999999999999911, -2.500000000000000000 ) ) ;
#2827 = CARTESIAN_POINT ( 'NONE',  ( -6.360817557515700216, 0.2000000000000000111, -4.250000000000000000 ) ) ;
#2828 = EDGE_CURVE ( 'NONE', #4928, #967, #8326, .T. ) ;
#2829 = LINE ( 'NONE', #8785, #5614 ) ;
#2830 = ORIENTED_EDGE ( 'NONE', *, *, #5789, .T. ) ;
#2832 = ORIENTED_EDGE ( 'NONE', *, *, #2025, .T. ) ;
#2831 = ORIENTED_EDGE ( 'NONE', *, *, #6564, .T. ) ;
#2833 = LINE ( 'NONE', #4371, #969 ) ;
#2834 = EDGE_CURVE ( 'NONE', #7303, #6521, #9489, .T. ) ;
#2835 = EDGE_CURVE ( 'NONE', #9585, #3181, #6695, .T. ) ;
#2836 = EDGE_CURVE ( 'NONE', #5369, #9412, #8228, .T. ) ;
#2837 = ADVANCED_FACE ( 'NONE', ( #211 ), #6334, .F. ) ;
#2838 = LINE ( 'NONE', #8383, #7247 ) ;
#2839 = CARTESIAN_POINT ( 'NONE',  ( -3.819999999999999840, -7.269011204192789677, -0.8750000000000000000 ) ) ;
#2840 = ORIENTED_EDGE ( 'NONE', *, *, #9755, .F. ) ;
#2841 = CLOSED_SHELL ( 'NONE', ( #1733, #68, #5288, #669, #1088, #9141, #2120, #5194, #3513, #7817, #1970, #6872, #6249, #781, #6097, #1727, #3088, #417, #7038, #4207, #8516, #5751, #3115, #190, #3018, #6835, #5993, #1713, #4240, #8996, #5205, #266, #4471, #6920, #2421, #7208, #5529, #2990, #1810, #5255, #6213, #1685, #8287, #8241, #8836, #9647, #4888, #6602, #1694, #8641, #9147, #959, #469, #8328, #1271, #8055, #7134, #5882, #7316, #4918, #8919, #3140, #4773, #6532, #8110, #6473, #4709, #5548, #2535, #8239, #6554, #7225, #3455, #2531, #8031, #2398, #6346, #6991, #2837, #5851, #7649, #4569, #5081, #6509, #4761, #4689, #2158, #9035, #9634, #2577, #7307, #8429, #1330, #568, #4115, #8288, #4497, #2719, #2717, #7541, #8515, #8411, #8628, #214, #1863, #5698, #2675, #621, #3403, #1518, #7666, #9312, #7850, #6884, #1203, #3533, #4269, #5725, #828, #9020, #7923, #4734, #7812, #2026, #1269, #1038, #8719, #64, #4602, #9535, #905, #5377, #1019, #1846, #6873, #7567, #4472, #1631, #2890, #7968, #5500, #7581, #9703, #2113, #197, #4343, #255, #9767, #8820, #9689, #6772, #1297, #6636, #4540, #9023, #1244, #8530, #7255, #3076, #8526, #1774, #2274, #314, #484, #2664, #5728, #6864 ) ) ;
#2842 = DIRECTION ( 'NONE',  ( -0.000000000000000000, 1.000000000000000000, 0.000000000000000000 ) ) ;
#2844 = ORIENTED_EDGE ( 'NONE', *, *, #8425, .F. ) ;
#2843 = ORIENTED_EDGE ( 'NONE', *, *, #8024, .T. ) ;
#2845 = FACE_OUTER_BOUND ( 'NONE', #2067, .T. ) ;
#2846 = EDGE_CURVE ( 'NONE', #1534, #3281, #6936, .T. ) ;
#2847 = CARTESIAN_POINT ( 'NONE',  ( 0.7747909210062959851, 2.891559082438539541, -2.000000000000000000 ) ) ;
#2848 = VECTOR ( 'NONE', #8886, 1000.000000000000000 ) ;
#2849 = ORIENTED_EDGE ( 'NONE', *, *, #1385, .T. ) ;
#2850 = DIRECTION ( 'NONE',  ( 1.269309860470833935E-15, 1.000000000000000000, 0.000000000000000000 ) ) ;
#2851 = VECTOR ( 'NONE', #7565, 1000.000000000000000 ) ;
#2852 = VERTEX_POINT ( 'NONE', #3314 ) ;
#2853 = CIRCLE ( 'NONE', #5384, 0.2750000000000000222 ) ;
#2854 = PLANE ( 'NONE',  #982 ) ;
#2855 = EDGE_LOOP ( 'NONE', ( #2603, #5004, #9495, #2765 ) ) ;
#2856 = VECTOR ( 'NONE', #7773, 1000.000000000000000 ) ;
#2857 = CARTESIAN_POINT ( 'NONE',  ( -4.649999999999999467, 1.600000000000000089, -4.250000000000000000 ) ) ;
#2858 = CARTESIAN_POINT ( 'NONE',  ( 11.44999999999999929, 2.250000000000000000, -2.000000000000000000 ) ) ;
#2859 = AXIS2_PLACEMENT_3D ( 'NONE', #813, #4467, #9227 ) ;
#2860 = CARTESIAN_POINT ( 'NONE',  ( -12.14999999999999858, 5.000000000000000000, -2.850000000000040057 ) ) ;
#2861 = DIRECTION ( 'NONE',  ( 0.000000000000000000, 0.000000000000000000, 1.000000000000000000 ) ) ;
#2862 = DIRECTION ( 'NONE',  ( 0.9463498560679951543, -0.3231438532915100192, 0.000000000000000000 ) ) ;
#2863 = AXIS2_PLACEMENT_3D ( 'NONE', #2115, #1473, #8262 ) ;
#2864 = ORIENTED_EDGE ( 'NONE', *, *, #1210, .F. ) ;
#2865 = ORIENTED_EDGE ( 'NONE', *, *, #1085, .T. ) ;
#2866 = AXIS2_PLACEMENT_3D ( 'NONE', #4558, #433, #1954 ) ;
#2867 = EDGE_CURVE ( 'NONE', #512, #3188, #2377, .T. ) ;
#2868 = DIRECTION ( 'NONE',  ( 0.000000000000000000, 1.000000000000000000, 0.000000000000000000 ) ) ;
#2869 = DIRECTION ( 'NONE',  ( 0.000000000000000000, 0.000000000000000000, 1.000000000000000000 ) ) ;
#2870 = CARTESIAN_POINT ( 'NONE',  ( 8.693779865510155247, 4.418364076687185893, -2.000600679171619767 ) ) ;
#2871 = LINE ( 'NONE', #2958, #3800 ) ;
#2872 = DIRECTION ( 'NONE',  ( 1.000000000000000000, 0.000000000000000000, 9.757819552369560416E-15 ) ) ;
#2873 = VERTEX_POINT ( 'NONE', #942 ) ;
#2874 = EDGE_LOOP ( 'NONE', ( #1798, #9633, #9469, #3591 ) ) ;
#2875 = DIRECTION ( 'NONE',  ( 1.000000000000000000, 0.000000000000000000, 0.000000000000000000 ) ) ;
#2876 = AXIS2_PLACEMENT_3D ( 'NONE', #9206, #6177, #7770 ) ;
#2877 = VECTOR ( 'NONE', #2463, 1000.000000000000000 ) ;
#2878 = LINE ( 'NONE', #1298, #9481 ) ;
#2879 = VECTOR ( 'NONE', #7660, 1000.000000000000000 ) ;
#2880 = EDGE_CURVE ( 'NONE', #2852, #3878, #9762, .T. ) ;
#2881 = LINE ( 'NONE', #6595, #802 ) ;
#2882 = CARTESIAN_POINT ( 'NONE',  ( 0.000000000000000000, 5.250000000000000000, 0.000000000000000000 ) ) ;
#2883 = ORIENTED_EDGE ( 'NONE', *, *, #479, .F. ) ;
#2885 = VERTEX_POINT ( 'NONE', #7039 ) ;
#2884 = ORIENTED_EDGE ( 'NONE', *, *, #5579, .F. ) ;
#2886 = DIRECTION ( 'NONE',  ( 1.000000000000000000, -1.387778780781444492E-15, 0.000000000000000000 ) ) ;
#2887 = LINE ( 'NONE', #9636, #6023 ) ;
#2888 = VECTOR ( 'NONE', #7163, 1000.000000000000000 ) ;
#2889 = VECTOR ( 'NONE', #1949, 1000.000000000000000 ) ;
#2890 = ADVANCED_FACE ( 'NONE', ( #4843 ), #7780, .T. ) ;
#2891 = FACE_OUTER_BOUND ( 'NONE', #4857, .T. ) ;
#2892 = LINE ( 'NONE', #7452, #1584 ) ;
#2893 = ORIENTED_EDGE ( 'NONE', *, *, #2379, .F. ) ;
#2894 = DIRECTION ( 'NONE',  ( 1.000000000000000000, 4.231032868236114925E-16, 0.000000000000000000 ) ) ;
#2896 = VERTEX_POINT ( 'NONE', #4747 ) ;
#2895 = ORIENTED_EDGE ( 'NONE', *, *, #317, .F. ) ;
#2897 = LINE ( 'NONE', #5821, #1583 ) ;
#2898 = ORIENTED_EDGE ( 'NONE', *, *, #4769, .T. ) ;
#2899 = DIRECTION ( 'NONE',  ( 7.279101552726930441E-16, 1.000000000000000000, 0.000000000000000000 ) ) ;
#2900 = VERTEX_POINT ( 'NONE', #4698 ) ;
#2901 = LINE ( 'NONE', #1320, #3508 ) ;
#2902 = ORIENTED_EDGE ( 'NONE', *, *, #5753, .T. ) ;
#2903 = DIRECTION ( 'NONE',  ( -1.000000000000000000, -1.153406566473939781E-16, 0.000000000000000000 ) ) ;
#2904 = CARTESIAN_POINT ( 'NONE',  ( 0.000000000000000000, 5.000000000000000000, 0.000000000000000000 ) ) ;
#2905 = DIRECTION ( 'NONE',  ( 0.000000000000000000, 0.000000000000000000, -1.000000000000000000 ) ) ;
#2906 = CARTESIAN_POINT ( 'NONE',  ( -4.545000000000000817, 1.300000000000000044, -0.1499999999999999944 ) ) ;
#2907 = CARTESIAN_POINT ( 'NONE',  ( 0.000000000000000000, 5.000000000000000000, 0.000000000000000000 ) ) ;
#2908 = ORIENTED_EDGE ( 'NONE', *, *, #2610, .T. ) ;
#2909 = EDGE_LOOP ( 'NONE', ( #5283, #8322, #1260, #5363, #3648 ) ) ;
#2910 = EDGE_CURVE ( 'NONE', #2007, #732, #5164, .T. ) ;
#2911 = LINE ( 'NONE', #9109, #1687 ) ;
#2912 = FACE_OUTER_BOUND ( 'NONE', #1941, .T. ) ;
#2913 = DIRECTION ( 'NONE',  ( -5.815882107279680187E-16, -1.000000000000000000, 2.711990365551150046E-16 ) ) ;
#2914 = CARTESIAN_POINT ( 'NONE',  ( -6.984701488429970517, 1.899999999999999911, -3.542219310216675243 ) ) ;
#2915 = CARTESIAN_POINT ( 'NONE',  ( -3.381937314617169843, 39.49734969922095473, 7.250000000000000000 ) ) ;
#2916 = ORIENTED_EDGE ( 'NONE', *, *, #4353, .F. ) ;
#2917 = ORIENTED_EDGE ( 'NONE', *, *, #670, .T. ) ;
#2918 = CYLINDRICAL_SURFACE ( 'NONE', #7972, 0.2500000000000002220 ) ;
#2919 = ORIENTED_EDGE ( 'NONE', *, *, #4587, .T. ) ;
#2920 = CARTESIAN_POINT ( 'NONE',  ( 3.381937314617169843, 1.600000000000000089, 7.250000000000000000 ) ) ;
#2921 = AXIS2_PLACEMENT_3D ( 'NONE', #2882, #614, #3627 ) ;
#2922 = DIRECTION ( 'NONE',  ( 0.000000000000000000, 0.000000000000000000, 1.000000000000000000 ) ) ;
#2923 = DIRECTION ( 'NONE',  ( 0.000000000000000000, 1.000000000000000000, 0.000000000000000000 ) ) ;
#2924 = CARTESIAN_POINT ( 'NONE',  ( 0.000000000000000000, 5.599999999999999645, 0.000000000000000000 ) ) ;
#2926 = ORIENTED_EDGE ( 'NONE', *, *, #2846, .F. ) ;
#2925 = ORIENTED_EDGE ( 'NONE', *, *, #6350, .F. ) ;
#2927 = LINE ( 'NONE', #8936, #5862 ) ;
#2928 = LINE ( 'NONE', #8588, #6444 ) ;
#2929 = DIRECTION ( 'NONE',  ( -0.9659258262890674240, 0.2588190451025237371, 0.000000000000000000 ) ) ;
#2930 = EDGE_CURVE ( 'NONE', #7303, #1123, #6190, .T. ) ;
#2931 = EDGE_LOOP ( 'NONE', ( #1476, #1373 ) ) ;
#2932 = DIRECTION ( 'NONE',  ( -0.9745213852811449584, -0.2242946045488350137, 4.025059821163431001E-15 ) ) ;
#2933 = ADVANCED_FACE ( 'NONE', ( #7087 ), #8474, .T. ) ;
#2935 = ORIENTED_EDGE ( 'NONE', *, *, #5454, .T. ) ;
#2934 = ORIENTED_EDGE ( 'NONE', *, *, #9093, .T. ) ;
#2936 = EDGE_CURVE ( 'NONE', #3611, #7303, #3860, .T. ) ;
#2937 = LINE ( 'NONE', #3594, #1894 ) ;
#2938 = ORIENTED_EDGE ( 'NONE', *, *, #227, .T. ) ;
#2939 = CARTESIAN_POINT ( 'NONE',  ( -6.360817557515700216, 5.000000000000000000, -4.250000000000000000 ) ) ;
#2940 = ORIENTED_EDGE ( 'NONE', *, *, #2338, .F. ) ;
#2941 = AXIS2_PLACEMENT_3D ( 'NONE', #7636, #3022, #8281 ) ;
#2942 = CARTESIAN_POINT ( 'NONE',  ( 7.741843969807039372, 1.024742844387559915, -2.561205257171719651 ) ) ;
#2943 = ORIENTED_EDGE ( 'NONE', *, *, #3865, .F. ) ;
#2944 = DIRECTION ( 'NONE',  ( 0.000000000000000000, 0.000000000000000000, 1.000000000000000000 ) ) ;
#2945 = CARTESIAN_POINT ( 'NONE',  ( -7.167387715921189617, 4.349999999999999645, -2.908753138060674814 ) ) ;
#2946 = DIRECTION ( 'NONE',  ( 0.000000000000000000, -1.000000000000000000, 3.301693231139759868E-16 ) ) ;
#2947 = CARTESIAN_POINT ( 'NONE',  ( 3.061121748159405076, 2.278938583672470042, -1.663081858315279993 ) ) ;
#2948 = CARTESIAN_POINT ( 'NONE',  ( 12.14999999999999858, 4.299999999999999822, -2.600000000000000089 ) ) ;
#2949 = AXIS2_PLACEMENT_3D ( 'NONE', #7136, #1137, #7919 ) ;
#2950 = ORIENTED_EDGE ( 'NONE', *, *, #6917, .F. ) ;
#2952 = EDGE_CURVE ( 'NONE', #2089, #2100, #895, .T. ) ;
#2951 = EDGE_LOOP ( 'NONE', ( #3559, #6566, #738, #3044 ) ) ;
#2953 = EDGE_CURVE ( 'NONE', #3557, #3350, #5481, .T. ) ;
#2954 = VECTOR ( 'NONE', #1650, 1000.000000000000000 ) ;
#2955 = DIRECTION ( 'NONE',  ( -1.000000000000000000, 0.000000000000000000, 0.000000000000000000 ) ) ;
#2956 = LINE ( 'NONE', #6081, #6935 ) ;
#2957 = DIRECTION ( 'NONE',  ( -0.2588190451025250693, -0.9659258262890672020, 0.000000000000000000 ) ) ;
#2958 = CARTESIAN_POINT ( 'NONE',  ( 8.516843969807039727, 4.349999999999999645, 2.600000000000000089 ) ) ;
#2959 = DIRECTION ( 'NONE',  ( 0.000000000000000000, 0.000000000000000000, -1.000000000000000000 ) ) ;
#2960 = VERTEX_POINT ( 'NONE', #2574 ) ;
#2961 = VECTOR ( 'NONE', #3376, 1000.000000000000000 ) ;
#2962 = EDGE_LOOP ( 'NONE', ( #7504, #974, #3423, #5610 ) ) ;
#2963 = EDGE_CURVE ( 'NONE', #5594, #5244, #2521, .T. ) ;
#2964 = EDGE_CURVE ( 'NONE', #5466, #3012, #6993, .T. ) ;
#2965 = LINE ( 'NONE', #5299, #9569 ) ;
#2966 = ORIENTED_EDGE ( 'NONE', *, *, #6697, .T. ) ;
#2967 = VECTOR ( 'NONE', #9591, 1000.000000000000000 ) ;
#2968 = AXIS2_PLACEMENT_3D ( 'NONE', #6385, #1000, #9370 ) ;
#2969 = LINE ( 'NONE', #6092, #9126 ) ;
#2970 = CARTESIAN_POINT ( 'NONE',  ( -8.583215035636019508, 4.215104498490870100, 1.123193884577255774 ) ) ;
#2971 = CARTESIAN_POINT ( 'NONE',  ( -8.621631980879289614, 4.216094314104419816, -1.093394109087749921 ) ) ;
#2972 = DIRECTION ( 'NONE',  ( 1.000000000000000000, 0.000000000000000000, 0.000000000000000000 ) ) ;
#2973 = ORIENTED_EDGE ( 'NONE', *, *, #7046, .T. ) ;
#2974 = AXIS2_PLACEMENT_3D ( 'NONE', #6128, #2364, #6877 ) ;
#2975 = CARTESIAN_POINT ( 'NONE',  ( -8.816843969807040438, 4.599999999999999645, -0.9499999999999999556 ) ) ;
#2976 = FACE_OUTER_BOUND ( 'NONE', #3366, .T. ) ;
#2977 = CARTESIAN_POINT ( 'NONE',  ( 8.139198256276291232, 0.9182720842190770227, 2.000000000000000000 ) ) ;
#2978 = ORIENTED_EDGE ( 'NONE', *, *, #677, .F. ) ;
#2979 = AXIS2_PLACEMENT_3D ( 'NONE', #2132, #5948, #4461 ) ;
#2980 = DIRECTION ( 'NONE',  ( 4.006459897979604992E-15, -1.000000000000000000, 3.298733973178985140E-15 ) ) ;
#2982 = VERTEX_POINT ( 'NONE', #112 ) ;
#2981 = ORIENTED_EDGE ( 'NONE', *, *, #8003, .T. ) ;
#2983 = CARTESIAN_POINT ( 'NONE',  ( -8.666843969807064951, 4.274470035644267085, -0.9500000000000013989 ) ) ;
#2984 = CARTESIAN_POINT ( 'NONE',  ( -7.462333453469850220, 1.899999999999999911, -2.749043990226635259 ) ) ;
#2985 = ORIENTED_EDGE ( 'NONE', *, *, #1936, .F. ) ;
#2986 = FACE_OUTER_BOUND ( 'NONE', #1696, .T. ) ;
#2987 = ORIENTED_EDGE ( 'NONE', *, *, #4720, .T. ) ;
#2988 = VECTOR ( 'NONE', #1870, 1000.000000000000000 ) ;
#2989 = DIRECTION ( 'NONE',  ( 1.000000000000000000, 0.000000000000000000, 0.000000000000000000 ) ) ;
#2990 = ADVANCED_FACE ( 'NONE', ( #9264 ), #3589, .F. ) ;
#2991 = ORIENTED_EDGE ( 'NONE', *, *, #1201, .F. ) ;
#2992 = DIRECTION ( 'NONE',  ( 0.000000000000000000, 1.000000000000000000, 0.000000000000000000 ) ) ;
#2993 = FACE_OUTER_BOUND ( 'NONE', #1676, .T. ) ;
#2994 = EDGE_CURVE ( 'NONE', #9051, #2804, #5404, .T. ) ;
#2995 = VECTOR ( 'NONE', #5758, 1000.000000000000000 ) ;
#2996 = DIRECTION ( 'NONE',  ( 0.000000000000000000, 0.000000000000000000, 1.000000000000000000 ) ) ;
#2997 = DIRECTION ( 'NONE',  ( 0.000000000000000000, -1.000000000000000000, 0.000000000000000000 ) ) ;
#2998 = CARTESIAN_POINT ( 'NONE',  ( -6.500336419007919808, 5.366007061932590361, 4.250000000000000000 ) ) ;
#2999 = CIRCLE ( 'NONE', #2208, 8.000000000000000000 ) ;
#3000 = VERTEX_POINT ( 'NONE', #7680 ) ;
#3001 = VECTOR ( 'NONE', #8948, 1000.000000000000000 ) ;
#3002 = ORIENTED_EDGE ( 'NONE', *, *, #3859, .F. ) ;
#3003 = AXIS2_PLACEMENT_3D ( 'NONE', #7722, #743, #105 ) ;
#3004 = EDGE_CURVE ( 'NONE', #9014, #7520, #7228, .T. ) ;
#3005 = VECTOR ( 'NONE', #7654, 1000.000000000000000 ) ;
#3006 = FACE_OUTER_BOUND ( 'NONE', #8248, .T. ) ;
#3007 = LINE ( 'NONE', #5985, #6134 ) ;
#3008 = DIRECTION ( 'NONE',  ( 0.000000000000000000, 1.000000000000000000, 0.000000000000000000 ) ) ;
#3009 = DIRECTION ( 'NONE',  ( 0.9497513090414942960, -0.2544850962680738626, -0.1822355254921413370 ) ) ;
#3010 = VECTOR ( 'NONE', #7870, 1000.000000000000000 ) ;
#3011 = PLANE ( 'NONE',  #6569 ) ;
#3012 = VERTEX_POINT ( 'NONE', #4250 ) ;
#3013 = ORIENTED_EDGE ( 'NONE', *, *, #7806, .F. ) ;
#3014 = EDGE_CURVE ( 'NONE', #7703, #4866, #903, .T. ) ;
#3015 = DIRECTION ( 'NONE',  ( 0.000000000000000000, -1.000000000000000000, 0.000000000000000000 ) ) ;
#3016 = VECTOR ( 'NONE', #7738, 1000.000000000000000 ) ;
#3018 = ADVANCED_FACE ( 'NONE', ( #8868 ), #9519, .F. ) ;
#3017 = ORIENTED_EDGE ( 'NONE', *, *, #2375, .T. ) ;
#3019 = AXIS2_PLACEMENT_3D ( 'NONE', #1220, #3451, #2756 ) ;
#3020 = EDGE_CURVE ( 'NONE', #7494, #1858, #6426, .T. ) ;
#3021 = VECTOR ( 'NONE', #9123, 1000.000000000000000 ) ;
#3022 = DIRECTION ( 'NONE',  ( 0.000000000000000000, -1.000000000000000000, 0.000000000000000000 ) ) ;
#3023 = EDGE_CURVE ( 'NONE', #2774, #4393, #7333, .T. ) ;
#3024 = CARTESIAN_POINT ( 'NONE',  ( 0.000000000000000000, 5.599999999999999645, 0.000000000000000000 ) ) ;
#3025 = FACE_OUTER_BOUND ( 'NONE', #7427, .T. ) ;
#3026 = LINE ( 'NONE', #3676, #8781 ) ;
#3027 =( BOUNDED_SURFACE ( )  B_SPLINE_SURFACE ( 3, 2, ( 
 ( #5469, #1508, #85 ),
 ( #3041, #5319, #36 ),
 ( #9235, #2399, #5423 ),
 ( #8447, #914, #6065 ) ),
 .UNSPECIFIED., .F., .F., .F. ) 
 B_SPLINE_SURFACE_WITH_KNOTS ( ( 4, 4 ),
 ( 3, 3 ),
 ( -9.024402482890589764E-06, 0.0001752163976008815104 ),
 ( 0.000000000000000000, 1.000000000000000000 ),
 .UNSPECIFIED. ) 
 GEOMETRIC_REPRESENTATION_ITEM ( )  RATIONAL_B_SPLINE_SURFACE ( (
 ( 1.000000000000000000, 1.000000000000000000, 1.000000000000000000),
 ( 1.000000000000000000, 1.000000028616200076, 1.000000000000000000),
 ( 1.000000000000000000, 0.9996318250166210673, 1.000000000000000000),
 ( 1.000000000000000000, 0.9988951846546899604, 1.000000000000000000) ) ) 
 REPRESENTATION_ITEM ( '' )  SURFACE ( )  );
#3028 = FILL_AREA_STYLE_COLOUR ( '', #2388 ) ;
#3029 = ORIENTED_EDGE ( 'NONE', *, *, #1652, .F. ) ;
#3030 = CARTESIAN_POINT ( 'NONE',  ( -8.616843969807041148, 39.49734969922095473, 4.000000000000000000 ) ) ;
#3031 = CARTESIAN_POINT ( 'NONE',  ( 3.348386714254389738E-15, 4.599999999999999645, -0.9499999999999999556 ) ) ;
#3032 = EDGE_CURVE ( 'NONE', #6951, #9440, #1535, .T. ) ;
#3033 = CARTESIAN_POINT ( 'NONE',  ( -2.669227416313564749, 1.399999999999999911, -5.485000000000000320 ) ) ;
#3034 = ORIENTED_EDGE ( 'NONE', *, *, #6163, .T. ) ;
#3035 = CARTESIAN_POINT ( 'NONE',  ( -8.666843969807048964, 1.600000000000000089, 0.000000000000000000 ) ) ;
#3036 = AXIS2_PLACEMENT_3D ( 'NONE', #7962, #3453, #9508 ) ;
#3038 = ORIENTED_EDGE ( 'NONE', *, *, #4592, .T. ) ;
#3037 = ORIENTED_EDGE ( 'NONE', *, *, #8894, .T. ) ;
#3039 = CARTESIAN_POINT ( 'NONE',  ( 8.666843969807048964, 1.600000000000000089, 0.000000000000000000 ) ) ;
#3040 = VECTOR ( 'NONE', #5830, 1000.000000000000000 ) ;
#3041 = CARTESIAN_POINT ( 'NONE',  ( -8.527530397787018046, 4.214999999999999858, 1.051660415481565858 ) ) ;
#3042 = ORIENTED_EDGE ( 'NONE', *, *, #8849, .T. ) ;
#3043 = LINE ( 'NONE', #968, #3671 ) ;
#3044 = ORIENTED_EDGE ( 'NONE', *, *, #4366, .F. ) ;
#3045 = CARTESIAN_POINT ( 'NONE',  ( 8.516843969807048609, 9.404585296499380134E-15, 2.000000000000000000 ) ) ;
#3046 = ORIENTED_EDGE ( 'NONE', *, *, #9391, .T. ) ;
#3047 = LINE ( 'NONE', #137, #210 ) ;
#3048 = EDGE_CURVE ( 'NONE', #6769, #8124, #504, .T. ) ;
#3049 = LINE ( 'NONE', #9148, #4505 ) ;
#3050 = CARTESIAN_POINT ( 'NONE',  ( -8.643553156550950689, 4.214911219604974946, 1.055019060678877851 ) ) ;
#3051 = CARTESIAN_POINT ( 'NONE',  ( -9.866843969807048254, 4.700000000000000178, 0.000000000000000000 ) ) ;
#3052 = DIRECTION ( 'NONE',  ( -0.9063077870366493816, 5.669028325014412338E-16, -0.4226182617407006625 ) ) ;
#3053 = VERTEX_POINT ( 'NONE', #5688 ) ;
#3054 = VERTEX_POINT ( 'NONE', #2075 ) ;
#3055 = EDGE_CURVE ( 'NONE', #2195, #9669, #3563, .T. ) ;
#3056 = EDGE_CURVE ( 'NONE', #7903, #863, #7705, .T. ) ;
#3057 = CARTESIAN_POINT ( 'NONE',  ( 0.000000000000000000, 1.399999999999999911, 0.000000000000000000 ) ) ;
#3058 = CYLINDRICAL_SURFACE ( 'NONE', #4776, 0.09999999999999939493 ) ;
#3059 = FACE_OUTER_BOUND ( 'NONE', #4172, .T. ) ;
#3060 = CARTESIAN_POINT ( 'NONE',  ( -8.766843969807039727, 4.349999999999999645, -0.9499999999999999556 ) ) ;
#3061 = DIRECTION ( 'NONE',  ( 0.5735764363510417185, -3.686657150019163557E-16, -0.8191520442889946851 ) ) ;
#3062 = LINE ( 'NONE', #5683, #5232 ) ;
#3063 = ORIENTED_EDGE ( 'NONE', *, *, #2277, .T. ) ;
#3064 = ORIENTED_EDGE ( 'NONE', *, *, #6146, .T. ) ;
#3065 = ADVANCED_FACE ( 'NONE', ( #7970 ), #6068, .F. ) ;
#3066 = CARTESIAN_POINT ( 'NONE',  ( 8.139198256276291232, 0.9182720842190770227, -2.000000000000000000 ) ) ;
#3067 = ORIENTED_EDGE ( 'NONE', *, *, #8880, .F. ) ;
#3068 = VECTOR ( 'NONE', #4506, 1000.000000000000000 ) ;
#3069 = DIRECTION ( 'NONE',  ( -0.9063077870366498257, 6.417115896461450403E-16, 0.4226182617406998854 ) ) ;
#3070 = DIRECTION ( 'NONE',  ( 1.000000000000000000, 0.000000000000000000, 0.000000000000000000 ) ) ;
#3071 = DIRECTION ( 'NONE',  ( 1.000000000000000000, 0.000000000000000000, 0.000000000000000000 ) ) ;
#3072 = DIRECTION ( 'NONE',  ( 0.000000000000000000, 1.000000000000000000, 0.000000000000000000 ) ) ;
#3073 = DIRECTION ( 'NONE',  ( 0.000000000000000000, 0.000000000000000000, 1.000000000000000000 ) ) ;
#3074 = ORIENTED_EDGE ( 'NONE', *, *, #6954, .F. ) ;
#3075 = DIRECTION ( 'NONE',  ( 0.000000000000000000, -1.000000000000000000, 0.000000000000000000 ) ) ;
#3076 = ADVANCED_FACE ( 'NONE', ( #9464 ), #5642, .T. ) ;
#3077 = VECTOR ( 'NONE', #7493, 1000.000000000000000 ) ;
#3078 = CYLINDRICAL_SURFACE ( 'NONE', #5186, 0.5000000000000004441 ) ;
#3079 = DIRECTION ( 'NONE',  ( -0.5735764363510417185, 3.686657150019163557E-16, -0.8191520442889946851 ) ) ;
#3080 = ORIENTED_EDGE ( 'NONE', *, *, #2952, .T. ) ;
#3081 = DIRECTION ( 'NONE',  ( 0.8191520442889946851, -5.800009312744919496E-16, 0.5735764363510417185 ) ) ;
#3082 = EDGE_CURVE ( 'NONE', #8211, #2296, #4692, .T. ) ;
#3084 = VERTEX_POINT ( 'NONE', #7227 ) ;
#3083 = ORIENTED_EDGE ( 'NONE', *, *, #3444, .F. ) ;
#3085 = VECTOR ( 'NONE', #5252, 1000.000000000000000 ) ;
#3086 = CARTESIAN_POINT ( 'NONE',  ( 4.869548233666040282, 5.599999999999999645, 5.899999999999999467 ) ) ;
#3087 = FACE_OUTER_BOUND ( 'NONE', #2453, .T. ) ;
#3088 = ADVANCED_FACE ( 'NONE', ( #2814 ), #5099, .F. ) ;
#3089 = EDGE_LOOP ( 'NONE', ( #3560, #6626, #870, #1813, #6397, #7742, #9702, #2500, #5159, #8794, #4142 ) ) ;
#3090 = EDGE_CURVE ( 'NONE', #8594, #6402, #2802, .T. ) ;
#3091 = CARTESIAN_POINT ( 'NONE',  ( -7.290260522564540047, 4.349999999999999645, 2.994789603513335230 ) ) ;
#3092 = CARTESIAN_POINT ( 'NONE',  ( 0.000000000000000000, 5.599999999999999645, 0.000000000000000000 ) ) ;
#3093 = VERTEX_POINT ( 'NONE', #6384 ) ;
#3094 = CARTESIAN_POINT ( 'NONE',  ( -8.766843969807039727, 4.349999999999999645, -0.9499999999999999556 ) ) ;
#3095 = DIRECTION ( 'NONE',  ( 0.000000000000000000, -1.000000000000000000, 0.000000000000000000 ) ) ;
#3096 = ORIENTED_EDGE ( 'NONE', *, *, #3992, .T. ) ;
#3097 = PLANE ( 'NONE',  #9028 ) ;
#3098 = EDGE_CURVE ( 'NONE', #1157, #3922, #1091, .T. ) ;
#3099 = ORIENTED_EDGE ( 'NONE', *, *, #4306, .F. ) ;
#3100 = ORIENTED_EDGE ( 'NONE', *, *, #965, .F. ) ;
#3101 = LINE ( 'NONE', #1570, #8743 ) ;
#3102 = DIRECTION ( 'NONE',  ( 0.000000000000000000, 0.000000000000000000, -1.000000000000000000 ) ) ;
#3103 = CARTESIAN_POINT ( 'NONE',  ( -4.869548233666040282, 5.250000000000000000, 5.899999999999999467 ) ) ;
#3104 = DIRECTION ( 'NONE',  ( 1.445602896647339903E-16, 0.000000000000000000, 1.000000000000000000 ) ) ;
#3105 = CARTESIAN_POINT ( 'NONE',  ( 11.50000000000000000, 0.2500000000000000000, -1.750000000000000000 ) ) ;
#3106 = LINE ( 'NONE', #6083, #8394 ) ;
#3107 = CARTESIAN_POINT ( 'NONE',  ( -8.816843969807040438, 4.450000000000000178, -0.9499999999999999556 ) ) ;
#3108 = AXIS2_PLACEMENT_3D ( 'NONE', #7830, #999, #5597 ) ;
#3109 = ORIENTED_EDGE ( 'NONE', *, *, #6052, .F. ) ;
#3110 = ORIENTED_EDGE ( 'NONE', *, *, #1906, .T. ) ;
#3111 = CARTESIAN_POINT ( 'NONE',  ( -8.621631980879289614, 4.216094314104439356, 1.093394109087759913 ) ) ;
#3112 = ORIENTED_EDGE ( 'NONE', *, *, #76, .F. ) ;
#3113 = CARTESIAN_POINT ( 'NONE',  ( 0.000000000000000000, 5.599999999999999645, 0.000000000000000000 ) ) ;
#3114 = CARTESIAN_POINT ( 'NONE',  ( -9.266843969807039727, 4.315000000000000391, -0.9499999999999999556 ) ) ;
#3115 = ADVANCED_FACE ( 'NONE', ( #8669 ), #4891, .F. ) ;
#3116 = DIRECTION ( 'NONE',  ( 0.000000000000000000, -1.000000000000000000, 0.000000000000000000 ) ) ;
#3117 = DIRECTION ( 'NONE',  ( -8.503852285035041109E-15, 1.000000000000000000, 0.000000000000000000 ) ) ;
#3118 = VECTOR ( 'NONE', #5458, 1000.000000000000000 ) ;
#3119 = DIRECTION ( 'NONE',  ( 0.000000000000000000, -1.000000000000000000, 0.000000000000000000 ) ) ;
#3120 = ORIENTED_EDGE ( 'NONE', *, *, #1051, .F. ) ;
#3121 = CARTESIAN_POINT ( 'NONE',  ( 0.7359680642409179852, 2.746670208495180177, 2.000000000000000000 ) ) ;
#3122 = AXIS2_PLACEMENT_3D ( 'NONE', #212, #6937, #3070 ) ;
#3123 = MECHANICAL_DESIGN_GEOMETRIC_PRESENTATION_REPRESENTATION (  '', ( #1703 ), #760 ) ;
#3124 = LINE ( 'NONE', #6148, #4069 ) ;
#3125 = DIRECTION ( 'NONE',  ( 4.047688110612575393E-15, -1.000000000000000000, 3.308862328436465325E-15 ) ) ;
#3126 = ORIENTED_EDGE ( 'NONE', *, *, #1334, .F. ) ;
#3127 = CARTESIAN_POINT ( 'NONE',  ( 12.14999999999999858, 0.2000000000000000111, -3.500000000000000000 ) ) ;
#3128 = AXIS2_PLACEMENT_3D ( 'NONE', #3182, #1599, #5417 ) ;
#3129 = ADVANCED_FACE ( 'NONE', ( #6774 ), #6630, .F. ) ;
#3131 = ORIENTED_EDGE ( 'NONE', *, *, #5618, .F. ) ;
#3130 = ORIENTED_EDGE ( 'NONE', *, *, #2206, .F. ) ;
#3132 = CARTESIAN_POINT ( 'NONE',  ( 3.381937314617169843, 0.2000000000000000111, 7.250000000000000000 ) ) ;
#3133 = CARTESIAN_POINT ( 'NONE',  ( -11.44999999999999929, 0.2000000000000000111, 2.600000000000000089 ) ) ;
#3134 = EDGE_CURVE ( 'NONE', #5777, #4367, #2911, .T. ) ;
#3135 = ORIENTED_EDGE ( 'NONE', *, *, #9354, .F. ) ;
#3136 = CARTESIAN_POINT ( 'NONE',  ( -8.521752727684591022, 4.254031422284071162, -1.236036465452655886 ) ) ;
#3137 = EDGE_CURVE ( 'NONE', #1250, #2763, #9286, .T. ) ;
#3138 = EDGE_CURVE ( 'NONE', #2749, #6485, #9007, .T. ) ;
#3139 = CIRCLE ( 'NONE', #4248, 0.2500000000000002220 ) ;
#3140 = ADVANCED_FACE ( 'NONE', ( #5143 ), #791, .T. ) ;
#3141 = LINE ( 'NONE', #4675, #5714 ) ;
#3142 = VERTEX_POINT ( 'NONE', #5983 ) ;
#3143 = DIRECTION ( 'NONE',  ( -0.4226182617406998299, 9.470714366131889598E-16, 0.9063077870366497146 ) ) ;
#3144 = EDGE_CURVE ( 'NONE', #4866, #7438, #9768, .T. ) ;
#3145 = FACE_OUTER_BOUND ( 'NONE', #2589, .T. ) ;
#3146 = ORIENTED_EDGE ( 'NONE', *, *, #4162, .T. ) ;
#3147 = DIRECTION ( 'NONE',  ( 1.000000000000000000, 0.000000000000000000, 0.000000000000000000 ) ) ;
#3148 = LINE ( 'NONE', #96, #6323 ) ;
#3149 = EDGE_CURVE ( 'NONE', #7193, #7161, #7571, .T. ) ;
#3150 = ORIENTED_EDGE ( 'NONE', *, *, #5304, .F. ) ;
#3151 = ORIENTED_EDGE ( 'NONE', *, *, #8095, .T. ) ;
#3152 = DIRECTION ( 'NONE',  ( -0.9659258262890672020, 0.2588190451025248473, 0.000000000000000000 ) ) ;
#3153 = CARTESIAN_POINT ( 'NONE',  ( -8.666843969807059622, 3.681937395196465045E-14, 2.600000000000000089 ) ) ;
#3154 = PLANE ( 'NONE',  #8423 ) ;
#3155 = CARTESIAN_POINT ( 'NONE',  ( -8.520346852489200984, 4.239082151662541875, -0.9765272439675397598 ) ) ;
#3156 = CARTESIAN_POINT ( 'NONE',  ( -6.713483409786810796, 4.349999999999999645, -3.768918119361345020 ) ) ;
#3157 = AXIS2_PLACEMENT_3D ( 'NONE', #2411, #8457, #4637 ) ;
#3158 = PLANE ( 'NONE',  #7605 ) ;
#3159 = CARTESIAN_POINT ( 'NONE',  ( 5.372520708816571036E-16, 0.1499999999999999944, -1.750000000000000000 ) ) ;
#3160 = ORIENTED_EDGE ( 'NONE', *, *, #5746, .F. ) ;
#3161 = VERTEX_POINT ( 'NONE', #5190 ) ;
#3162 = CARTESIAN_POINT ( 'NONE',  ( 11.15000000000000036, -1.908195823574490013E-14, 2.600000000000000089 ) ) ;
#3163 = ORIENTED_EDGE ( 'NONE', *, *, #4351, .T. ) ;
#3164 = VECTOR ( 'NONE', #8283, 1000.000000000000000 ) ;
#3165 = EDGE_CURVE ( 'NONE', #8211, #3311, #5007, .T. ) ;
#3166 = AXIS2_PLACEMENT_3D ( 'NONE', #6804, #770, #3925 ) ;
#3167 = DIRECTION ( 'NONE',  ( 0.000000000000000000, -3.169619151431809931E-17, 1.000000000000000000 ) ) ;
#3168 = CIRCLE ( 'NONE', #8560, 0.8250000000000001776 ) ;
#3169 = DIRECTION ( 'NONE',  ( 0.000000000000000000, -1.000000000000000000, 0.000000000000000000 ) ) ;
#3170 = VECTOR ( 'NONE', #7911, 1000.000000000000000 ) ;
#3171 = CARTESIAN_POINT ( 'NONE',  ( 6.360817557515700216, 5.599999999999999645, -4.250000000000000000 ) ) ;
#3172 = LINE ( 'NONE', #1589, #5773 ) ;
#3173 = CARTESIAN_POINT ( 'NONE',  ( -4.649999999999999467, 5.599999999999999645, 4.250000000000000000 ) ) ;
#3174 = VERTEX_POINT ( 'NONE', #7429 ) ;
#3175 = CARTESIAN_POINT ( 'NONE',  ( 8.766843969807048609, 4.450000000000000178, 2.600000000000000089 ) ) ;
#3176 = VECTOR ( 'NONE', #7819, 1000.000000000000000 ) ;
#3177 = AXIS2_PLACEMENT_3D ( 'NONE', #2410, #2262, #7711 ) ;
#3178 = EDGE_CURVE ( 'NONE', #8178, #5953, #3708, .T. ) ;
#3179 = CARTESIAN_POINT ( 'NONE',  ( -8.521752727684591022, 4.315000000000000391, 1.236036465452655886 ) ) ;
#3180 = CARTESIAN_POINT ( 'NONE',  ( 3.899999999999999911, 1.300000000000000044, -7.250000000000000000 ) ) ;
#3181 = VERTEX_POINT ( 'NONE', #740 ) ;
#3183 = VECTOR ( 'NONE', #8578, 1000.000000000000000 ) ;
#3182 = CARTESIAN_POINT ( 'NONE',  ( 8.616843969807050030, 39.49734969922095473, -4.000000000000000000 ) ) ;
#3185 = EDGE_LOOP ( 'NONE', ( #5932, #6767, #9600, #2864 ) ) ;
#3184 = ORIENTED_EDGE ( 'NONE', *, *, #842, .T. ) ;
#3186 = DIRECTION ( 'NONE',  ( 1.000000000000000000, 0.000000000000000000, 0.000000000000000000 ) ) ;
#3187 = CARTESIAN_POINT ( 'NONE',  ( 2.669227416313564749, -16.05340546095174759, -5.485000000000000320 ) ) ;
#3188 = VERTEX_POINT ( 'NONE', #1 ) ;
#3189 = DIRECTION ( 'NONE',  ( 1.000000000000000000, 0.000000000000000000, -4.187263562702635366E-15 ) ) ;
#3190 = EDGE_CURVE ( 'NONE', #3504, #6152, #2314, .T. ) ;
#3191 = DIRECTION ( 'NONE',  ( -1.000000000000000000, 7.279101552726949176E-16, 0.000000000000000000 ) ) ;
#3192 = ORIENTED_EDGE ( 'NONE', *, *, #3905, .T. ) ;
#3193 = CIRCLE ( 'NONE', #3981, 7.649999999999999467 ) ;
#3194 = PLANE ( 'NONE',  #1934 ) ;
#3195 = VECTOR ( 'NONE', #4640, 1000.000000000000000 ) ;
#3196 = PLANE ( 'NONE',  #994 ) ;
#3197 = VECTOR ( 'NONE', #5237, 1000.000000000000000 ) ;
#3198 = ORIENTED_EDGE ( 'NONE', *, *, #4082, .T. ) ;
#3199 = DIRECTION ( 'NONE',  ( -0.8191520442889939080, -6.938893903907297797E-15, -0.5735764363510432728 ) ) ;
#3200 = LINE ( 'NONE', #5478, #4422 ) ;
#3201 = EDGE_LOOP ( 'NONE', ( #1608, #4255, #5062, #8965, #6694, #9763, #3788, #6042, #8313, #8445, #9785, #8372, #7462, #4599, #3882, #2938 ) ) ;
#3202 = VECTOR ( 'NONE', #7896, 1000.000000000000000 ) ;
#3203 = ORIENTED_EDGE ( 'NONE', *, *, #5756, .T. ) ;
#3204 = AXIS2_PLACEMENT_3D ( 'NONE', #3489, #4030, #6364 ) ;
#3205 = CARTESIAN_POINT ( 'NONE',  ( -11.40000000000000036, 1.500000000000000000, 2.600000000000000089 ) ) ;
#3206 = PLANE ( 'NONE',  #8721 ) ;
#3207 = EDGE_CURVE ( 'NONE', #3161, #7399, #5247, .T. ) ;
#3208 = DIRECTION ( 'NONE',  ( 1.000000000000000000, -1.387778780781444492E-15, 0.000000000000000000 ) ) ;
#3209 = CARTESIAN_POINT ( 'NONE',  ( 11.25000000000000000, 0.2000000000000000111, -2.600000000000000089 ) ) ;
#3210 = CARTESIAN_POINT ( 'NONE',  ( 11.40000000000000036, 1.500000000000000000, 2.100000000000000089 ) ) ;
#3211 = CYLINDRICAL_SURFACE ( 'NONE', #7293, 3.000000000000001332 ) ;
#3212 = ORIENTED_EDGE ( 'NONE', *, *, #1938, .F. ) ;
#3213 = ORIENTED_EDGE ( 'NONE', *, *, #3438, .T. ) ;
#3214 = DIRECTION ( 'NONE',  ( 7.279101552726950162E-16, 1.000000000000000000, 0.000000000000000000 ) ) ;
#3215 = ORIENTED_EDGE ( 'NONE', *, *, #5118, .T. ) ;
#3216 = ADVANCED_FACE ( 'NONE', ( #1331 ), #6727, .T. ) ;
#3217 = DIRECTION ( 'NONE',  ( 0.000000000000000000, 0.000000000000000000, 1.000000000000000000 ) ) ;
#3218 = B_SPLINE_CURVE_WITH_KNOTS ( 'NONE', 3,
 ( #1940, #5609, #4958, #6396 ),
 .UNSPECIFIED., .F., .F.,
 ( 4, 4 ),
 ( 0.000000000000000000, 4.586143490664720812E-05 ),
 .UNSPECIFIED. ) ;
#3219 = LINE ( 'NONE', #3956, #7408 ) ;
#3220 = LINE ( 'NONE', #5556, #11 ) ;
#3221 = DIRECTION ( 'NONE',  ( 1.000000000000000000, 0.000000000000000000, 0.000000000000000000 ) ) ;
#3222 = DIRECTION ( 'NONE',  ( 0.000000000000000000, 0.000000000000000000, 1.000000000000000000 ) ) ;
#3223 = VERTEX_POINT ( 'NONE', #4498 ) ;
#3224 = DIRECTION ( 'NONE',  ( 1.000000000000000000, 0.000000000000000000, -1.819572328111074956E-16 ) ) ;
#3225 = ADVANCED_FACE ( 'NONE', ( #3006 ), #6684, .T. ) ;
#3226 = AXIS2_PLACEMENT_3D ( 'NONE', #6186, #7081, #4050 ) ;
#3227 = FACE_OUTER_BOUND ( 'NONE', #1072, .T. ) ;
#3228 = CARTESIAN_POINT ( 'NONE',  ( -7.003770046970100083, 1.899999999999999911, -3.146396416990335343 ) ) ;
#3229 = ORIENTED_EDGE ( 'NONE', *, *, #7335, .F. ) ;
#3230 = DIRECTION ( 'NONE',  ( 0.000000000000000000, 0.000000000000000000, 1.000000000000000000 ) ) ;
#3232 = ORIENTED_EDGE ( 'NONE', *, *, #6981, .T. ) ;
#3231 = ORIENTED_EDGE ( 'NONE', *, *, #7388, .T. ) ;
#3233 = LINE ( 'NONE', #1796, #5811 ) ;
#3234 = CARTESIAN_POINT ( 'NONE',  ( -7.028793294321580731, 1.899999999999999911, 3.447664127344355123 ) ) ;
#3235 = AXIS2_PLACEMENT_3D ( 'NONE', #5331, #2456, #6117 ) ;
#3236 = ORIENTED_EDGE ( 'NONE', *, *, #3572, .F. ) ;
#3237 = LINE ( 'NONE', #4628, #8581 ) ;
#3238 = ADVANCED_FACE ( 'NONE', ( #2166 ), #3058, .F. ) ;
#3239 = DIRECTION ( 'NONE',  ( -1.000000000000000000, 7.279101552726949176E-16, 0.000000000000000000 ) ) ;
#3240 = ORIENTED_EDGE ( 'NONE', *, *, #3768, .F. ) ;
#3241 = EDGE_CURVE ( 'NONE', #776, #6998, #8109, .T. ) ;
#3242 = CARTESIAN_POINT ( 'NONE',  ( -3.752652599563504599E-15, 1.500000000000000000, -2.100000000000000089 ) ) ;
#3243 = CIRCLE ( 'NONE', #2921, 7.649999999999999467 ) ;
#3244 = DIRECTION ( 'NONE',  ( 1.000000000000000000, 0.000000000000000000, 0.000000000000000000 ) ) ;
#3245 = EDGE_CURVE ( 'NONE', #5913, #4038, #6080, .T. ) ;
#3246 = VERTEX_POINT ( 'NONE', #7624 ) ;
#3247 = LINE ( 'NONE', #6219, #660 ) ;
#3248 = CARTESIAN_POINT ( 'NONE',  ( -11.50000000000000000, 0.1500000000000109857, 1.750000000000000000 ) ) ;
#3249 = VERTEX_POINT ( 'NONE', #6320 ) ;
#3250 = ORIENTED_EDGE ( 'NONE', *, *, #367, .T. ) ;
#3251 = DIRECTION ( 'NONE',  ( 0.2588190451025246253, 0.9659258262890674240, 0.000000000000000000 ) ) ;
#3252 = FACE_OUTER_BOUND ( 'NONE', #7899, .T. ) ;
#3253 = VERTEX_POINT ( 'NONE', #148 ) ;
#3254 = DIRECTION ( 'NONE',  ( 0.000000000000000000, 0.000000000000000000, 1.000000000000000000 ) ) ;
#3255 = EDGE_CURVE ( 'NONE', #4924, #680, #4044, .T. ) ;
#3256 = DIRECTION ( 'NONE',  ( 1.000000000000000000, 0.000000000000000000, 0.000000000000000000 ) ) ;
#3257 = DIRECTION ( 'NONE',  ( 0.000000000000000000, 0.000000000000000000, 1.000000000000000000 ) ) ;
#3258 = CARTESIAN_POINT ( 'NONE',  ( -3.449999999999999734, 1.300000000000000044, 4.100000000000000533 ) ) ;
#3259 = ORIENTED_EDGE ( 'NONE', *, *, #6840, .F. ) ;
#3260 = EDGE_CURVE ( 'NONE', #8966, #9440, #5486, .T. ) ;
#3261 = DIRECTION ( 'NONE',  ( 1.000000000000000000, 0.000000000000000000, 0.000000000000000000 ) ) ;
#3263 = EDGE_CURVE ( 'NONE', #3000, #9163, #3896, .T. ) ;
#3262 = VERTEX_POINT ( 'NONE', #884 ) ;
#3264 = ADVANCED_FACE ( 'NONE', ( #4789 ), #3154, .T. ) ;
#3265 = ADVANCED_FACE ( 'NONE', ( #6980 ), #6274, .T. ) ;
#3266 = CARTESIAN_POINT ( 'NONE',  ( -10.05559403303142041, -1.833617474693654881, 2.000000000000000000 ) ) ;
#3267 = AXIS2_PLACEMENT_3D ( 'NONE', #265, #1009, #3327 ) ;
#3268 = LINE ( 'NONE', #5497, #759 ) ;
#3269 = DIRECTION ( 'NONE',  ( -1.387778780781444098E-15, -1.000000000000000000, 0.000000000000000000 ) ) ;
#3270 = DIRECTION ( 'NONE',  ( 0.000000000000000000, 0.000000000000000000, -1.000000000000000000 ) ) ;
#3271 = EDGE_CURVE ( 'NONE', #5990, #4346, #9252, .T. ) ;
#3272 = CARTESIAN_POINT ( 'NONE',  ( -8.666843969807048964, 1.300000000000000044, -1.250000000000000000 ) ) ;
#3273 = DIRECTION ( 'NONE',  ( 1.000000000000000000, 4.028180225922655531E-15, 0.000000000000000000 ) ) ;
#3274 = VECTOR ( 'NONE', #4446, 1000.000000000000000 ) ;
#3275 = DIRECTION ( 'NONE',  ( -0.2242946045488345419, 0.9745213852811450694, 0.000000000000000000 ) ) ;
#3276 = AXIS2_PLACEMENT_3D ( 'NONE', #3039, #6064, #3833 ) ;
#3277 = CARTESIAN_POINT ( 'NONE',  ( -7.028793294321570073, 4.349999999999999645, -3.447664127344355123 ) ) ;
#3278 = ORIENTED_EDGE ( 'NONE', *, *, #3138, .T. ) ;
#3279 = CARTESIAN_POINT ( 'NONE',  ( -3.899999999999999911, 5.599999999999999645, 7.250000000000000000 ) ) ;
#3281 = VERTEX_POINT ( 'NONE', #6876 ) ;
#3280 = ORIENTED_EDGE ( 'NONE', *, *, #1646, .T. ) ;
#3282 = CARTESIAN_POINT ( 'NONE',  ( -1.931937314617169887, 39.49734969922095473, 5.799999999999999822 ) ) ;
#3283 = VECTOR ( 'NONE', #1972, 1000.000000000000000 ) ;
#3284 = CARTESIAN_POINT ( 'NONE',  ( -3.449999999999999734, -7.269011204192789677, 4.100000000000000533 ) ) ;
#3285 = ORIENTED_EDGE ( 'NONE', *, *, #3137, .F. ) ;
#3286 = DIRECTION ( 'NONE',  ( 0.000000000000000000, 0.000000000000000000, 1.000000000000000000 ) ) ;
#3287 = VECTOR ( 'NONE', #3730, 1000.000000000000000 ) ;
#3288 = DIRECTION ( 'NONE',  ( -7.080503983578760436E-16, -1.000000000000000000, 0.000000000000000000 ) ) ;
#3289 = ORIENTED_EDGE ( 'NONE', *, *, #9136, .T. ) ;
#3290 = DIRECTION ( 'NONE',  ( 0.000000000000000000, 1.000000000000000000, 0.000000000000000000 ) ) ;
#3291 = CARTESIAN_POINT ( 'NONE',  ( 7.741843969807039372, 0.8694514173260480261, -2.568654474284024936 ) ) ;
#3292 = VERTEX_POINT ( 'NONE', #1669 ) ;
#3293 = DIRECTION ( 'NONE',  ( 0.9063077870366498257, -5.669028325014410365E-16, 0.4226182617406998854 ) ) ;
#3294 = PLANE ( 'NONE',  #4430 ) ;
#3295 = ORIENTED_EDGE ( 'NONE', *, *, #4992, .F. ) ;
#3296 = VECTOR ( 'NONE', #7299, 1000.000000000000114 ) ;
#3297 = ORIENTED_EDGE ( 'NONE', *, *, #2074, .F. ) ;
#3298 = ADVANCED_FACE ( 'NONE', ( #9303 ), #7719, .T. ) ;
#3299 = LINE ( 'NONE', #9355, #6130 ) ;
#3300 = CARTESIAN_POINT ( 'NONE',  ( -11.44999999999999929, 2.250000000000000000, -2.000000000000000000 ) ) ;
#3301 = EDGE_CURVE ( 'NONE', #496, #2896, #5727, .T. ) ;
#3302 = ORIENTED_EDGE ( 'NONE', *, *, #4665, .T. ) ;
#3303 = DIRECTION ( 'NONE',  ( -1.387778780781444098E-15, -1.000000000000000000, 0.000000000000000000 ) ) ;
#3304 = CARTESIAN_POINT ( 'NONE',  ( 4.869548233666040282, 5.000000000000000000, -5.899999999999999467 ) ) ;
#3305 = AXIS2_PLACEMENT_3D ( 'NONE', #1837, #9532, #4116 ) ;
#3306 = DIRECTION ( 'NONE',  ( 0.000000000000000000, -1.000000000000000000, 0.000000000000000000 ) ) ;
#3307 = CARTESIAN_POINT ( 'NONE',  ( 4.649999999999999467, 1.600000000000000089, -5.074999999999999289 ) ) ;
#3308 = VERTEX_POINT ( 'NONE', #9359 ) ;
#3309 = DIRECTION ( 'NONE',  ( 0.000000000000000000, 0.000000000000000000, -1.000000000000000000 ) ) ;
#3310 = CARTESIAN_POINT ( 'NONE',  ( -11.40000000000000036, 0.2500000000000109912, -1.750000000000000000 ) ) ;
#3311 = VERTEX_POINT ( 'NONE', #6228 ) ;
#3312 = EDGE_CURVE ( 'NONE', #8223, #9441, #9213, .T. ) ;
#3313 = AXIS2_PLACEMENT_3D ( 'NONE', #6627, #9709, #1327 ) ;
#3314 = CARTESIAN_POINT ( 'NONE',  ( 3.116573331563770033, 2.367607994721254716, 1.220617149911503940 ) ) ;
#3315 = LINE ( 'NONE', #7040, #8987 ) ;
#3316 = CARTESIAN_POINT ( 'NONE',  ( -11.50000000000000000, 0.2500000000000109912, 2.600000000000000089 ) ) ;
#3317 = PLANE ( 'NONE',  #6642 ) ;
#3318 = PLANE ( 'NONE',  #881 ) ;
#3319 = DIRECTION ( 'NONE',  ( 0.3231438532915099637, 0.9463498560679951543, 0.000000000000000000 ) ) ;
#3320 = ADVANCED_FACE ( 'NONE', ( #1034 ), #8507, .T. ) ;
#3321 = AXIS2_PLACEMENT_3D ( 'NONE', #945, #6845, #9267 ) ;
#3322 = PLANE ( 'NONE',  #340 ) ;
#3323 = VECTOR ( 'NONE', #1409, 1000.000000000000000 ) ;
#3324 = EDGE_CURVE ( 'NONE', #1534, #3012, #4138, .T. ) ;
#3325 = AXIS2_PLACEMENT_3D ( 'NONE', #5878, #2107, #2257 ) ;
#3326 = VECTOR ( 'NONE', #8872, 1000.000000000000000 ) ;
#3327 = DIRECTION ( 'NONE',  ( 0.000000000000000000, -1.156482317317871331E-15, 1.000000000000000000 ) ) ;
#3328 = CARTESIAN_POINT ( 'NONE',  ( 8.616843969807041148, 39.49734969922095473, 4.000000000000000000 ) ) ;
#3329 = VERTEX_POINT ( 'NONE', #1571 ) ;
#3330 = VECTOR ( 'NONE', #8835, 1000.000000000000000 ) ;
#3331 = PLANE ( 'NONE',  #1426 ) ;
#3333 = ORIENTED_EDGE ( 'NONE', *, *, #4710, .F. ) ;
#3332 = ORIENTED_EDGE ( 'NONE', *, *, #3082, .F. ) ;
#3334 = CIRCLE ( 'NONE', #5553, 0.8250000000000001776 ) ;
#3335 = CARTESIAN_POINT ( 'NONE',  ( 5.402777063696039939, 1.600000000000000089, 5.899999999999999467 ) ) ;
#3336 = CARTESIAN_POINT ( 'NONE',  ( -4.869548233666040282, 1.600000000000000089, 5.899999999999999467 ) ) ;
#3337 = AXIS2_PLACEMENT_3D ( 'NONE', #7759, #4186, #7857 ) ;
#3338 = VERTEX_POINT ( 'NONE', #7030 ) ;
#3339 = VECTOR ( 'NONE', #2875, 1000.000000000000000 ) ;
#3340 = EDGE_CURVE ( 'NONE', #5869, #8404, #248, .T. ) ;
#3341 = TOROIDAL_SURFACE ( 'NONE', #6345, 0.3250000000000000111, 0.2999999999999999889 ) ;
#3342 = CARTESIAN_POINT ( 'NONE',  ( -6.892847126266079982, 1.899999999999999911, 3.384271388083254894 ) ) ;
#3343 = ORIENTED_EDGE ( 'NONE', *, *, #5802, .F. ) ;
#3344 = DIRECTION ( 'NONE',  ( -1.000000000000000000, 0.000000000000000000, 1.257045997084641872E-16 ) ) ;
#3345 = PLANE ( 'NONE',  #8201 ) ;
#3346 = CARTESIAN_POINT ( 'NONE',  ( -6.777720855862970240, 5.599999999999999645, -4.250000000000000000 ) ) ;
#3347 = ORIENTED_EDGE ( 'NONE', *, *, #5323, .T. ) ;
#3348 = CYLINDRICAL_SURFACE ( 'NONE', #2545, 0.2499999999999975020 ) ;
#3349 = CARTESIAN_POINT ( 'NONE',  ( -7.167387715921189617, 4.349999999999999645, -2.908753138060674814 ) ) ;
#3350 = VERTEX_POINT ( 'NONE', #3103 ) ;
#3351 = ORIENTED_EDGE ( 'NONE', *, *, #4892, .T. ) ;
#3352 = AXIS2_PLACEMENT_3D ( 'NONE', #1666, #5483, #8362 ) ;
#3353 = EDGE_CURVE ( 'NONE', #1415, #4159, #4644, .T. ) ;
#3354 = DIRECTION ( 'NONE',  ( 0.000000000000000000, -1.000000000000000000, 0.000000000000000000 ) ) ;
#3355 = CARTESIAN_POINT ( 'NONE',  ( 1.982223503636745043, -7.269011204192789677, 2.600000000000000089 ) ) ;
#3356 = ORIENTED_EDGE ( 'NONE', *, *, #9408, .T. ) ;
#3357 = DIRECTION ( 'NONE',  ( 8.257015431095450418E-63, -6.010365384537710218E-78, -1.000000000000000000 ) ) ;
#3358 = CARTESIAN_POINT ( 'NONE',  ( 0.000000000000000000, 4.599999999999999645, -2.600000000000000089 ) ) ;
#3359 = DIRECTION ( 'NONE',  ( 1.000000000000000000, 0.000000000000000000, 0.000000000000000000 ) ) ;
#3360 = LINE ( 'NONE', #5784, #2220 ) ;
#3361 = EDGE_LOOP ( 'NONE', ( #2573, #4627, #5765, #9114 ) ) ;
#3362 = CIRCLE ( 'NONE', #678, 0.2500000000000002220 ) ;
#3363 = CARTESIAN_POINT ( 'NONE',  ( 0.000000000000000000, 5.599999999999999645, 0.000000000000000000 ) ) ;
#3364 = CIRCLE ( 'NONE', #525, 0.8250000000000001776 ) ;
#3365 = EDGE_CURVE ( 'NONE', #732, #2896, #6127, .T. ) ;
#3366 = EDGE_LOOP ( 'NONE', ( #7621, #9432, #2775, #9245 ) ) ;
#3367 = DIRECTION ( 'NONE',  ( 7.279101552726930441E-16, 1.000000000000000000, 0.000000000000000000 ) ) ;
#3368 = CARTESIAN_POINT ( 'NONE',  ( -6.713483409786810796, 4.349999999999999645, 3.768918119361345020 ) ) ;
#3369 = CARTESIAN_POINT ( 'NONE',  ( -8.816843969807040438, 4.599999999999999645, 1.199999999999999956 ) ) ;
#3370 = FACE_OUTER_BOUND ( 'NONE', #5446, .T. ) ;
#3371 = DIRECTION ( 'NONE',  ( -1.000000000000000000, 7.279101552726930441E-16, 1.011922027653276101E-14 ) ) ;
#3372 = EDGE_CURVE ( 'NONE', #4826, #6004, #7669, .T. ) ;
#3373 = PLANE ( 'NONE',  #6282 ) ;
#3374 = CARTESIAN_POINT ( 'NONE',  ( -9.747716655431508670, 4.349999999999999645, -4.715518912566449394 ) ) ;
#3375 = CARTESIAN_POINT ( 'NONE',  ( -4.545000000000000817, -7.269011204192789677, -0.1499999999999999944 ) ) ;
#3376 = DIRECTION ( 'NONE',  ( 0.000000000000000000, 0.000000000000000000, -1.000000000000000000 ) ) ;
#3377 = EDGE_LOOP ( 'NONE', ( #175, #6431, #3937, #4912 ) ) ;
#3378 = CARTESIAN_POINT ( 'NONE',  ( -7.290260522564540047, 1.899999999999999911, 2.994789603513335230 ) ) ;
#3380 = ORIENTED_EDGE ( 'NONE', *, *, #4884, .F. ) ;
#3379 = ORIENTED_EDGE ( 'NONE', *, *, #6223, .F. ) ;
#3381 = CARTESIAN_POINT ( 'NONE',  ( 7.741843969807050030, 5.000000000000000000, -3.500000000000000000 ) ) ;
#3382 = LINE ( 'NONE', #3976, #4110 ) ;
#3383 = EDGE_CURVE ( 'NONE', #9145, #1326, #1456, .T. ) ;
#3384 = VERTEX_POINT ( 'NONE', #4143 ) ;
#3385 = LINE ( 'NONE', #5016, #2239 ) ;
#3386 = VECTOR ( 'NONE', #4233, 1000.000000000000000 ) ;
#3387 = ORIENTED_EDGE ( 'NONE', *, *, #7847, .F. ) ;
#3388 = CARTESIAN_POINT ( 'NONE',  ( 11.15000000000000036, 4.599999999999999645, 2.600000000000000089 ) ) ;
#3389 = CARTESIAN_POINT ( 'NONE',  ( -3.899999999999999911, -7.269011204192789677, -5.485000000000000320 ) ) ;
#3390 = EDGE_CURVE ( 'NONE', #9232, #8264, #2609, .T. ) ;
#3392 = ORIENTED_EDGE ( 'NONE', *, *, #1051, .T. ) ;
#3391 = ORIENTED_EDGE ( 'NONE', *, *, #5152, .T. ) ;
#3393 = PLANE ( 'NONE',  #6814 ) ;
#3394 = EDGE_CURVE ( 'NONE', #5869, #3246, #6363, .T. ) ;
#3395 = DIRECTION ( 'NONE',  ( -1.000000000000000000, 0.000000000000000000, 0.000000000000000000 ) ) ;
#3396 = ORIENTED_EDGE ( 'NONE', *, *, #833, .F. ) ;
#3397 = ORIENTED_EDGE ( 'NONE', *, *, #3390, .F. ) ;
#3398 = VECTOR ( 'NONE', #1985, 1000.000000000000000 ) ;
#3399 = FACE_OUTER_BOUND ( 'NONE', #9088, .T. ) ;
#3400 = ORIENTED_EDGE ( 'NONE', *, *, #1008, .F. ) ;
#3401 = LINE ( 'NONE', #6416, #7635 ) ;
#3402 = CARTESIAN_POINT ( 'NONE',  ( -11.15000000000000036, 4.349999999999999645, -2.100000000000000089 ) ) ;
#3403 = ADVANCED_FACE ( 'NONE', ( #7174 ), #1128, .T. ) ;
#3404 = CARTESIAN_POINT ( 'NONE',  ( 0.000000000000000000, 5.000000000000000000, 0.000000000000000000 ) ) ;
#3405 = DIRECTION ( 'NONE',  ( 0.3231438532915099637, 0.9463498560679951543, 0.000000000000000000 ) ) ;
#3406 = VERTEX_POINT ( 'NONE', #396 ) ;
#3407 = DIRECTION ( 'NONE',  ( 1.000000000000000000, 0.000000000000000000, -9.757819552369560416E-15 ) ) ;
#3408 = EDGE_CURVE ( 'NONE', #9574, #4136, #3401, .T. ) ;
#3409 = EDGE_LOOP ( 'NONE', ( #7435, #6780, #2047, #4099 ) ) ;
#3410 = CARTESIAN_POINT ( 'NONE',  ( 11.25000000000000000, 0.2000000000000000111, -2.600000000000000089 ) ) ;
#3411 = CARTESIAN_POINT ( 'NONE',  ( -9.866843969807048254, 4.349999999999999645, 0.000000000000000000 ) ) ;
#3412 = PLANE ( 'NONE',  #9201 ) ;
#3413 = CARTESIAN_POINT ( 'NONE',  ( -11.44999999999999929, 1.600000000000000089, -2.000000000000000000 ) ) ;
#3414 = CARTESIAN_POINT ( 'NONE',  ( -3.449999999999999734, -7.269011204192789677, 4.100000000000000533 ) ) ;
#3415 = ORIENTED_EDGE ( 'NONE', *, *, #8614, .F. ) ;
#3416 = ORIENTED_EDGE ( 'NONE', *, *, #6773, .F. ) ;
#3417 = DIRECTION ( 'NONE',  ( -1.211928258399427917E-15, -0.9988514561099328670, -0.04791417981210518984 ) ) ;
#3418 = DIRECTION ( 'NONE',  ( -4.028180225922655531E-15, 1.000000000000000000, -3.308862328436465325E-15 ) ) ;
#3419 = VECTOR ( 'NONE', #1242, 1000.000000000000000 ) ;
#3420 = EDGE_CURVE ( 'NONE', #3620, #4863, #7867, .T. ) ;
#3421 = CARTESIAN_POINT ( 'NONE',  ( -4.545000000000000817, 1.399999999999999911, 0.1499999999999999944 ) ) ;
#3422 = CARTESIAN_POINT ( 'NONE',  ( 8.163325866132991493, 0.2000000000000000111, 3.789473684210530102 ) ) ;
#3423 = ORIENTED_EDGE ( 'NONE', *, *, #4634, .T. ) ;
#3424 = CARTESIAN_POINT ( 'NONE',  ( 7.733182394472060488E-16, 1.600000000000000089, -4.250000000000000000 ) ) ;
#3425 = ORIENTED_EDGE ( 'NONE', *, *, #8727, .T. ) ;
#3427 = ORIENTED_EDGE ( 'NONE', *, *, #1463, .F. ) ;
#3426 = ORIENTED_EDGE ( 'NONE', *, *, #7290, .F. ) ;
#3428 = AXIS2_PLACEMENT_3D ( 'NONE', #3514, #4946, #2718 ) ;
#3429 = DIRECTION ( 'NONE',  ( 0.000000000000000000, 0.000000000000000000, 1.000000000000000000 ) ) ;
#3430 = CARTESIAN_POINT ( 'NONE',  ( -8.666843969807048964, 1.600000000000000089, -2.600000000000000089 ) ) ;
#3431 = ORIENTED_EDGE ( 'NONE', *, *, #1185, .T. ) ;
#3432 = VECTOR ( 'NONE', #6300, 1000.000000000000000 ) ;
#3433 = CARTESIAN_POINT ( 'NONE',  ( 6.360817557515700216, 5.250000000000000000, 4.250000000000000000 ) ) ;
#3434 = VERTEX_POINT ( 'NONE', #2707 ) ;
#3435 = EDGE_CURVE ( 'NONE', #3707, #4697, #3193, .T. ) ;
#3436 = CARTESIAN_POINT ( 'NONE',  ( -3.520000000000000018, 1.399999999999999911, 0.8750000000000000000 ) ) ;
#3437 = DIRECTION ( 'NONE',  ( 1.153406566473941506E-16, -1.000000000000000000, 0.000000000000000000 ) ) ;
#3438 = EDGE_CURVE ( 'NONE', #1465, #3877, #360, .T. ) ;
#3440 = ORIENTED_EDGE ( 'NONE', *, *, #5203, .F. ) ;
#3439 = EDGE_LOOP ( 'NONE', ( #7484, #3857, #1869, #8 ) ) ;
#3441 = FILL_AREA_STYLE_COLOUR ( '', #3494 ) ;
#3442 = EDGE_CURVE ( 'NONE', #5271, #724, #2565, .T. ) ;
#3443 = DIRECTION ( 'NONE',  ( -6.865669155586289856E-16, -1.000000000000000000, -3.068159313762424874E-17 ) ) ;
#3444 = EDGE_CURVE ( 'NONE', #3977, #6307, #5888, .T. ) ;
#3445 = VERTEX_POINT ( 'NONE', #2655 ) ;
#3446 = VERTEX_POINT ( 'NONE', #4239 ) ;
#3447 = AXIS2_PLACEMENT_3D ( 'NONE', #7542, #673, #1452 ) ;
#3448 = EDGE_CURVE ( 'NONE', #1664, #8991, #1609, .T. ) ;
#3449 = CIRCLE ( 'NONE', #8194, 8.000000000000000000 ) ;
#3450 = EDGE_CURVE ( 'NONE', #8918, #1029, #524, .T. ) ;
#3451 = DIRECTION ( 'NONE',  ( 0.000000000000000000, 0.000000000000000000, 1.000000000000000000 ) ) ;
#3452 = EDGE_LOOP ( 'NONE', ( #1171, #6438, #191, #1133 ) ) ;
#3453 = DIRECTION ( 'NONE',  ( 0.000000000000000000, 0.000000000000000000, -1.000000000000000000 ) ) ;
#3454 = DIRECTION ( 'NONE',  ( 1.000000000000000000, 0.000000000000000000, 0.000000000000000000 ) ) ;
#3455 = ADVANCED_FACE ( 'NONE', ( #7325 ), #5589, .F. ) ;
#3456 = PLANE ( 'NONE',  #4588 ) ;
#3457 = CARTESIAN_POINT ( 'NONE',  ( -6.713483409786819678, 1.899999999999999911, 3.768918119361345020 ) ) ;
#3458 = VECTOR ( 'NONE', #4131, 1000.000000000000000 ) ;
#3459 = ORIENTED_EDGE ( 'NONE', *, *, #7393, .F. ) ;
#3460 = ORIENTED_EDGE ( 'NONE', *, *, #2322, .F. ) ;
#3461 = VERTEX_POINT ( 'NONE', #8705 ) ;
#3462 = EDGE_CURVE ( 'NONE', #4886, #9040, #542, .T. ) ;
#3463 = CIRCLE ( 'NONE', #8685, 7.649999999999999467 ) ;
#3464 = DIRECTION ( 'NONE',  ( 0.000000000000000000, 0.000000000000000000, 1.000000000000000000 ) ) ;
#3465 = CARTESIAN_POINT ( 'NONE',  ( -3.381937314617169843, 1.600000000000000089, 7.250000000000000000 ) ) ;
#3466 = CARTESIAN_POINT ( 'NONE',  ( 9.266843969807048609, 4.599999999999999645, 2.600000000000000089 ) ) ;
#3467 = DIRECTION ( 'NONE',  ( 0.000000000000000000, 1.000000000000000000, 0.000000000000000000 ) ) ;
#3468 = LINE ( 'NONE', #7338, #7047 ) ;
#3469 = ORIENTED_EDGE ( 'NONE', *, *, #6655, .F. ) ;
#3470 = ORIENTED_EDGE ( 'NONE', *, *, #242, .T. ) ;
#3471 = EDGE_CURVE ( 'NONE', #323, #2037, #6841, .T. ) ;
#3472 = CARTESIAN_POINT ( 'NONE',  ( -11.25000000000000000, 1.427973593029687866E-14, 1.750000000000000000 ) ) ;
#3473 = DIRECTION ( 'NONE',  ( -0.9659258262890668689, 0.2588190451025262906, 0.000000000000000000 ) ) ;
#3474 = LINE ( 'NONE', #2584, #8853 ) ;
#3475 = AXIS2_PLACEMENT_3D ( 'NONE', #4895, #9524, #3467 ) ;
#3476 = DIRECTION ( 'NONE',  ( 0.000000000000000000, 0.000000000000000000, 1.000000000000000000 ) ) ;
#3477 = EDGE_LOOP ( 'NONE', ( #7378, #3595, #5971, #8738 ) ) ;
#3478 = CIRCLE ( 'NONE', #8065, 0.2999999999999997113 ) ;
#3480 = ORIENTED_EDGE ( 'NONE', *, *, #4492, .T. ) ;
#3479 = ORIENTED_EDGE ( 'NONE', *, *, #2548, .T. ) ;
#3481 = B_SPLINE_CURVE_WITH_KNOTS ( 'NONE', 3,
 ( #1864, #4879, #8857, #3650 ),
 .UNSPECIFIED., .F., .F.,
 ( 4, 4 ),
 ( 0.000000000000000000, 0.0006378346064421129905 ),
 .UNSPECIFIED. ) ;
#3482 = DIRECTION ( 'NONE',  ( 7.279101552726930441E-16, 1.000000000000000000, 0.000000000000000000 ) ) ;
#3483 = VERTEX_POINT ( 'NONE', #5033 ) ;
#3484 = EDGE_CURVE ( 'NONE', #3906, #2369, #3362, .T. ) ;
#3485 = VECTOR ( 'NONE', #1278, 1000.000000000000000 ) ;
#3486 = CIRCLE ( 'NONE', #8867, 8.000000000000000000 ) ;
#3487 = FACE_OUTER_BOUND ( 'NONE', #6974, .T. ) ;
#3488 = ORIENTED_EDGE ( 'NONE', *, *, #5011, .F. ) ;
#3489 = CARTESIAN_POINT ( 'NONE',  ( 0.000000000000000000, 5.599999999999999645, 0.000000000000000000 ) ) ;
#3491 = VECTOR ( 'NONE', #9210, 1000.000000000000000 ) ;
#3490 = DIRECTION ( 'NONE',  ( 0.9063077870366497146, -5.669028325014408393E-16, 0.4226182617406998299 ) ) ;
#3493 = ORIENTED_EDGE ( 'NONE', *, *, #9528, .T. ) ;
#3492 = ORIENTED_EDGE ( 'NONE', *, *, #6086, .T. ) ;
#3494 = COLOUR_RGB ( '',0.7921568627450980005, 0.8196078431372548767, 0.9333333333333333481 ) ;
#3495 = EDGE_CURVE ( 'NONE', #909, #8697, #3481, .T. ) ;
#3496 = CARTESIAN_POINT ( 'NONE',  ( -12.14999999999999858, 4.299999999999999822, 2.000000000000000000 ) ) ;
#3497 = AXIS2_PLACEMENT_3D ( 'NONE', #8630, #1686, #4758 ) ;
#3498 = ORIENTED_EDGE ( 'NONE', *, *, #2327, .T. ) ;
#3499 = DIRECTION ( 'NONE',  ( 0.000000000000000000, -1.000000000000000000, 0.000000000000000000 ) ) ;
#3500 = EDGE_LOOP ( 'NONE', ( #7898, #7365, #42, #8325 ) ) ;
#3501 = AXIS2_PLACEMENT_3D ( 'NONE', #1770, #4641, #2362 ) ;
#3502 = CIRCLE ( 'NONE', #508, 7.649999999999999467 ) ;
#3503 = CARTESIAN_POINT ( 'NONE',  ( -11.44999999999999929, 0.2000000000000000111, -2.600000000000000089 ) ) ;
#3504 = VERTEX_POINT ( 'NONE', #1820 ) ;
#3505 = DIRECTION ( 'NONE',  ( 0.000000000000000000, 0.000000000000000000, 1.000000000000000000 ) ) ;
#3506 = PLANE ( 'NONE',  #5262 ) ;
#3507 = CARTESIAN_POINT ( 'NONE',  ( -11.44999999999999929, 2.250000000000000000, -2.600000000000000089 ) ) ;
#3508 = VECTOR ( 'NONE', #8995, 1000.000000000000000 ) ;
#3509 = CARTESIAN_POINT ( 'NONE',  ( -1.730109849710914971E-16, 1.500000000000000000, 0.000000000000000000 ) ) ;
#3510 = ORIENTED_EDGE ( 'NONE', *, *, #9497, .T. ) ;
#3511 = LINE ( 'NONE', #1180, #6005 ) ;
#3512 = ORIENTED_EDGE ( 'NONE', *, *, #1089, .F. ) ;
#3513 = ADVANCED_FACE ( 'NONE', ( #6021 ), #8115, .F. ) ;
#3514 = CARTESIAN_POINT ( 'NONE',  ( 3.138211660730999775, 2.051227167772310178, 1.220617149911503940 ) ) ;
#3515 = CARTESIAN_POINT ( 'NONE',  ( -2.795000000000000373, 1.399999999999999911, -0.1499999999999999944 ) ) ;
#3516 = EDGE_CURVE ( 'NONE', #7520, #3842, #6673, .T. ) ;
#3517 = CARTESIAN_POINT ( 'NONE',  ( 7.741843969807098880, 0.8694514173260330381, 2.599999999999925038 ) ) ;
#3518 = VECTOR ( 'NONE', #8657, 1000.000000000000000 ) ;
#3519 = DIRECTION ( 'NONE',  ( 0.000000000000000000, 0.000000000000000000, 1.000000000000000000 ) ) ;
#3520 = CARTESIAN_POINT ( 'NONE',  ( 8.516843969807048609, 1.208049832105797972, 2.600000000000000089 ) ) ;
#3521 = VERTEX_POINT ( 'NONE', #9746 ) ;
#3522 = VECTOR ( 'NONE', #3095, 1000.000000000000000 ) ;
#3523 = VERTEX_POINT ( 'NONE', #2857 ) ;
#3524 = ADVANCED_FACE ( 'NONE', ( #8305 ), #9052, .T. ) ;
#3525 = LINE ( 'NONE', #5051, #2549 ) ;
#3526 = VECTOR ( 'NONE', #43, 1000.000000000000000 ) ;
#3527 = VECTOR ( 'NONE', #4309, 1000.000000000000000 ) ;
#3528 = LINE ( 'NONE', #2676, #2632 ) ;
#3529 = DIRECTION ( 'NONE',  ( 1.000000000000000000, 0.000000000000000000, 0.000000000000000000 ) ) ;
#3530 = DIRECTION ( 'NONE',  ( -1.000000000000000000, 0.000000000000000000, 0.000000000000000000 ) ) ;
#3531 = FACE_OUTER_BOUND ( 'NONE', #9331, .T. ) ;
#3532 = ORIENTED_EDGE ( 'NONE', *, *, #8425, .T. ) ;
#3533 = ADVANCED_FACE ( 'NONE', ( #4437 ), #4386, .T. ) ;
#3535 = VERTEX_POINT ( 'NONE', #8161 ) ;
#3534 = EDGE_LOOP ( 'NONE', ( #6368, #4878, #1218, #7311 ) ) ;
#3536 =( NAMED_UNIT ( * ) PLANE_ANGLE_UNIT ( ) SI_UNIT ( $, .RADIAN. ) );
#3537 = LINE ( 'NONE', #8980, #4755 ) ;
#3538 = LINE ( 'NONE', #4325, #4139 ) ;
#3539 = DIRECTION ( 'NONE',  ( -1.000000000000000000, 0.000000000000000000, 5.069866942725969642E-16 ) ) ;
#3540 = VERTEX_POINT ( 'NONE', #5134 ) ;
#3541 = CARTESIAN_POINT ( 'NONE',  ( 8.681515142812518349, 4.402554574753244410, -2.000240462841786915 ) ) ;
#3542 = FACE_OUTER_BOUND ( 'NONE', #7446, .T. ) ;
#3544 = VERTEX_POINT ( 'NONE', #6760 ) ;
#3543 = ORIENTED_EDGE ( 'NONE', *, *, #1803, .F. ) ;
#3545 = CARTESIAN_POINT ( 'NONE',  ( -11.40000000000000036, 0.2500000000000109912, 1.750000000000000000 ) ) ;
#3546 = ORIENTED_EDGE ( 'NONE', *, *, #2242, .T. ) ;
#3547 = DIRECTION ( 'NONE',  ( -7.279101552726930441E-16, -1.000000000000000000, 0.000000000000000000 ) ) ;
#3548 = ORIENTED_EDGE ( 'NONE', *, *, #5650, .T. ) ;
#3549 = AXIS2_PLACEMENT_3D ( 'NONE', #7633, #7677, #747 ) ;
#3550 = DIRECTION ( 'NONE',  ( 8.481690880333081345E-15, -1.000000000000000000, 1.551758262853174950E-17 ) ) ;
#3551 = EDGE_CURVE ( 'NONE', #7329, #4033, #7466, .T. ) ;
#3552 = ORIENTED_EDGE ( 'NONE', *, *, #6782, .T. ) ;
#3553 = CARTESIAN_POINT ( 'NONE',  ( 11.44999999999999929, 2.250000000000000000, -2.600000000000000089 ) ) ;
#3554 = CYLINDRICAL_SURFACE ( 'NONE', #2572, 0.2500000000000002220 ) ;
#3555 = FACE_OUTER_BOUND ( 'NONE', #9739, .T. ) ;
#3556 = DIRECTION ( 'NONE',  ( 1.000000000000000000, 0.000000000000000000, 0.000000000000000000 ) ) ;
#3557 = VERTEX_POINT ( 'NONE', #8950 ) ;
#3558 = CARTESIAN_POINT ( 'NONE',  ( -6.777720855862980009, 5.000000000000000000, -4.250000000000000000 ) ) ;
#3559 = ORIENTED_EDGE ( 'NONE', *, *, #9367, .F. ) ;
#3560 = ORIENTED_EDGE ( 'NONE', *, *, #6592, .F. ) ;
#3561 = VECTOR ( 'NONE', #7641, 1000.000000000000000 ) ;
#3562 = EDGE_CURVE ( 'NONE', #5670, #3446, #8899, .T. ) ;
#3563 = LINE ( 'NONE', #1287, #2482 ) ;
#3564 = DIRECTION ( 'NONE',  ( 0.9990482215818580203, -0.04361938736532885302, 0.000000000000000000 ) ) ;
#3565 = CARTESIAN_POINT ( 'NONE',  ( -8.576001934650410163, 4.215046010583114899, -1.053033150119589978 ) ) ;
#3566 = EDGE_CURVE ( 'NONE', #8767, #3729, #4613, .T. ) ;
#3567 = DIRECTION ( 'NONE',  ( -1.000000000000000000, 0.000000000000000000, 0.000000000000000000 ) ) ;
#3568 = AXIS2_PLACEMENT_3D ( 'NONE', #1832, #2725, #7926 ) ;
#3569 = FACE_BOUND ( 'NONE', #7664, .T. ) ;
#3570 = ORIENTED_EDGE ( 'NONE', *, *, #8095, .F. ) ;
#3571 = EDGE_LOOP ( 'NONE', ( #5332, #6871, #2631, #4007 ) ) ;
#3572 = EDGE_CURVE ( 'NONE', #1534, #675, #1322, .T. ) ;
#3573 = EDGE_CURVE ( 'NONE', #5274, #1580, #5284, .T. ) ;
#3574 = DIRECTION ( 'NONE',  ( -1.000000000000000000, 7.279101552726930441E-16, 0.000000000000000000 ) ) ;
#3575 = EDGE_CURVE ( 'NONE', #6866, #9040, #2200, .T. ) ;
#3576 = DIRECTION ( 'NONE',  ( 0.2588190451025264571, 0.9659258262890667579, 0.000000000000000000 ) ) ;
#3577 = EDGE_CURVE ( 'NONE', #8098, #4940, #8204, .T. ) ;
#3578 = CARTESIAN_POINT ( 'NONE',  ( 8.698725277720027904, 4.593042928249253976, 2.000000000000000000 ) ) ;
#3579 = DIRECTION ( 'NONE',  ( 1.000000000000000000, 0.000000000000000000, -1.819572328111074956E-16 ) ) ;
#3580 = CARTESIAN_POINT ( 'NONE',  ( 11.15000000000000036, 4.349999999999999645, 2.100000000000000089 ) ) ;
#3581 = ORIENTED_EDGE ( 'NONE', *, *, #6704, .T. ) ;
#3583 = ORIENTED_EDGE ( 'NONE', *, *, #4022, .T. ) ;
#3582 = ORIENTED_EDGE ( 'NONE', *, *, #633, .T. ) ;
#3584 = DIRECTION ( 'NONE',  ( 7.279101552726930441E-16, 1.000000000000000000, 0.000000000000000000 ) ) ;
#3585 = DIRECTION ( 'NONE',  ( 0.000000000000000000, -1.000000000000000000, 0.000000000000000000 ) ) ;
#3586 = DIRECTION ( 'NONE',  ( 1.000000000000000000, 0.000000000000000000, 0.000000000000000000 ) ) ;
#3587 = EDGE_LOOP ( 'NONE', ( #4883, #8759, #8696, #7053 ) ) ;
#3588 = CARTESIAN_POINT ( 'NONE',  ( -12.14999999999999858, 4.299999999999999822, -2.000000000000000000 ) ) ;
#3589 = CONICAL_SURFACE ( 'NONE', #594, 8.000000000000000000, 0.7853981633974447263 ) ;
#3591 = ORIENTED_EDGE ( 'NONE', *, *, #5845, .T. ) ;
#3590 = ORIENTED_EDGE ( 'NONE', *, *, #9575, .F. ) ;
#3592 = PRESENTATION_STYLE_ASSIGNMENT (( #2750 ) ) ;
#3593 = B_SPLINE_CURVE_WITH_KNOTS ( 'NONE', 3,
 ( #8269, #3155, #7670, #885 ),
 .UNSPECIFIED., .F., .F.,
 ( 4, 4 ),
 ( 0.000000000000000000, 1.000000000000000000 ),
 .UNSPECIFIED. ) ;
#3594 = CARTESIAN_POINT ( 'NONE',  ( 3.899999999999999911, 5.000000000000000000, -6.984983894040130536 ) ) ;
#3595 = ORIENTED_EDGE ( 'NONE', *, *, #5558, .F. ) ;
#3596 = DIRECTION ( 'NONE',  ( -4.047688110612525695E-15, 1.000000000000000000, -3.308862328436465325E-15 ) ) ;
#3597 = ADVANCED_FACE ( 'NONE', ( #7371 ), #693, .F. ) ;
#3598 = ORIENTED_EDGE ( 'NONE', *, *, #7713, .F. ) ;
#3599 = CARTESIAN_POINT ( 'NONE',  ( 0.7747909210062959851, 2.891559082438539541, 2.000000000000000000 ) ) ;
#3600 = VERTEX_POINT ( 'NONE', #6717 ) ;
#3601 = DIRECTION ( 'NONE',  ( -0.2588190451025246253, -0.9659258262890674240, 0.000000000000000000 ) ) ;
#3602 = VECTOR ( 'NONE', #4012, 1000.000000000000000 ) ;
#3603 = LINE ( 'NONE', #9706, #3197 ) ;
#3604 = CARTESIAN_POINT ( 'NONE',  ( -6.713483409786819678, 1.899999999999999911, -3.768918119361345020 ) ) ;
#3605 = DIRECTION ( 'NONE',  ( 7.080503983578760436E-16, 1.000000000000000000, 0.000000000000000000 ) ) ;
#3606 = EDGE_LOOP ( 'NONE', ( #1042, #5450, #1673, #6919, #2001, #4530 ) ) ;
#3607 = CARTESIAN_POINT ( 'NONE',  ( -8.521752727684591022, 4.315000000000000391, 1.236036465452655886 ) ) ;
#3608 = VECTOR ( 'NONE', #5510, 1000.000000000000114 ) ;
#3609 = ORIENTED_EDGE ( 'NONE', *, *, #9443, .F. ) ;
#3610 = VECTOR ( 'NONE', #8171, 1000.000000000000000 ) ;
#3611 = VERTEX_POINT ( 'NONE', #7560 ) ;
#3612 = EDGE_CURVE ( 'NONE', #118, #8800, #5739, .T. ) ;
#3613 = CARTESIAN_POINT ( 'NONE',  ( 11.50000000000000000, 0.2500000000000000000, 2.600000000000000089 ) ) ;
#3615 = FACE_OUTER_BOUND ( 'NONE', #1495, .T. ) ;
#3614 = VECTOR ( 'NONE', #7313, 1000.000000000000114 ) ;
#3616 = LINE ( 'NONE', #6686, #4150 ) ;
#3617 = CARTESIAN_POINT ( 'NONE',  ( 0.000000000000000000, 0.2000000000000000111, -2.000000000000000000 ) ) ;
#3618 = DIRECTION ( 'NONE',  ( 0.000000000000000000, 1.000000000000000000, 0.000000000000000000 ) ) ;
#3619 = EDGE_LOOP ( 'NONE', ( #4415, #5212, #7318, #7531 ) ) ;
#3620 = VERTEX_POINT ( 'NONE', #5181 ) ;
#3621 = EDGE_CURVE ( 'NONE', #3521, #7842, #2110, .T. ) ;
#3622 = LINE ( 'NONE', #5848, #816 ) ;
#3623 = LINE ( 'NONE', #4906, #3738 ) ;
#3624 = DIRECTION ( 'NONE',  ( 0.2242946045488349860, -0.9745213852811448474, -9.391806249381340711E-16 ) ) ;
#3625 = EDGE_CURVE ( 'NONE', #4077, #6402, #2805, .T. ) ;
#3626 = LINE ( 'NONE', #7346, #6794 ) ;
#3627 = DIRECTION ( 'NONE',  ( 0.000000000000000000, 0.000000000000000000, 1.000000000000000000 ) ) ;
#3628 = ORIENTED_EDGE ( 'NONE', *, *, #787, .T. ) ;
#3630 = ORIENTED_EDGE ( 'NONE', *, *, #5626, .T. ) ;
#3629 = ORIENTED_EDGE ( 'NONE', *, *, #65, .T. ) ;
#3631 = FILL_AREA_STYLE ('',( #8833 ) ) ;
#3632 = DIRECTION ( 'NONE',  ( 0.000000000000000000, 0.000000000000000000, 1.000000000000000000 ) ) ;
#3633 = CYLINDRICAL_SURFACE ( 'NONE', #4859, 0.09999999999999777123 ) ;
#3634 = CARTESIAN_POINT ( 'NONE',  ( 0.000000000000000000, 5.000000000000000000, 0.000000000000000000 ) ) ;
#3635 = EDGE_LOOP ( 'NONE', ( #1310, #1911, #4827, #8359, #9092, #2745, #8249, #6645 ) ) ;
#3636 = AXIS2_PLACEMENT_3D ( 'NONE', #2068, #9057, #5931 ) ;
#3637 = LINE ( 'NONE', #9641, #2342 ) ;
#3639 = ORIENTED_EDGE ( 'NONE', *, *, #4214, .F. ) ;
#3638 = ORIENTED_EDGE ( 'NONE', *, *, #9367, .T. ) ;
#3640 = CARTESIAN_POINT ( 'NONE',  ( -9.866843969807048254, 4.700000000000000178, -0.3250000000000000111 ) ) ;
#3641 = VECTOR ( 'NONE', #9418, 1000.000000000000000 ) ;
#3642 = EDGE_LOOP ( 'NONE', ( #486, #8598, #6063, #2935 ) ) ;
#3643 = EDGE_CURVE ( 'NONE', #7959, #6930, #5525, .T. ) ;
#3644 = LINE ( 'NONE', #1464, #4338 ) ;
#3645 = VECTOR ( 'NONE', #9186, 1000.000000000000000 ) ;
#3646 = ORIENTED_EDGE ( 'NONE', *, *, #4194, .T. ) ;
#3647 = DIRECTION ( 'NONE',  ( 0.000000000000000000, 0.000000000000000000, 1.000000000000000000 ) ) ;
#3648 = ORIENTED_EDGE ( 'NONE', *, *, #2135, .T. ) ;
#3649 = VECTOR ( 'NONE', #3061, 1000.000000000000114 ) ;
#3650 = CARTESIAN_POINT ( 'NONE',  ( 5.402777063696039939, 5.599999999999999645, -5.899999999999999467 ) ) ;
#3651 = PLANE ( 'NONE',  #683 ) ;
#3652 = VECTOR ( 'NONE', #668, 1000.000000000000000 ) ;
#3653 = DIRECTION ( 'NONE',  ( 0.000000000000000000, 0.000000000000000000, 1.000000000000000000 ) ) ;
#3654 = CARTESIAN_POINT ( 'NONE',  ( -9.266843969807039727, 3.100000000000000089, 0.9499999999999999556 ) ) ;
#3655 = VECTOR ( 'NONE', #6132, 1000.000000000000000 ) ;
#3656 = ORIENTED_EDGE ( 'NONE', *, *, #5499, .T. ) ;
#3657 = ORIENTED_EDGE ( 'NONE', *, *, #2309, .F. ) ;
#3658 = AXIS2_PLACEMENT_3D ( 'NONE', #2065, #6576, #1324 ) ;
#3659 = DIRECTION ( 'NONE',  ( 6.337024238047270084E-16, 1.000000000000000000, 1.061799116633951967E-16 ) ) ;
#3660 = LINE ( 'NONE', #6685, #4861 ) ;
#3661 = CARTESIAN_POINT ( 'NONE',  ( -8.524057166338717906, 4.215009495148505536, -1.051562052142682058 ) ) ;
#3662 = LINE ( 'NONE', #2914, #6332 ) ;
#3663 = CARTESIAN_POINT ( 'NONE',  ( 7.741843969807050030, 1.600000000000000089, -3.500000000000000000 ) ) ;
#3664 = VERTEX_POINT ( 'NONE', #6216 ) ;
#3665 = ORIENTED_EDGE ( 'NONE', *, *, #7079, .F. ) ;
#3666 = LINE ( 'NONE', #9473, #2546 ) ;
#3667 = ORIENTED_EDGE ( 'NONE', *, *, #30, .T. ) ;
#3668 = ADVANCED_FACE ( 'NONE', ( #4677 ), #3194, .T. ) ;
#3669 = AXIS2_PLACEMENT_3D ( 'NONE', #1525, #1428, #4542 ) ;
#3670 = PLANE ( 'NONE',  #1679 ) ;
#3671 = VECTOR ( 'NONE', #6157, 1000.000000000000000 ) ;
#3672 = CARTESIAN_POINT ( 'NONE',  ( -8.512640671857699459, 4.215011131985280102, 1.078005411887799969 ) ) ;
#3673 = CIRCLE ( 'NONE', #1929, 0.6250000000000000000 ) ;
#3674 = EDGE_CURVE ( 'NONE', #6825, #7499, #1657, .T. ) ;
#3675 = FACE_OUTER_BOUND ( 'NONE', #6700, .T. ) ;
#3676 = CARTESIAN_POINT ( 'NONE',  ( -5.332682251925390027, 5.599999999999999645, -7.250000000000000000 ) ) ;
#3678 = ORIENTED_EDGE ( 'NONE', *, *, #6389, .T. ) ;
#3677 = ORIENTED_EDGE ( 'NONE', *, *, #3875, .F. ) ;
#3679 = CARTESIAN_POINT ( 'NONE',  ( 0.000000000000000000, 0.000000000000000000, 0.000000000000000000 ) ) ;
#3680 = DIRECTION ( 'NONE',  ( 1.000000000000000000, 4.130293990420969686E-15, 1.073876437509452071E-14 ) ) ;
#3681 = VECTOR ( 'NONE', #874, 1000.000000000000000 ) ;
#3682 = AXIS2_PLACEMENT_3D ( 'NONE', #3105, #2467, #9253 ) ;
#3683 = DIRECTION ( 'NONE',  ( 0.000000000000000000, -1.000000000000000000, 0.000000000000000000 ) ) ;
#3684 = DIRECTION ( 'NONE',  ( 0.2588190451025239036, 0.9659258262890675351, 0.000000000000000000 ) ) ;
#3685 = ORIENTED_EDGE ( 'NONE', *, *, #53, .F. ) ;
#3686 = B_SPLINE_CURVE_WITH_KNOTS ( 'NONE', 3,
 ( #8973, #8929, #4410, #713, #3672, #1345, #6594, #7345, #2970, #5208 ),
 .UNSPECIFIED., .F., .F.,
 ( 4, 3, 3, 4 ),
 ( -2.442562649813070116E-05, 0.000000000000000000, 8.253523532213791019E-05, 0.0001257027433843587870 ),
 .UNSPECIFIED. ) ;
#3687 = DIRECTION ( 'NONE',  ( 7.279101552726930441E-16, 1.000000000000000000, 0.000000000000000000 ) ) ;
#3688 = EDGE_CURVE ( 'NONE', #6159, #1942, #8402, .T. ) ;
#3690 = ORIENTED_EDGE ( 'NONE', *, *, #6957, .F. ) ;
#3689 = ORIENTED_EDGE ( 'NONE', *, *, #5457, .T. ) ;
#3691 = FACE_OUTER_BOUND ( 'NONE', #2354, .T. ) ;
#3692 = EDGE_CURVE ( 'NONE', #2089, #3084, #3047, .T. ) ;
#3693 = VERTEX_POINT ( 'NONE', #6911 ) ;
#3694 = CARTESIAN_POINT ( 'NONE',  ( -3.899999999999999911, 1.600000000000000089, -5.485000000000000320 ) ) ;
#3695 = VERTEX_POINT ( 'NONE', #8496 ) ;
#3696 = LINE ( 'NONE', #3599, #1766 ) ;
#3697 = ORIENTED_EDGE ( 'NONE', *, *, #6571, .F. ) ;
#3698 = EDGE_CURVE ( 'NONE', #2795, #9585, #1023, .T. ) ;
#3699 = CARTESIAN_POINT ( 'NONE',  ( 8.466843969807049675, 0.2000000000000000111, -2.000000000000000000 ) ) ;
#3700 = ADVANCED_FACE ( 'NONE', ( #2352 ), #1562, .T. ) ;
#3701 = CARTESIAN_POINT ( 'NONE',  ( 12.14999999999999858, 5.000000000000000000, 0.000000000000000000 ) ) ;
#3702 = CARTESIAN_POINT ( 'NONE',  ( -8.571097196050919464, 4.215083280590655512, -1.115434647022069958 ) ) ;
#3703 = LINE ( 'NONE', #735, #177 ) ;
#3704 = FACE_OUTER_BOUND ( 'NONE', #5401, .T. ) ;
#3705 = ORIENTED_EDGE ( 'NONE', *, *, #9238, .F. ) ;
#3706 = VECTOR ( 'NONE', #2276, 1000.000000000000000 ) ;
#3707 = VERTEX_POINT ( 'NONE', #976 ) ;
#3708 = LINE ( 'NONE', #2216, #7546 ) ;
#3709 = CARTESIAN_POINT ( 'NONE',  ( -6.849429577842310657, 1.899999999999999911, 3.832310858622455019 ) ) ;
#3710 = LINE ( 'NONE', #6729, #8752 ) ;
#3711 = DIRECTION ( 'NONE',  ( 0.000000000000000000, 0.000000000000000000, -1.000000000000000000 ) ) ;
#3712 = PLANE ( 'NONE',  #254 ) ;
#3713 = EDGE_LOOP ( 'NONE', ( #1237, #2547, #5265, #1986, #4321, #5952, #468, #7578 ) ) ;
#3714 = ORIENTED_EDGE ( 'NONE', *, *, #9720, .F. ) ;
#3715 = EDGE_CURVE ( 'NONE', #6611, #4826, #8452, .T. ) ;
#3716 = DIRECTION ( 'NONE',  ( -1.000000000000000000, 0.000000000000000000, 0.000000000000000000 ) ) ;
#3717 = ORIENTED_EDGE ( 'NONE', *, *, #9053, .F. ) ;
#3718 = DIRECTION ( 'NONE',  ( 0.9659258262890672020, -0.2588190451025245697, 0.000000000000000000 ) ) ;
#3719 = VECTOR ( 'NONE', #9772, 1000.000000000000000 ) ;
#3720 = LINE ( 'NONE', #9627, #7266 ) ;
#3721 = CARTESIAN_POINT ( 'NONE',  ( -8.637545994279840045, 4.215787375472475063, -1.068358879736714062 ) ) ;
#3722 = DIRECTION ( 'NONE',  ( -0.5735764363510417185, 0.000000000000000000, 0.8191520442889947962 ) ) ;
#3723 = ORIENTED_EDGE ( 'NONE', *, *, #3144, .F. ) ;
#3724 = CARTESIAN_POINT ( 'NONE',  ( 7.741843969807050030, 1.600000000000000089, 2.600000000000000089 ) ) ;
#3725 = EDGE_CURVE ( 'NONE', #302, #3054, #7659, .T. ) ;
#3726 = ADVANCED_FACE ( 'NONE', ( #5329 ), #90, .T. ) ;
#3727 = DIRECTION ( 'NONE',  ( 0.000000000000000000, 0.000000000000000000, 1.000000000000000000 ) ) ;
#3728 = CARTESIAN_POINT ( 'NONE',  ( 13.84999999999999964, -2.081668171172170091E-14, -1.750000000000000000 ) ) ;
#3729 = VERTEX_POINT ( 'NONE', #3840 ) ;
#3730 = DIRECTION ( 'NONE',  ( 0.000000000000000000, 0.000000000000000000, 1.000000000000000000 ) ) ;
#3732 = ORIENTED_EDGE ( 'NONE', *, *, #9705, .F. ) ;
#3731 = ORIENTED_EDGE ( 'NONE', *, *, #1582, .T. ) ;
#3733 = CARTESIAN_POINT ( 'NONE',  ( -3.899999999999999911, 5.000000000000000000, 6.984983894040130536 ) ) ;
#3734 = LINE ( 'NONE', #2300, #3645 ) ;
#3735 = ORIENTED_EDGE ( 'NONE', *, *, #284, .T. ) ;
#3736 = DIRECTION ( 'NONE',  ( -4.130293990420970474E-15, 0.000000000000000000, -1.000000000000000000 ) ) ;
#3737 = ORIENTED_EDGE ( 'NONE', *, *, #6394, .F. ) ;
#3738 = VECTOR ( 'NONE', #415, 1000.000000000000000 ) ;
#3739 = LINE ( 'NONE', #6019, #6034 ) ;
#3740 = ORIENTED_EDGE ( 'NONE', *, *, #3207, .F. ) ;
#3741 = EDGE_CURVE ( 'NONE', #6039, #6825, #7009, .T. ) ;
#3742 = DIRECTION ( 'NONE',  ( -1.000000000000000000, 0.000000000000000000, 1.734723475976805122E-15 ) ) ;
#3743 = DIRECTION ( 'NONE',  ( 1.000000000000000000, 0.000000000000000000, 0.000000000000000000 ) ) ;
#3744 = EDGE_CURVE ( 'NONE', #395, #1033, #7795, .T. ) ;
#3745 = CARTESIAN_POINT ( 'NONE',  ( 7.040152961328209891, 1.057468956384133962, -0.5742379875259430166 ) ) ;
#3746 = DIRECTION ( 'NONE',  ( 1.000000000000000000, 0.000000000000000000, 0.000000000000000000 ) ) ;
#3747 = AXIS2_PLACEMENT_3D ( 'NONE', #8017, #1873, #1231 ) ;
#3748 = VERTEX_POINT ( 'NONE', #1611 ) ;
#3749 = EDGE_CURVE ( 'NONE', #2635, #8647, #6116, .T. ) ;
#3750 = ORIENTED_EDGE ( 'NONE', *, *, #165, .T. ) ;
#3751 = EDGE_CURVE ( 'NONE', #3535, #4762, #2413, .T. ) ;
#3752 = CIRCLE ( 'NONE', #1384, 0.2750000000000000222 ) ;
#3753 = CARTESIAN_POINT ( 'NONE',  ( -8.416843969807048964, 3.100000000000000089, -0.9499999999999999556 ) ) ;
#3754 = CARTESIAN_POINT ( 'NONE',  ( -9.866843969807048254, 4.700000000000000178, -0.6250000000000000000 ) ) ;
#3755 = DIRECTION ( 'NONE',  ( -1.000000000000000000, 5.815882107279680187E-16, 0.000000000000000000 ) ) ;
#3756 = DIRECTION ( 'NONE',  ( -1.000000000000000000, 0.000000000000000000, -9.757819552369560416E-15 ) ) ;
#3757 = CARTESIAN_POINT ( 'NONE',  ( -5.402777063696039939, 5.599999999999999645, 5.899999999999999467 ) ) ;
#3758 = VERTEX_POINT ( 'NONE', #1709 ) ;
#3759 = TOROIDAL_SURFACE ( 'NONE', #4407, 0.3250000000000000111, 0.2999999999999999889 ) ;
#3760 = ORIENTED_EDGE ( 'NONE', *, *, #6938, .F. ) ;
#3761 = DIRECTION ( 'NONE',  ( 0.4055797876726329743, -0.7071067811865519026, -0.5792279653395678851 ) ) ;
#3762 = ORIENTED_EDGE ( 'NONE', *, *, #5547, .T. ) ;
#3763 = ADVANCED_FACE ( 'NONE', ( #7807 ), #5429, .T. ) ;
#3764 = CARTESIAN_POINT ( 'NONE',  ( -1.981937314617169932, 1.300000000000000044, 5.850000000000000533 ) ) ;
#3765 = DIRECTION ( 'NONE',  ( 0.000000000000000000, 0.000000000000000000, 1.000000000000000000 ) ) ;
#3766 = CARTESIAN_POINT ( 'NONE',  ( -11.50000000000000000, 1.118458347509779841E-14, -1.750000000000000000 ) ) ;
#3767 = FACE_OUTER_BOUND ( 'NONE', #7022, .T. ) ;
#3768 = EDGE_CURVE ( 'NONE', #9643, #9137, #235, .T. ) ;
#3769 =( LENGTH_UNIT ( ) NAMED_UNIT ( * ) SI_UNIT ( .MILLI., .METRE. ) );
#3770 = VERTEX_POINT ( 'NONE', #2306 ) ;
#3771 = LINE ( 'NONE', #6792, #4439 ) ;
#3772 = EDGE_CURVE ( 'NONE', #675, #3406, #333, .T. ) ;
#3773 = DIRECTION ( 'NONE',  ( -1.000000000000000000, 0.000000000000000000, -1.626621985048335115E-15 ) ) ;
#3774 = CARTESIAN_POINT ( 'NONE',  ( -4.869548233666040282, 5.000000000000000000, 5.899999999999999467 ) ) ;
#3775 = ORIENTED_EDGE ( 'NONE', *, *, #2442, .F. ) ;
#3776 = CIRCLE ( 'NONE', #2665, 0.3250000000000000111 ) ;
#3777 = LINE ( 'NONE', #2098, #4075 ) ;
#3779 = EDGE_LOOP ( 'NONE', ( #3543, #1229, #1172, #3920 ) ) ;
#3778 = ORIENTED_EDGE ( 'NONE', *, *, #6753, .T. ) ;
#3780 = CARTESIAN_POINT ( 'NONE',  ( -8.663999355738544850, 4.236751176315619816, -0.9876353368249460862 ) ) ;
#3781 = EDGE_CURVE ( 'NONE', #984, #5615, #4130, .T. ) ;
#3782 = EDGE_CURVE ( 'NONE', #7109, #6415, #6308, .T. ) ;
#3783 = DIRECTION ( 'NONE',  ( 0.04634331343577569734, -0.01241765340969869583, 0.9988483864849511118 ) ) ;
#3784 = ORIENTED_EDGE ( 'NONE', *, *, #4553, .T. ) ;
#3785 = PLANE ( 'NONE',  #6199 ) ;
#3786 = ORIENTED_EDGE ( 'NONE', *, *, #6440, .T. ) ;
#3787 = DIRECTION ( 'NONE',  ( 0.000000000000000000, 0.000000000000000000, -1.000000000000000000 ) ) ;
#3788 = ORIENTED_EDGE ( 'NONE', *, *, #3260, .F. ) ;
#3789 = CARTESIAN_POINT ( 'NONE',  ( 0.000000000000000000, 5.599999999999999645, 0.000000000000000000 ) ) ;
#3790 = LINE ( 'NONE', #6865, #3522 ) ;
#3791 = EDGE_CURVE ( 'NONE', #4733, #1189, #4922, .T. ) ;
#3792 = AXIS2_PLACEMENT_3D ( 'NONE', #8625, #3269, #4949 ) ;
#3793 = CARTESIAN_POINT ( 'NONE',  ( 0.000000000000000000, 5.000000000000000000, 0.000000000000000000 ) ) ;
#3794 = DIRECTION ( 'NONE',  ( 0.000000000000000000, 1.000000000000000000, 0.000000000000000000 ) ) ;
#3795 = LINE ( 'NONE', #239, #6639 ) ;
#3796 = AXIS2_PLACEMENT_3D ( 'NONE', #1170, #3395, #1027 ) ;
#3797 = ORIENTED_EDGE ( 'NONE', *, *, #6173, .F. ) ;
#3798 = B_SPLINE_CURVE_WITH_KNOTS ( 'NONE', 3,
 ( #5342, #1671, #4596, #846, #2367, #2425, #5393, #3899 ),
 .UNSPECIFIED., .F., .F.,
 ( 4, 2, 2, 4 ),
 ( 0.000000000000000000, 0.2500000000000019984, 0.5000000000000039968, 1.000000000000000000 ),
 .UNSPECIFIED. ) ;
#3799 = VERTEX_POINT ( 'NONE', #4078 ) ;
#3800 = VECTOR ( 'NONE', #2022, 1000.000000000000000 ) ;
#3801 = PLANE ( 'NONE',  #4460 ) ;
#3802 = CARTESIAN_POINT ( 'NONE',  ( -2.795000000000000373, -7.269011204192789677, 0.1499999999999999944 ) ) ;
#3803 = CARTESIAN_POINT ( 'NONE',  ( -8.522876514444249096, 4.215000000002033786, -1.066618107829921724 ) ) ;
#3804 = CARTESIAN_POINT ( 'NONE',  ( 11.44999999999999929, 0.2000000000000000111, -2.600000000000000089 ) ) ;
#3805 = DIRECTION ( 'NONE',  ( 1.000000000000000000, 0.000000000000000000, 0.000000000000000000 ) ) ;
#3806 = AXIS2_PLACEMENT_3D ( 'NONE', #4243, #7275, #8809 ) ;
#3807 = FACE_OUTER_BOUND ( 'NONE', #9691, .T. ) ;
#3808 = ORIENTED_EDGE ( 'NONE', *, *, #1544, .F. ) ;
#3809 = ORIENTED_EDGE ( 'NONE', *, *, #7513, .F. ) ;
#3810 = AXIS2_PLACEMENT_3D ( 'NONE', #5183, #8206, #4389 ) ;
#3811 = DIRECTION ( 'NONE',  ( -1.000000000000000000, 0.000000000000000000, 0.000000000000000000 ) ) ;
#3812 = VECTOR ( 'NONE', #8779, 1000.000000000000000 ) ;
#3813 = VERTEX_POINT ( 'NONE', #3436 ) ;
#3814 = CIRCLE ( 'NONE', #351, 0.5999999999999998668 ) ;
#3815 = EDGE_CURVE ( 'NONE', #4327, #3977, #1897, .T. ) ;
#3816 = CYLINDRICAL_SURFACE ( 'NONE', #9448, 9.000000000000000000 ) ;
#3817 = CARTESIAN_POINT ( 'NONE',  ( -7.290260522564540047, 1.899999999999999911, 2.994789603513335230 ) ) ;
#3818 = EDGE_CURVE ( 'NONE', #3093, #3000, #7853, .T. ) ;
#3819 = LINE ( 'NONE', #6141, #8382 ) ;
#3820 = LINE ( 'NONE', #4513, #3077 ) ;
#3821 = EDGE_CURVE ( 'NONE', #5275, #6004, #4867, .T. ) ;
#3822 = LINE ( 'NONE', #262, #4387 ) ;
#3823 = ORIENTED_EDGE ( 'NONE', *, *, #1983, .F. ) ;
#3824 = DIRECTION ( 'NONE',  ( 0.000000000000000000, 0.000000000000000000, -1.000000000000000000 ) ) ;
#3825 = VECTOR ( 'NONE', #2850, 1000.000000000000000 ) ;
#3826 = CARTESIAN_POINT ( 'NONE',  ( -3.381937314617169843, 0.2000000000000000111, 7.250000000000000000 ) ) ;
#3827 = DIRECTION ( 'NONE',  ( 0.000000000000000000, 0.000000000000000000, -1.000000000000000000 ) ) ;
#3828 = ORIENTED_EDGE ( 'NONE', *, *, #4889, .F. ) ;
#3829 = EDGE_CURVE ( 'NONE', #6118, #8404, #1149, .T. ) ;
#3830 = CARTESIAN_POINT ( 'NONE',  ( 0.000000000000000000, 5.000000000000000000, 0.000000000000000000 ) ) ;
#3832 = ORIENTED_EDGE ( 'NONE', *, *, #1499, .F. ) ;
#3831 = ORIENTED_EDGE ( 'NONE', *, *, #8358, .T. ) ;
#3833 = DIRECTION ( 'NONE',  ( 0.000000000000000000, 0.000000000000000000, 1.000000000000000000 ) ) ;
#3834 = VECTOR ( 'NONE', #8418, 1000.000000000000114 ) ;
#3835 = LINE ( 'NONE', #2346, #20 ) ;
#3836 = ORIENTED_EDGE ( 'NONE', *, *, #7093, .F. ) ;
#3837 = DIRECTION ( 'NONE',  ( 0.000000000000000000, 0.000000000000000000, 1.000000000000000000 ) ) ;
#3838 = CARTESIAN_POINT ( 'NONE',  ( 4.297588409752299832, 1.600000000000000089, -4.329056925054540095 ) ) ;
#3839 = ORIENTED_EDGE ( 'NONE', *, *, #8462, .F. ) ;
#3840 = CARTESIAN_POINT ( 'NONE',  ( -5.332682251925390027, 0.2000000000000000111, 7.250000000000000000 ) ) ;
#3841 = CARTESIAN_POINT ( 'NONE',  ( -13.84999999999999964, 0.1500000000000134837, 1.750000000000000000 ) ) ;
#3842 = VERTEX_POINT ( 'NONE', #5018 ) ;
#3843 = DIRECTION ( 'NONE',  ( 0.7071067811865474617, 0.000000000000000000, -0.7071067811865474617 ) ) ;
#3844 = ORIENTED_EDGE ( 'NONE', *, *, #2420, .T. ) ;
#3845 = ORIENTED_EDGE ( 'NONE', *, *, #7866, .T. ) ;
#3846 = EDGE_CURVE ( 'NONE', #6465, #7595, #8044, .T. ) ;
#3847 = DIRECTION ( 'NONE',  ( 0.000000000000000000, 0.000000000000000000, 1.000000000000000000 ) ) ;
#3848 = PLANE ( 'NONE',  #2550 ) ;
#3849 = DIRECTION ( 'NONE',  ( 0.000000000000000000, -1.000000000000000000, 0.000000000000000000 ) ) ;
#3850 = CARTESIAN_POINT ( 'NONE',  ( 6.360817557515700216, 5.599999999999999645, 4.250000000000000000 ) ) ;
#3851 = DIRECTION ( 'NONE',  ( 0.000000000000000000, 1.000000000000000000, 0.000000000000000000 ) ) ;
#3852 = FACE_OUTER_BOUND ( 'NONE', #9097, .T. ) ;
#3853 = DIRECTION ( 'NONE',  ( 4.037654211365185798E-15, -1.000000000000000000, 3.313280120401565353E-15 ) ) ;
#3854 = ORIENTED_EDGE ( 'NONE', *, *, #9435, .F. ) ;
#3855 = ORIENTED_EDGE ( 'NONE', *, *, #5573, .F. ) ;
#3856 = CARTESIAN_POINT ( 'NONE',  ( -4.649999999999999467, 0.2000000000000000111, 5.899999999999999467 ) ) ;
#3857 = ORIENTED_EDGE ( 'NONE', *, *, #6224, .F. ) ;
#3858 = AXIS2_PLACEMENT_3D ( 'NONE', #9046, #3736, #8992 ) ;
#3859 = EDGE_CURVE ( 'NONE', #6866, #785, #6405, .T. ) ;
#3860 = LINE ( 'NONE', #9369, #2319 ) ;
#3861 = CARTESIAN_POINT ( 'NONE',  ( 0.000000000000000000, 5.000000000000000000, 0.000000000000000000 ) ) ;
#3862 = EDGE_CURVE ( 'NONE', #296, #2982, #5422, .T. ) ;
#3863 = CARTESIAN_POINT ( 'NONE',  ( -12.14999999999999858, 5.000000000000000000, -3.500000000000000000 ) ) ;
#3864 = DIRECTION ( 'NONE',  ( 0.000000000000000000, 0.000000000000000000, 1.000000000000000000 ) ) ;
#3865 = EDGE_CURVE ( 'NONE', #2569, #5908, #5668, .T. ) ;
#3866 = DIRECTION ( 'NONE',  ( 0.000000000000000000, -1.000000000000000000, 0.000000000000000000 ) ) ;
#3868 = EDGE_CURVE ( 'NONE', #8697, #9257, #2732, .T. ) ;
#3867 = ORIENTED_EDGE ( 'NONE', *, *, #4772, .T. ) ;
#3869 = FACE_OUTER_BOUND ( 'NONE', #3713, .T. ) ;
#3870 = CIRCLE ( 'NONE', #875, 0.6250000000000000000 ) ;
#3871 = EDGE_CURVE ( 'NONE', #6415, #829, #5619, .T. ) ;
#3872 = DIRECTION ( 'NONE',  ( 1.000000000000000000, 0.000000000000000000, 0.000000000000000000 ) ) ;
#3873 = DIRECTION ( 'NONE',  ( 0.000000000000000000, 1.000000000000000000, 0.000000000000000000 ) ) ;
#3874 = ORIENTED_EDGE ( 'NONE', *, *, #1475, .T. ) ;
#3875 = EDGE_CURVE ( 'NONE', #4117, #1561, #2691, .T. ) ;
#3876 = CARTESIAN_POINT ( 'NONE',  ( -8.100226182487579862, 3.012132034355975208, -1.838038760764659996 ) ) ;
#3878 = VERTEX_POINT ( 'NONE', #4819 ) ;
#3877 = VERTEX_POINT ( 'NONE', #7060 ) ;
#3879 = AXIS2_PLACEMENT_3D ( 'NONE', #3414, #4896, #7975 ) ;
#3880 = CARTESIAN_POINT ( 'NONE',  ( -8.659202834241362723, 4.222609057131236021, -1.011171870130734618 ) ) ;
#3881 = CARTESIAN_POINT ( 'NONE',  ( 2.990069434805150195, 1.780338903451070154, 0.7711353759932759733 ) ) ;
#3882 = ORIENTED_EDGE ( 'NONE', *, *, #7993, .F. ) ;
#3883 = DIRECTION ( 'NONE',  ( 0.9063077870366498257, 1.156482317317870936E-15, -0.4226182617406996633 ) ) ;
#3884 = CARTESIAN_POINT ( 'NONE',  ( 5.153888588047030540E-16, 1.399999999999999911, 4.100000000000000533 ) ) ;
#3885 = ORIENTED_EDGE ( 'NONE', *, *, #3698, .T. ) ;
#3886 = DIRECTION ( 'NONE',  ( 0.000000000000000000, 0.000000000000000000, 1.000000000000000000 ) ) ;
#3887 = DIRECTION ( 'NONE',  ( 0.000000000000000000, 0.000000000000000000, -1.000000000000000000 ) ) ;
#3888 = ORIENTED_EDGE ( 'NONE', *, *, #5499, .F. ) ;
#3889 = CARTESIAN_POINT ( 'NONE',  ( -8.585335662654706823, 4.215041849126974327, 1.053340274307756674 ) ) ;
#3890 = EDGE_CURVE ( 'NONE', #107, #2763, #1207, .T. ) ;
#3891 = LINE ( 'NONE', #7619, #647 ) ;
#3892 = EDGE_LOOP ( 'NONE', ( #2943, #5114, #3013, #3885, #5630, #5807 ) ) ;
#3893 = ORIENTED_EDGE ( 'NONE', *, *, #381, .T. ) ;
#3894 = CARTESIAN_POINT ( 'NONE',  ( -13.84999999999999964, 1.356982825456590027E-14, -1.750000000000000000 ) ) ;
#3895 = DIRECTION ( 'NONE',  ( 0.000000000000000000, 0.000000000000000000, 1.000000000000000000 ) ) ;
#3896 = LINE ( 'NONE', #5441, #5411 ) ;
#3897 = DIRECTION ( 'NONE',  ( 5.329070518200749816E-15, 0.000000000000000000, 1.000000000000000000 ) ) ;
#3898 = LINE ( 'NONE', #7626, #2258 ) ;
#3899 = CARTESIAN_POINT ( 'NONE',  ( -8.643553156550950689, 4.214911219604974946, 1.055019060678877851 ) ) ;
#3900 = CARTESIAN_POINT ( 'NONE',  ( -3.520000000000000018, 1.300000000000000044, -0.1499999999999999944 ) ) ;
#3901 = AXIS2_PLACEMENT_3D ( 'NONE', #8681, #7240, #6543 ) ;
#3902 = ORIENTED_EDGE ( 'NONE', *, *, #5360, .F. ) ;
#3903 = ORIENTED_EDGE ( 'NONE', *, *, #7980, .T. ) ;
#3904 = DIRECTION ( 'NONE',  ( -1.000000000000000000, 0.000000000000000000, 1.495451272393797817E-16 ) ) ;
#3905 = EDGE_CURVE ( 'NONE', #8525, #5198, #8644, .T. ) ;
#3906 = VERTEX_POINT ( 'NONE', #1849 ) ;
#3907 = AXIS2_PLACEMENT_3D ( 'NONE', #9281, #8740, #1059 ) ;
#3908 = DIRECTION ( 'NONE',  ( 1.000000000000000000, 0.000000000000000000, 0.000000000000000000 ) ) ;
#3909 = LINE ( 'NONE', #6140, #2176 ) ;
#3910 = LINE ( 'NONE', #160, #7750 ) ;
#3911 = DIRECTION ( 'NONE',  ( 0.000000000000000000, 0.000000000000000000, 1.000000000000000000 ) ) ;
#3912 = EDGE_CURVE ( 'NONE', #5594, #1101, #2553, .T. ) ;
#3913 = PLANE ( 'NONE',  #2645 ) ;
#3914 = EDGE_LOOP ( 'NONE', ( #1555, #3740, #1531, #3229 ) ) ;
#3915 = FACE_BOUND ( 'NONE', #5419, .T. ) ;
#3916 = AXIS2_PLACEMENT_3D ( 'NONE', #9403, #2606, #5632 ) ;
#3917 = AXIS2_PLACEMENT_3D ( 'NONE', #600, #2122, #1332 ) ;
#3918 = CARTESIAN_POINT ( 'NONE',  ( -7.167387715921189617, 4.349999999999999645, 2.908753138060680143 ) ) ;
#3919 = DIRECTION ( 'NONE',  ( 0.000000000000000000, 1.000000000000000000, 0.000000000000000000 ) ) ;
#3920 = ORIENTED_EDGE ( 'NONE', *, *, #1412, .T. ) ;
#3921 = DIRECTION ( 'NONE',  ( 0.000000000000000000, -1.000000000000000000, 0.000000000000000000 ) ) ;
#3923 = ORIENTED_EDGE ( 'NONE', *, *, #4296, .T. ) ;
#3922 = VERTEX_POINT ( 'NONE', #8603 ) ;
#3924 = DIRECTION ( 'NONE',  ( 0.000000000000000000, -1.000000000000000000, 0.000000000000000000 ) ) ;
#3925 = DIRECTION ( 'NONE',  ( 1.000000000000000000, 4.061455757247286739E-15, 0.000000000000000000 ) ) ;
#3926 = EDGE_LOOP ( 'NONE', ( #1792, #280, #1663, #9311, #7167, #1693 ) ) ;
#3927 = CARTESIAN_POINT ( 'NONE',  ( -8.521752727684591022, 4.315000000000000391, -1.236036465452655886 ) ) ;
#3928 = EDGE_CURVE ( 'NONE', #1122, #3695, #7997, .T. ) ;
#3929 = CARTESIAN_POINT ( 'NONE',  ( -11.40000000000000036, 1.500000000000000000, 2.100000000000000089 ) ) ;
#3930 = EDGE_LOOP ( 'NONE', ( #9188, #466, #2059, #3250 ) ) ;
#3931 = DIRECTION ( 'NONE',  ( 0.8191520442889947962, -5.800009312744911607E-16, 0.5735764363510417185 ) ) ;
#3932 = CARTESIAN_POINT ( 'NONE',  ( -7.290260522564540047, 1.899999999999999911, -2.994789603513335230 ) ) ;
#3933 = ORIENTED_EDGE ( 'NONE', *, *, #9566, .F. ) ;
#3934 = CARTESIAN_POINT ( 'NONE',  ( -8.468900674862208433, 4.214999999999999858, 1.050000000000000044 ) ) ;
#3935 = EDGE_CURVE ( 'NONE', #4171, #8264, #8433, .T. ) ;
#3936 = LINE ( 'NONE', #8501, #9657 ) ;
#3937 = ORIENTED_EDGE ( 'NONE', *, *, #6466, .F. ) ;
#3938 = VERTEX_POINT ( 'NONE', #5072 ) ;
#3939 = DIRECTION ( 'NONE',  ( 0.000000000000000000, 0.000000000000000000, -1.000000000000000000 ) ) ;
#3940 = DIRECTION ( 'NONE',  ( 0.000000000000000000, 1.000000000000000000, 0.000000000000000000 ) ) ;
#3941 = AXIS2_PLACEMENT_3D ( 'NONE', #7640, #7782, #9223 ) ;
#3942 = CARTESIAN_POINT ( 'NONE',  ( 7.733182394472060488E-16, 1.600000000000000089, -4.250000000000000000 ) ) ;
#3943 = DIRECTION ( 'NONE',  ( 0.000000000000000000, 0.000000000000000000, 1.000000000000000000 ) ) ;
#3944 = CLOSED_SHELL ( 'NONE', ( #7491, #739, #3265, #7017, #4887, #6582, #8544, #8838, #997, #3065, #1252, #499, #5975, #7905, #8542, #5521, #2713, #7107, #7187, #3982, #1951, #5809, #789, #8746, #8943, #463, #9218, #7683, #6817, #5402, #7772, #9176, #1259, #7366, #586, #5998, #7144, #2229, #6043, #1816, #9000, #7510, #1665, #3225, #5924, #6812, #411, #6049, #1615, #4580, #5787, #9388, #4469, #9316, #5631, #3668, #9472, #3998, #5151, #7591, #3763, #6032, #2109, #8310, #5325, #3967, #6055, #6026, #2593, #2933, #5797, #7603, #6188, #2119, #5933, #1162, #2359, #6106, #5673, #8297, #4431, #6147, #3726, #9120, #487, #3129, #9190, #3597 ) ) ;
#3945 = CARTESIAN_POINT ( 'NONE',  ( -12.14999999999999858, 4.750000000000000000, -2.600000000000035172 ) ) ;
#3946 = DIRECTION ( 'NONE',  ( 0.000000000000000000, 1.000000000000000000, 0.000000000000000000 ) ) ;
#3947 = ORIENTED_EDGE ( 'NONE', *, *, #7280, .F. ) ;
#3948 = ORIENTED_EDGE ( 'NONE', *, *, #7559, .T. ) ;
#3949 = VECTOR ( 'NONE', #6715, 1000.000000000000000 ) ;
#3950 = LINE ( 'NONE', #304, #711 ) ;
#3951 = VERTEX_POINT ( 'NONE', #8844 ) ;
#3952 = VECTOR ( 'NONE', #7843, 1000.000000000000114 ) ;
#3953 = VECTOR ( 'NONE', #6459, 1000.000000000000000 ) ;
#3954 = CARTESIAN_POINT ( 'NONE',  ( -3.520000000000000018, -7.269011204192789677, -0.1499999999999999944 ) ) ;
#3955 = AXIS2_PLACEMENT_3D ( 'NONE', #4691, #937, #204 ) ;
#3956 = CARTESIAN_POINT ( 'NONE',  ( -5.970552738231190482, -16.05340546095174759, -1.250000000000000000 ) ) ;
#3957 = VECTOR ( 'NONE', #1775, 1000.000000000000000 ) ;
#3958 = FACE_OUTER_BOUND ( 'NONE', #391, .T. ) ;
#3959 = LINE ( 'NONE', #6996, #7367 ) ;
#3960 = AXIS2_PLACEMENT_3D ( 'NONE', #5662, #7199, #8689 ) ;
#3961 = LINE ( 'NONE', #7736, #2637 ) ;
#3962 = ORIENTED_EDGE ( 'NONE', *, *, #8761, .T. ) ;
#3963 = CARTESIAN_POINT ( 'NONE',  ( -8.666843969807040082, 3.100000000000000089, -0.9499999999999999556 ) ) ;
#3964 = EDGE_CURVE ( 'NONE', #8647, #2400, #7000, .T. ) ;
#3965 = CIRCLE ( 'NONE', #1131, 0.5000000000000004441 ) ;
#3966 = EDGE_CURVE ( 'NONE', #5594, #9117, #5841, .T. ) ;
#3967 = ADVANCED_FACE ( 'NONE', ( #5145 ), #7525, .T. ) ;
#3968 = CARTESIAN_POINT ( 'NONE',  ( 1.982223503636745043, 1.399999999999999911, 2.600000000000000089 ) ) ;
#3969 = LINE ( 'NONE', #7006, #8052 ) ;
#3970 = VERTEX_POINT ( 'NONE', #5894 ) ;
#3972 = CONICAL_SURFACE ( 'NONE', #7598, 8.000000000000000000, 0.7853981633974476129 ) ;
#3971 = CARTESIAN_POINT ( 'NONE',  ( -5.332682251925390027, 0.2000000000000000111, 7.250000000000000000 ) ) ;
#3974 = ORIENTED_EDGE ( 'NONE', *, *, #2994, .F. ) ;
#3973 = ORIENTED_EDGE ( 'NONE', *, *, #1924, .F. ) ;
#3975 = LINE ( 'NONE', #3282, #7553 ) ;
#3976 = CARTESIAN_POINT ( 'NONE',  ( -12.14999999999999858, 4.299999999999999822, 2.000000000000000000 ) ) ;
#3977 = VERTEX_POINT ( 'NONE', #3 ) ;
#3978 = CARTESIAN_POINT ( 'NONE',  ( -8.552697298549354343, 4.212030131101269781, -1.191843038252654363 ) ) ;
#3979 = DIRECTION ( 'NONE',  ( 0.000000000000000000, 1.000000000000000000, 0.000000000000000000 ) ) ;
#3980 = EDGE_LOOP ( 'NONE', ( #4811, #9344, #839, #7129 ) ) ;
#3981 = AXIS2_PLACEMENT_3D ( 'NONE', #8008, #1222, #4936 ) ;
#3982 = ADVANCED_FACE ( 'NONE', ( #9759 ), #9664, .T. ) ;
#3983 = DIRECTION ( 'NONE',  ( 0.000000000000000000, 0.000000000000000000, -1.000000000000000000 ) ) ;
#3984 = VECTOR ( 'NONE', #7016, 1000.000000000000000 ) ;
#3985 = CARTESIAN_POINT ( 'NONE',  ( -8.766843969807039727, 4.349999999999999645, 0.9499999999999999556 ) ) ;
#3986 = AXIS2_PLACEMENT_3D ( 'NONE', #6468, #1865, #7125 ) ;
#3987 = EDGE_CURVE ( 'NONE', #7233, #5615, #4449, .T. ) ;
#3988 = ORIENTED_EDGE ( 'NONE', *, *, #5756, .F. ) ;
#3989 = CARTESIAN_POINT ( 'NONE',  ( 13.84999999999999964, -2.081668171172170091E-14, 1.750000000000000000 ) ) ;
#3990 = EDGE_CURVE ( 'NONE', #7399, #5641, #2167, .T. ) ;
#3991 = LINE ( 'NONE', #3248, #1887 ) ;
#3992 = EDGE_CURVE ( 'NONE', #2672, #5677, #1935, .T. ) ;
#3993 = ORIENTED_EDGE ( 'NONE', *, *, #141, .F. ) ;
#3994 = VECTOR ( 'NONE', #6815, 1000.000000000000000 ) ;
#3995 = ORIENTED_EDGE ( 'NONE', *, *, #2480, .T. ) ;
#3996 = VECTOR ( 'NONE', #7431, 1000.000000000000000 ) ;
#3997 = EDGE_CURVE ( 'NONE', #9434, #5524, #7336, .T. ) ;
#3998 = ADVANCED_FACE ( 'NONE', ( #8172 ), #9009, .F. ) ;
#3999 = LINE ( 'NONE', #2313, #2877 ) ;
#4000 = DIRECTION ( 'NONE',  ( -1.000000000000000000, 4.248302390147255473E-15, 0.000000000000000000 ) ) ;
#4001 = DIRECTION ( 'NONE',  ( 1.000000000000000000, 0.000000000000000000, 0.000000000000000000 ) ) ;
#4002 = CARTESIAN_POINT ( 'NONE',  ( -8.616843969807050030, 0.2000000000000000111, -3.500000000000000000 ) ) ;
#4003 = DIRECTION ( 'NONE',  ( 0.8191520442889947962, 0.000000000000000000, -0.5735764363510417185 ) ) ;
#4004 = DIRECTION ( 'NONE',  ( 0.000000000000000000, 0.000000000000000000, 1.000000000000000000 ) ) ;
#4005 = ORIENTED_EDGE ( 'NONE', *, *, #1396, .F. ) ;
#4006 = DIRECTION ( 'NONE',  ( 0.000000000000000000, 0.000000000000000000, 1.000000000000000000 ) ) ;
#4007 = ORIENTED_EDGE ( 'NONE', *, *, #3312, .F. ) ;
#4008 = DIRECTION ( 'NONE',  ( 0.000000000000000000, 1.000000000000000000, 0.000000000000000000 ) ) ;
#4009 = DIRECTION ( 'NONE',  ( -1.000000000000000000, 0.000000000000000000, 0.000000000000000000 ) ) ;
#4010 = DIRECTION ( 'NONE',  ( 0.000000000000000000, 0.000000000000000000, -1.000000000000000000 ) ) ;
#4011 = DIRECTION ( 'NONE',  ( -0.5735764363510417185, 2.764992862514373901E-16, 0.8191520442889946851 ) ) ;
#4012 = DIRECTION ( 'NONE',  ( 1.000000000000000000, 0.000000000000000000, 0.000000000000000000 ) ) ;
#4013 = CARTESIAN_POINT ( 'NONE',  ( 2.537033083616004960E-14, 1.600000000000000089, -2.599999999999914824 ) ) ;
#4014 = AXIS2_PLACEMENT_3D ( 'NONE', #8758, #5546, #8573 ) ;
#4015 = DIRECTION ( 'NONE',  ( 0.000000000000000000, -0.7071067811865425767, -0.7071067811865525687 ) ) ;
#4016 = DIRECTION ( 'NONE',  ( -1.042480528727944075E-15, -1.000000000000000000, 8.942003285949949017E-16 ) ) ;
#4017 = ORIENTED_EDGE ( 'NONE', *, *, #4590, .T. ) ;
#4018 = FACE_OUTER_BOUND ( 'NONE', #8889, .T. ) ;
#4020 = ORIENTED_EDGE ( 'NONE', *, *, #4695, .F. ) ;
#4019 = EDGE_LOOP ( 'NONE', ( #3064, #528, #7180, #9330 ) ) ;
#4021 = CARTESIAN_POINT ( 'NONE',  ( -8.612863635509281579, 4.216087935759305516, 1.105916604050363850 ) ) ;
#4022 = EDGE_CURVE ( 'NONE', #6521, #9105, #7826, .T. ) ;
#4023 = LINE ( 'NONE', #3234, #5068 ) ;
#4024 = AXIS2_PLACEMENT_3D ( 'NONE', #899, #8477, #3911 ) ;
#4025 = ORIENTED_EDGE ( 'NONE', *, *, #6600, .F. ) ;
#4026 = PLANE ( 'NONE',  #1926 ) ;
#4027 = EDGE_CURVE ( 'NONE', #9340, #464, #6585, .T. ) ;
#4028 = DIRECTION ( 'NONE',  ( 0.000000000000000000, 1.000000000000000000, 0.000000000000000000 ) ) ;
#4029 = VERTEX_POINT ( 'NONE', #2124 ) ;
#4030 = DIRECTION ( 'NONE',  ( 0.000000000000000000, -1.000000000000000000, 0.000000000000000000 ) ) ;
#4031 = VECTOR ( 'NONE', #7286, 1000.000000000000227 ) ;
#4032 = DIRECTION ( 'NONE',  ( -1.000000000000000000, 0.000000000000000000, 2.244797829168379883E-16 ) ) ;
#4033 = VERTEX_POINT ( 'NONE', #2817 ) ;
#4034 = CARTESIAN_POINT ( 'NONE',  ( -6.848755320374480426, 4.233467798001010040E-15, -3.478826570955569686 ) ) ;
#4035 = EDGE_CURVE ( 'NONE', #533, #3729, #1335, .T. ) ;
#4036 = DIRECTION ( 'NONE',  ( 0.000000000000000000, 7.086709786881680907E-31, -1.000000000000000000 ) ) ;
#4037 = ORIENTED_EDGE ( 'NONE', *, *, #7203, .T. ) ;
#4038 = VERTEX_POINT ( 'NONE', #601 ) ;
#4039 = EDGE_CURVE ( 'NONE', #5641, #5275, #3616, .T. ) ;
#4040 = DIRECTION ( 'NONE',  ( -1.000000000000000000, 0.000000000000000000, 4.130293990420970474E-15 ) ) ;
#4041 = CARTESIAN_POINT ( 'NONE',  ( 11.40000000000000036, 0.2500000000000000000, 1.750000000000000000 ) ) ;
#4042 = EDGE_LOOP ( 'NONE', ( #6267, #1919, #7276, #7744 ) ) ;
#4043 = EDGE_CURVE ( 'NONE', #1664, #436, #8217, .T. ) ;
#4044 = LINE ( 'NONE', #8566, #7943 ) ;
#4045 = CARTESIAN_POINT ( 'NONE',  ( 1.931937314617169887, 1.600000000000000089, 5.799999999999999822 ) ) ;
#4046 = LINE ( 'NONE', #8616, #7449 ) ;
#4047 = FACE_OUTER_BOUND ( 'NONE', #2004, .T. ) ;
#4048 = EDGE_CURVE ( 'NONE', #4049, #9631, #3710, .T. ) ;
#4049 = VERTEX_POINT ( 'NONE', #4002 ) ;
#4050 = DIRECTION ( 'NONE',  ( 0.000000000000000000, 0.000000000000000000, -1.000000000000000000 ) ) ;
#4051 = ORIENTED_EDGE ( 'NONE', *, *, #2328, .F. ) ;
#4052 = DIRECTION ( 'NONE',  ( 0.000000000000000000, 1.000000000000000000, 0.000000000000000000 ) ) ;
#4053 = VECTOR ( 'NONE', #1044, 1000.000000000000000 ) ;
#4054 = DIRECTION ( 'NONE',  ( 0.000000000000000000, 0.000000000000000000, 1.000000000000000000 ) ) ;
#4055 = DIRECTION ( 'NONE',  ( 0.000000000000000000, 0.000000000000000000, 1.000000000000000000 ) ) ;
#4056 = DIRECTION ( 'NONE',  ( -0.000000000000000000, 1.000000000000000000, 0.000000000000000000 ) ) ;
#4057 = LINE ( 'NONE', #9268, #5298 ) ;
#4058 = DIRECTION ( 'NONE',  ( 0.000000000000000000, -1.000000000000000000, 0.000000000000000000 ) ) ;
#4059 = EDGE_CURVE ( 'NONE', #5624, #3461, #9701, .T. ) ;
#4060 = LINE ( 'NONE', #4902, #3016 ) ;
#4061 = AXIS2_PLACEMENT_3D ( 'NONE', #9567, #1920, #553 ) ;
#4062 = DIRECTION ( 'NONE',  ( 0.000000000000000000, 0.000000000000000000, -1.000000000000000000 ) ) ;
#4063 = VECTOR ( 'NONE', #1105, 1000.000000000000114 ) ;
#4064 = LINE ( 'NONE', #6393, #7582 ) ;
#4065 = VERTEX_POINT ( 'NONE', #6926 ) ;
#4066 = LINE ( 'NONE', #5001, #2995 ) ;
#4068 = ORIENTED_EDGE ( 'NONE', *, *, #1389, .T. ) ;
#4067 = EDGE_LOOP ( 'NONE', ( #7116, #541, #9494, #5128, #6318, #2604 ) ) ;
#4069 = VECTOR ( 'NONE', #9178, 1000.000000000000000 ) ;
#4070 = CYLINDRICAL_SURFACE ( 'NONE', #8346, 7.649999999999999467 ) ;
#4071 = AXIS2_PLACEMENT_3D ( 'NONE', #4510, #8327, #6191 ) ;
#4072 = DIRECTION ( 'NONE',  ( 0.000000000000000000, 1.150908635977896087E-15, -1.000000000000000000 ) ) ;
#4074 = EDGE_CURVE ( 'NONE', #4660, #9276, #4688, .T. ) ;
#4073 = ORIENTED_EDGE ( 'NONE', *, *, #2580, .F. ) ;
#4075 = VECTOR ( 'NONE', #8193, 1000.000000000000000 ) ;
#4076 = CARTESIAN_POINT ( 'NONE',  ( -4.649999999999999467, 0.2000000000000000111, -5.074999999999999289 ) ) ;
#4077 = VERTEX_POINT ( 'NONE', #7720 ) ;
#4078 = CARTESIAN_POINT ( 'NONE',  ( 12.14999999999999858, 5.000000000000000000, -2.850000000000040057 ) ) ;
#4079 = DIRECTION ( 'NONE',  ( 0.000000000000000000, 0.000000000000000000, -1.000000000000000000 ) ) ;
#4080 = DIRECTION ( 'NONE',  ( 1.257045997084641872E-16, 0.000000000000000000, 1.000000000000000000 ) ) ;
#4081 = EDGE_CURVE ( 'NONE', #3799, #8988, #2424, .T. ) ;
#4082 = EDGE_CURVE ( 'NONE', #7940, #4539, #6529, .T. ) ;
#4083 = EDGE_LOOP ( 'NONE', ( #560, #5366 ) ) ;
#4084 = LINE ( 'NONE', #7114, #187 ) ;
#4085 = DIRECTION ( 'NONE',  ( 1.000000000000000000, 0.000000000000000000, 0.000000000000000000 ) ) ;
#4086 = ORIENTED_EDGE ( 'NONE', *, *, #9488, .T. ) ;
#4087 = AXIS2_PLACEMENT_3D ( 'NONE', #7743, #3230, #8536 ) ;
#4088 = VERTEX_POINT ( 'NONE', #1527 ) ;
#4089 = DIRECTION ( 'NONE',  ( 0.000000000000000000, 1.000000000000000000, 0.000000000000000000 ) ) ;
#4090 = LINE ( 'NONE', #3355, #4127 ) ;
#4091 = EDGE_CURVE ( 'NONE', #3188, #5814, #3898, .T. ) ;
#4092 = EDGE_LOOP ( 'NONE', ( #6471, #4669, #5278, #8486 ) ) ;
#4093 = CARTESIAN_POINT ( 'NONE',  ( -11.50000000000000000, 0.1500000000000109857, 2.600000000000000089 ) ) ;
#4094 = CARTESIAN_POINT ( 'NONE',  ( 8.616843969807041148, 0.2000000000000000111, 3.500000000000000000 ) ) ;
#4095 = CARTESIAN_POINT ( 'NONE',  ( -8.100226182487579862, 3.012132034355975208, 1.838038760764659996 ) ) ;
#4096 = LINE ( 'NONE', #7177, #1594 ) ;
#4097 = ORIENTED_EDGE ( 'NONE', *, *, #6347, .T. ) ;
#4098 = DIRECTION ( 'NONE',  ( 0.8191520442889962395, -5.800009312744910621E-16, -0.5735764363510400532 ) ) ;
#4099 = ORIENTED_EDGE ( 'NONE', *, *, #947, .F. ) ;
#4100 = AXIS2_PLACEMENT_3D ( 'NONE', #6167, #7024, #5381 ) ;
#4101 = CARTESIAN_POINT ( 'NONE',  ( -7.977353375844240979, 3.012132034355975208, 1.752002295312004909 ) ) ;
#4102 = CARTESIAN_POINT ( 'NONE',  ( 1.981937314617169932, 1.600000000000000089, 5.850000000000000533 ) ) ;
#4103 = PLANE ( 'NONE',  #4605 ) ;
#4104 = EDGE_CURVE ( 'NONE', #1484, #929, #5487, .T. ) ;
#4105 = LINE ( 'NONE', #1785, #3641 ) ;
#4106 = CARTESIAN_POINT ( 'NONE',  ( 7.741843969807069570, 4.750000000000000000, 2.600000000000000089 ) ) ;
#4107 = DIRECTION ( 'NONE',  ( 1.000000000000000000, -4.248302390147255473E-15, 0.000000000000000000 ) ) ;
#4108 = AXIS2_PLACEMENT_3D ( 'NONE', #5058, #9677, #7534 ) ;
#4109 = CARTESIAN_POINT ( 'NONE',  ( 0.000000000000000000, 1.600000000000000089, 2.000000000000000000 ) ) ;
#4110 = VECTOR ( 'NONE', #2591, 1000.000000000000000 ) ;
#4111 = CIRCLE ( 'NONE', #6649, 7.649999999999999467 ) ;
#4112 = EDGE_CURVE ( 'NONE', #8347, #9631, #6179, .T. ) ;
#4113 = VECTOR ( 'NONE', #4792, 1000.000000000000000 ) ;
#4114 = CARTESIAN_POINT ( 'NONE',  ( 3.088569639382004794, 2.064528707303420418, 1.220617149911503940 ) ) ;
#4115 = ADVANCED_FACE ( 'NONE', ( #57 ), #7031, .T. ) ;
#4116 = DIRECTION ( 'NONE',  ( -1.000000000000000000, 0.000000000000000000, 1.734723475976805517E-15 ) ) ;
#4117 = VERTEX_POINT ( 'NONE', #989 ) ;
#4118 = CARTESIAN_POINT ( 'NONE',  ( 11.44999999999999929, 0.2000000000000000111, -2.600000000000000089 ) ) ;
#4120 = VERTEX_POINT ( 'NONE', #845 ) ;
#4119 = ORIENTED_EDGE ( 'NONE', *, *, #4643, .F. ) ;
#4121 = AXIS2_PLACEMENT_3D ( 'NONE', #3509, #9363, #6420 ) ;
#4122 = CARTESIAN_POINT ( 'NONE',  ( -6.777720855862980009, 5.000000000000000000, -4.250000000000000000 ) ) ;
#4123 = CARTESIAN_POINT ( 'NONE',  ( 3.405963050632004663, 2.186538635158044919, 1.220617149911503940 ) ) ;
#4124 = VECTOR ( 'NONE', #8731, 1000.000000000000114 ) ;
#4125 = VERTEX_POINT ( 'NONE', #5443 ) ;
#4126 = EDGE_CURVE ( 'NONE', #8612, #5524, #1670, .T. ) ;
#4127 = VECTOR ( 'NONE', #4979, 1000.000000000000000 ) ;
#4128 = CARTESIAN_POINT ( 'NONE',  ( -8.468900674862208433, 4.214999999999999858, -1.050000000000000044 ) ) ;
#4129 = EDGE_LOOP ( 'NONE', ( #2082, #9659, #3667, #6310 ) ) ;
#4130 = LINE ( 'NONE', #9393, #366 ) ;
#4131 = DIRECTION ( 'NONE',  ( 0.000000000000000000, 0.000000000000000000, 1.000000000000000000 ) ) ;
#4133 = EDGE_LOOP ( 'NONE', ( #7015, #3962, #9563, #4208 ) ) ;
#4132 = ORIENTED_EDGE ( 'NONE', *, *, #4538, .F. ) ;
#4134 = DIRECTION ( 'NONE',  ( 0.000000000000000000, -1.000000000000000000, -1.341406379758543975E-15 ) ) ;
#4135 = CYLINDRICAL_SURFACE ( 'NONE', #6168, 7.649999999999999467 ) ;
#4136 = VERTEX_POINT ( 'NONE', #6229 ) ;
#4137 = ORIENTED_EDGE ( 'NONE', *, *, #5053, .T. ) ;
#4138 = CIRCLE ( 'NONE', #1778, 0.7999999999999994893 ) ;
#4139 = VECTOR ( 'NONE', #2142, 1000.000000000000000 ) ;
#4140 = PLANE ( 'NONE',  #6028 ) ;
#4141 = VECTOR ( 'NONE', #8403, 1000.000000000000000 ) ;
#4142 = ORIENTED_EDGE ( 'NONE', *, *, #6655, .T. ) ;
#4143 = CARTESIAN_POINT ( 'NONE',  ( -3.819999999999999840, 1.399999999999999911, 0.1499999999999999944 ) ) ;
#4144 = CARTESIAN_POINT ( 'NONE',  ( -3.449999999999999734, 1.399999999999999911, 4.100000000000000533 ) ) ;
#4145 = CARTESIAN_POINT ( 'NONE',  ( 7.814619820747490841, 0.4876045236945380501, -2.600000000000000089 ) ) ;
#4146 = CARTESIAN_POINT ( 'NONE',  ( 8.666843969807040082, 1.208049832105797972, -2.000000000000000000 ) ) ;
#4147 = ORIENTED_EDGE ( 'NONE', *, *, #5626, .F. ) ;
#4148 = VECTOR ( 'NONE', #3143, 1000.000000000000114 ) ;
#4149 = DIRECTION ( 'NONE',  ( 0.000000000000000000, -1.000000000000000000, 0.000000000000000000 ) ) ;
#4150 = VECTOR ( 'NONE', #6632, 1000.000000000000000 ) ;
#4151 = EDGE_CURVE ( 'NONE', #4125, #1410, #4544, .T. ) ;
#4152 = ORIENTED_EDGE ( 'NONE', *, *, #8792, .T. ) ;
#4153 = CARTESIAN_POINT ( 'NONE',  ( -8.521752727684592799, 4.253567613977999429, 1.236036465452656996 ) ) ;
#4154 = CARTESIAN_POINT ( 'NONE',  ( 7.741843969807050030, -1.647987302177964846E-14, -2.000000000000000000 ) ) ;
#4155 = CARTESIAN_POINT ( 'NONE',  ( 11.44999999999999929, 0.2000000000000000111, -2.600000000000000089 ) ) ;
#4156 = PLANE ( 'NONE',  #1893 ) ;
#4157 = CARTESIAN_POINT ( 'NONE',  ( 6.360817557515700216, 5.250000000000000000, -4.250000000000000000 ) ) ;
#4158 = ORIENTED_EDGE ( 'NONE', *, *, #1936, .T. ) ;
#4159 = VERTEX_POINT ( 'NONE', #8508 ) ;
#4160 = LINE ( 'NONE', #364, #4222 ) ;
#4161 = CARTESIAN_POINT ( 'NONE',  ( -9.266843969807039727, 3.100000000000000089, 0.9499999999999999556 ) ) ;
#4162 = EDGE_CURVE ( 'NONE', #7634, #866, #3673, .T. ) ;
#4163 = EDGE_CURVE ( 'NONE', #3951, #2960, #7574, .T. ) ;
#4164 = CARTESIAN_POINT ( 'NONE',  ( 7.701931194903479843E-17, 0.1499999999999999944, 1.750000000000000000 ) ) ;
#4165 = CARTESIAN_POINT ( 'NONE',  ( -4.869548233666040282, 5.250000000000000000, 5.899999999999999467 ) ) ;
#4166 = EDGE_CURVE ( 'NONE', #9217, #7109, #6082, .T. ) ;
#4167 = ORIENTED_EDGE ( 'NONE', *, *, #7980, .F. ) ;
#4168 = EDGE_CURVE ( 'NONE', #5990, #5836, #3364, .T. ) ;
#4169 = FACE_OUTER_BOUND ( 'NONE', #5076, .T. ) ;
#4170 = ORIENTED_EDGE ( 'NONE', *, *, #5451, .F. ) ;
#4172 = EDGE_LOOP ( 'NONE', ( #1351, #2663, #2739, #1404, #6735, #2035 ) ) ;
#4171 = VERTEX_POINT ( 'NONE', #2269 ) ;
#4173 = CARTESIAN_POINT ( 'NONE',  ( -8.266843969807050385, 5.000000000000000000, 2.850000000000000089 ) ) ;
#4174 = EDGE_CURVE ( 'NONE', #9440, #7331, #5293, .T. ) ;
#4175 = DIRECTION ( 'NONE',  ( -1.000000000000000000, -1.153406566473939781E-16, 1.734723475976805122E-15 ) ) ;
#4176 = ORIENTED_EDGE ( 'NONE', *, *, #5217, .F. ) ;
#4177 = EDGE_CURVE ( 'NONE', #680, #5814, #1573, .T. ) ;
#4178 = EDGE_CURVE ( 'NONE', #9402, #7763, #8112, .T. ) ;
#4179 = CARTESIAN_POINT ( 'NONE',  ( 4.649999999999999467, 1.600000000000000089, 5.899999999999999467 ) ) ;
#4180 = EDGE_LOOP ( 'NONE', ( #1630, #4167, #7580, #3546, #6503, #5105 ) ) ;
#4181 = APPLICATION_CONTEXT ( 'automotive_design' ) ;
#4182 = DIRECTION ( 'NONE',  ( 0.000000000000000000, 0.000000000000000000, -1.000000000000000000 ) ) ;
#4183 = DIRECTION ( 'NONE',  ( 1.000000000000000000, -5.137884515891888855E-16, 0.000000000000000000 ) ) ;
#4185 = EDGE_LOOP ( 'NONE', ( #1569, #7052, #1848, #241 ) ) ;
#4184 = ORIENTED_EDGE ( 'NONE', *, *, #9756, .T. ) ;
#4186 = DIRECTION ( 'NONE',  ( -4.028180225922655531E-15, 1.000000000000000000, -3.308862328436465325E-15 ) ) ;
#4187 = DIRECTION ( 'NONE',  ( 7.279101552726930441E-16, 1.000000000000000000, 0.000000000000000000 ) ) ;
#4188 = ORIENTED_EDGE ( 'NONE', *, *, #7280, .T. ) ;
#4189 = ORIENTED_EDGE ( 'NONE', *, *, #4351, .F. ) ;
#4190 = CIRCLE ( 'NONE', #3235, 0.3250000000000000111 ) ;
#4191 = DIRECTION ( 'NONE',  ( -1.000000000000000000, 0.000000000000000000, 0.000000000000000000 ) ) ;
#4192 = ORIENTED_EDGE ( 'NONE', *, *, #8114, .F. ) ;
#4193 = DIRECTION ( 'NONE',  ( 0.000000000000000000, -1.000000000000000000, 0.000000000000000000 ) ) ;
#4194 = EDGE_CURVE ( 'NONE', #2272, #8502, #7638, .T. ) ;
#4195 = DIRECTION ( 'NONE',  ( -1.000000000000000000, -9.757819552369419999E-15, 0.000000000000000000 ) ) ;
#4196 = CARTESIAN_POINT ( 'NONE',  ( 9.866843969807048254, 4.349999999999999645, -0.6250000000000000000 ) ) ;
#4197 = DIRECTION ( 'NONE',  ( 0.000000000000000000, 0.000000000000000000, 1.000000000000000000 ) ) ;
#4198 = ORIENTED_EDGE ( 'NONE', *, *, #3484, .T. ) ;
#4199 = CARTESIAN_POINT ( 'NONE',  ( 7.741843969807069570, 0.8122259988819360288, 2.000000000000000000 ) ) ;
#4200 = ORIENTED_EDGE ( 'NONE', *, *, #9263, .T. ) ;
#4201 = DIRECTION ( 'NONE',  ( 0.000000000000000000, 0.000000000000000000, 1.000000000000000000 ) ) ;
#4202 = DIRECTION ( 'NONE',  ( 0.000000000000000000, 0.000000000000000000, 1.000000000000000000 ) ) ;
#4203 = CARTESIAN_POINT ( 'NONE',  ( 7.301739479699309143, 0.9677449166682510207, -2.600000000000000089 ) ) ;
#4204 = DIRECTION ( 'NONE',  ( 1.011922027653276101E-14, -2.711436901129640438E-15, 1.000000000000000000 ) ) ;
#4205 = CARTESIAN_POINT ( 'NONE',  ( -4.649999999999999467, 5.599999999999999645, 5.074999999999999289 ) ) ;
#4206 = VERTEX_POINT ( 'NONE', #3304 ) ;
#4207 = ADVANCED_FACE ( 'NONE', ( #1773 ), #1821, .F. ) ;
#4208 = ORIENTED_EDGE ( 'NONE', *, *, #5732, .F. ) ;
#4209 = PLANE ( 'NONE',  #287 ) ;
#4210 = DIRECTION ( 'NONE',  ( 0.2588190451025246253, 0.9659258262890673130, 0.000000000000000000 ) ) ;
#4211 = VECTOR ( 'NONE', #9220, 1000.000000000000000 ) ;
#4212 = FACE_OUTER_BOUND ( 'NONE', #7202, .T. ) ;
#4213 = DIRECTION ( 'NONE',  ( 0.000000000000000000, -1.000000000000000000, 0.000000000000000000 ) ) ;
#4214 = EDGE_CURVE ( 'NONE', #7793, #3758, #9509, .T. ) ;
#4215 = DIRECTION ( 'NONE',  ( 1.000000000000000000, 0.000000000000000000, 0.000000000000000000 ) ) ;
#4216 = VERTEX_POINT ( 'NONE', #1035 ) ;
#4218 = ORIENTED_EDGE ( 'NONE', *, *, #2662, .T. ) ;
#4217 = EDGE_LOOP ( 'NONE', ( #205, #6893, #8744, #6375 ) ) ;
#4219 = VECTOR ( 'NONE', #3367, 1000.000000000000000 ) ;
#4220 = CARTESIAN_POINT ( 'NONE',  ( -4.869548233666040282, 5.599999999999999645, -5.899999999999999467 ) ) ;
#4221 = VERTEX_POINT ( 'NONE', #4982 ) ;
#4222 = VECTOR ( 'NONE', #5649, 1000.000000000000000 ) ;
#4223 = DIRECTION ( 'NONE',  ( 7.279101552726930441E-16, 1.000000000000000000, 0.000000000000000000 ) ) ;
#4224 = ORIENTED_EDGE ( 'NONE', *, *, #276, .T. ) ;
#4225 = CARTESIAN_POINT ( 'NONE',  ( -8.266843969807050385, 1.600000000000000089, 0.000000000000000000 ) ) ;
#4226 = PLANE ( 'NONE',  #1083 ) ;
#4227 = VECTOR ( 'NONE', #8135, 1000.000000000000000 ) ;
#4229 = ORIENTED_EDGE ( 'NONE', *, *, #2032, .F. ) ;
#4228 = ORIENTED_EDGE ( 'NONE', *, *, #9488, .F. ) ;
#4230 = DIRECTION ( 'NONE',  ( -1.000000000000000000, 0.000000000000000000, 0.000000000000000000 ) ) ;
#4231 = EDGE_CURVE ( 'NONE', #3695, #6108, #8010, .T. ) ;
#4232 = VERTEX_POINT ( 'NONE', #8615 ) ;
#4233 = DIRECTION ( 'NONE',  ( 4.248302390147255473E-15, 1.000000000000000000, 0.000000000000000000 ) ) ;
#4234 = ORIENTED_EDGE ( 'NONE', *, *, #4945, .F. ) ;
#4235 = VECTOR ( 'NONE', #5310, 1000.000000000000000 ) ;
#4236 = VECTOR ( 'NONE', #5791, 1000.000000000000000 ) ;
#4237 = CARTESIAN_POINT ( 'NONE',  ( -11.40000000000000036, 1.447013240936750106E-14, 1.750000000000000000 ) ) ;
#4238 = VERTEX_POINT ( 'NONE', #6378 ) ;
#4239 = CARTESIAN_POINT ( 'NONE',  ( 7.040152961328209891, 1.057468956384131964, 0.5742379875259449040 ) ) ;
#4240 = ADVANCED_FACE ( 'NONE', ( #4833 ), #5636, .F. ) ;
#4241 = DIRECTION ( 'NONE',  ( 6.899820375075147778E-15, -0.7071067811865525687, 0.7071067811865424657 ) ) ;
#4242 = CARTESIAN_POINT ( 'NONE',  ( 4.649999999999999467, 1.399999999999999911, -5.074999999999999289 ) ) ;
#4243 = CARTESIAN_POINT ( 'NONE',  ( 0.000000000000000000, 5.599999999999999645, 0.000000000000000000 ) ) ;
#4244 = AXIS2_PLACEMENT_3D ( 'NONE', #473, #2747, #4183 ) ;
#4245 = ORIENTED_EDGE ( 'NONE', *, *, #2327, .F. ) ;
#4246 = CARTESIAN_POINT ( 'NONE',  ( -3.899999999999999911, 1.600000000000000089, 5.637851296924620099E-16 ) ) ;
#4247 = ORIENTED_EDGE ( 'NONE', *, *, #7086, .F. ) ;
#4248 = AXIS2_PLACEMENT_3D ( 'NONE', #9082, #4618, #6946 ) ;
#4249 = EDGE_CURVE ( 'NONE', #1441, #6039, #7868, .T. ) ;
#4250 = CARTESIAN_POINT ( 'NONE',  ( 7.741843969807050030, 0.8122259988819500176, -2.000000000000000000 ) ) ;
#4251 = CARTESIAN_POINT ( 'NONE',  ( 8.666843969807048964, 4.349999999999999645, -2.600000000000000089 ) ) ;
#4252 = DIRECTION ( 'NONE',  ( 0.000000000000000000, 1.000000000000000000, 0.000000000000000000 ) ) ;
#4253 = CARTESIAN_POINT ( 'NONE',  ( 7.701931194903479843E-17, 0.1499999999999999944, 1.750000000000000000 ) ) ;
#4254 = LINE ( 'NONE', #5748, #5621 ) ;
#4255 = ORIENTED_EDGE ( 'NONE', *, *, #1096, .F. ) ;
#4256 = ORIENTED_EDGE ( 'NONE', *, *, #4957, .F. ) ;
#4257 = CARTESIAN_POINT ( 'NONE',  ( -5.266843969807050385, -7.269011204192789677, 1.250000000000000000 ) ) ;
#4258 = CIRCLE ( 'NONE', #9502, 6.100000000000000533 ) ;
#4259 = DIRECTION ( 'NONE',  ( 1.000000000000000000, 0.000000000000000000, -8.850629979473498616E-17 ) ) ;
#4260 = DIRECTION ( 'NONE',  ( 1.000000000000000000, 0.000000000000000000, 0.000000000000000000 ) ) ;
#4261 = VECTOR ( 'NONE', #3579, 1000.000000000000000 ) ;
#4262 = DIRECTION ( 'NONE',  ( -5.069866942725959781E-16, 0.000000000000000000, -1.000000000000000000 ) ) ;
#4263 = DIRECTION ( 'NONE',  ( -0.000000000000000000, 1.000000000000000000, 0.000000000000000000 ) ) ;
#4264 = VERTEX_POINT ( 'NONE', #4880 ) ;
#4265 = VECTOR ( 'NONE', #7702, 1000.000000000000114 ) ;
#4267 = ORIENTED_EDGE ( 'NONE', *, *, #7263, .F. ) ;
#4266 = ORIENTED_EDGE ( 'NONE', *, *, #5207, .T. ) ;
#4268 = PLANE ( 'NONE',  #5389 ) ;
#4269 = ADVANCED_FACE ( 'NONE', ( #249 ), #1224, .T. ) ;
#4270 = EDGE_CURVE ( 'NONE', #4275, #3951, #2513, .T. ) ;
#4271 = AXIS2_PLACEMENT_3D ( 'NONE', #5896, #5251, #7285 ) ;
#4272 = AXIS2_PLACEMENT_3D ( 'NONE', #5674, #5530, #7957 ) ;
#4273 = DIRECTION ( 'NONE',  ( 0.2588190451025246253, 0.9659258262890674240, 0.000000000000000000 ) ) ;
#4274 = CARTESIAN_POINT ( 'NONE',  ( -2.154693450658535249E-15, 0.2000000000000000111, -4.250000000000000000 ) ) ;
#4275 = VERTEX_POINT ( 'NONE', #4791 ) ;
#4276 = CARTESIAN_POINT ( 'NONE',  ( 8.689377387020947197, 4.413286565969777975, -2.000450867828349910 ) ) ;
#4278 = AXIS2_PLACEMENT_3D ( 'NONE', #4984, #7912, #400 ) ;
#4277 = CARTESIAN_POINT ( 'NONE',  ( -6.984701488429970517, 1.899999999999999911, 3.542219310216675243 ) ) ;
#4280 = EDGE_LOOP ( 'NONE', ( #8101, #4876, #1202, #4935, #5133, #3678, #3532, #4228, #1952, #7029 ) ) ;
#4279 = ORIENTED_EDGE ( 'NONE', *, *, #790, .F. ) ;
#4281 = CIRCLE ( 'NONE', #2224, 9.000000000000000000 ) ;
#4282 = CARTESIAN_POINT ( 'NONE',  ( -11.15000000000000036, 4.599999999999999645, -2.600000000000000089 ) ) ;
#4283 = AXIS2_PLACEMENT_3D ( 'NONE', #6943, #718, #1642 ) ;
#4284 = EDGE_CURVE ( 'NONE', #7233, #2795, #7822, .T. ) ;
#4285 = ORIENTED_EDGE ( 'NONE', *, *, #5311, .F. ) ;
#4286 = DIRECTION ( 'NONE',  ( 0.000000000000000000, 1.000000000000000000, 0.000000000000000000 ) ) ;
#4287 = ORIENTED_EDGE ( 'NONE', *, *, #2787, .F. ) ;
#4288 = VECTOR ( 'NONE', #7832, 1000.000000000000000 ) ;
#4289 = EDGE_CURVE ( 'NONE', #1858, #2695, #6367, .T. ) ;
#4290 = CIRCLE ( 'NONE', #6434, 3.149999999999999911 ) ;
#4291 = CARTESIAN_POINT ( 'NONE',  ( -3.819999999999999840, 1.399999999999999911, -0.1499999999999999944 ) ) ;
#4292 = ORIENTED_EDGE ( 'NONE', *, *, #4418, .F. ) ;
#4293 = EDGE_CURVE ( 'NONE', #3535, #4221, #2728, .T. ) ;
#4294 = CARTESIAN_POINT ( 'NONE',  ( 0.000000000000000000, 1.399999999999999911, 0.000000000000000000 ) ) ;
#4295 = CARTESIAN_POINT ( 'NONE',  ( 8.139198256276291232, 0.9182720842190770227, 2.600000000000000089 ) ) ;
#4296 = EDGE_CURVE ( 'NONE', #2043, #9132, #4933, .T. ) ;
#4297 = EDGE_CURVE ( 'NONE', #7482, #2038, #1176, .T. ) ;
#4298 = DIRECTION ( 'NONE',  ( 0.000000000000000000, -1.000000000000000000, 0.000000000000000000 ) ) ;
#4299 = VECTOR ( 'NONE', #3288, 1000.000000000000000 ) ;
#4300 = DIRECTION ( 'NONE',  ( 0.7071067811865480168, 0.000000000000000000, -0.7071067811865470176 ) ) ;
#4301 = ORIENTED_EDGE ( 'NONE', *, *, #3023, .T. ) ;
#4302 = DIRECTION ( 'NONE',  ( 1.000000000000000000, -4.248302390147255473E-15, 0.000000000000000000 ) ) ;
#4303 = ORIENTED_EDGE ( 'NONE', *, *, #4178, .F. ) ;
#4304 = ORIENTED_EDGE ( 'NONE', *, *, #6906, .T. ) ;
#4305 = CIRCLE ( 'NONE', #8103, 3.000000000000000000 ) ;
#4306 = EDGE_CURVE ( 'NONE', #6496, #2081, #1913, .T. ) ;
#4307 = DIRECTION ( 'NONE',  ( -1.000000000000000000, 0.000000000000000000, 0.000000000000000000 ) ) ;
#4308 = DIRECTION ( 'NONE',  ( 0.3231438532915099637, -0.9463498560679951543, 0.000000000000000000 ) ) ;
#4309 = DIRECTION ( 'NONE',  ( 0.000000000000000000, 0.000000000000000000, -1.000000000000000000 ) ) ;
#4310 = VECTOR ( 'NONE', #2363, 1000.000000000000000 ) ;
#4311 = CARTESIAN_POINT ( 'NONE',  ( 11.44999999999999929, 2.250000000000000000, -2.600000000000000089 ) ) ;
#4312 = DIRECTION ( 'NONE',  ( 0.000000000000000000, -1.000000000000000000, 0.000000000000000000 ) ) ;
#4313 = ORIENTED_EDGE ( 'NONE', *, *, #6851, .F. ) ;
#4314 = VECTOR ( 'NONE', #4646, 1000.000000000000000 ) ;
#4315 = EDGE_LOOP ( 'NONE', ( #579, #8400, #8737, #4794 ) ) ;
#4316 = LINE ( 'NONE', #2674, #8083 ) ;
#4317 = CARTESIAN_POINT ( 'NONE',  ( 7.741843969807050030, 1.600000000000000089, 0.000000000000000000 ) ) ;
#4318 = CARTESIAN_POINT ( 'NONE',  ( -4.814824860968089633E-31, -4.878909776184769953E-16, 1.750000000000000000 ) ) ;
#4319 = DIRECTION ( 'NONE',  ( 0.000000000000000000, 1.000000000000000000, 0.000000000000000000 ) ) ;
#4320 = DIRECTION ( 'NONE',  ( 1.734723475976820111E-15, -1.262722834753462217E-30, 1.000000000000000000 ) ) ;
#4321 = ORIENTED_EDGE ( 'NONE', *, *, #5507, .F. ) ;
#4323 = EDGE_LOOP ( 'NONE', ( #2623, #9152, #1339, #5335 ) ) ;
#4322 = ORIENTED_EDGE ( 'NONE', *, *, #6160, .F. ) ;
#4324 = PLANE ( 'NONE',  #810 ) ;
#4325 = CARTESIAN_POINT ( 'NONE',  ( -11.40000000000000036, 1.500000000000000000, -2.100000000000000089 ) ) ;
#4326 = PLANE ( 'NONE',  #7914 ) ;
#4327 = VERTEX_POINT ( 'NONE', #4144 ) ;
#4328 = FACE_OUTER_BOUND ( 'NONE', #3642, .T. ) ;
#4329 = EDGE_CURVE ( 'NONE', #5115, #909, #6520, .T. ) ;
#4331 = ORIENTED_EDGE ( 'NONE', *, *, #6650, .F. ) ;
#4330 = ORIENTED_EDGE ( 'NONE', *, *, #2654, .F. ) ;
#4332 = CARTESIAN_POINT ( 'NONE',  ( 11.44999999999999929, 2.250000000000000000, -2.600000000000000089 ) ) ;
#4333 = EDGE_CURVE ( 'NONE', #8379, #8235, #9455, .T. ) ;
#4334 = DIRECTION ( 'NONE',  ( 0.000000000000000000, 0.000000000000000000, -1.000000000000000000 ) ) ;
#4335 = ORIENTED_EDGE ( 'NONE', *, *, #5928, .T. ) ;
#4336 = DIRECTION ( 'NONE',  ( -1.000000000000000000, 0.000000000000000000, 0.000000000000000000 ) ) ;
#4337 = ORIENTED_EDGE ( 'NONE', *, *, #8003, .F. ) ;
#4338 = VECTOR ( 'NONE', #6616, 1000.000000000000000 ) ;
#4339 = DIRECTION ( 'NONE',  ( 0.000000000000000000, 0.000000000000000000, 1.000000000000000000 ) ) ;
#4340 = ORIENTED_EDGE ( 'NONE', *, *, #3023, .F. ) ;
#4341 = DIRECTION ( 'NONE',  ( 1.000000000000000000, 3.738628180984505019E-17, 0.000000000000000000 ) ) ;
#4342 = LINE ( 'NONE', #5782, #1779 ) ;
#4343 = ADVANCED_FACE ( 'NONE', ( #4937 ), #443, .F. ) ;
#4344 = CARTESIAN_POINT ( 'NONE',  ( 4.649999999999999467, 1.600000000000000089, -4.250000000000000000 ) ) ;
#4345 = FACE_OUTER_BOUND ( 'NONE', #1762, .T. ) ;
#4346 = VERTEX_POINT ( 'NONE', #694 ) ;
#4347 = LINE ( 'NONE', #7376, #321 ) ;
#4348 = ORIENTED_EDGE ( 'NONE', *, *, #1807, .T. ) ;
#4349 = ORIENTED_EDGE ( 'NONE', *, *, #7559, .F. ) ;
#4350 = AXIS2_PLACEMENT_3D ( 'NONE', #2307, #6162, #832 ) ;
#4351 = EDGE_CURVE ( 'NONE', #3544, #1645, #4342, .T. ) ;
#4352 = DIRECTION ( 'NONE',  ( -1.000000000000000000, 3.469446951953611033E-15, 0.000000000000000000 ) ) ;
#4353 = EDGE_CURVE ( 'NONE', #8469, #7595, #8205, .T. ) ;
#4354 = CARTESIAN_POINT ( 'NONE',  ( -7.733182394472060488E-16, 1.600000000000000089, -4.250000000000000000 ) ) ;
#4355 = CARTESIAN_POINT ( 'NONE',  ( -5.332682251925390027, 39.49734969922095473, 7.250000000000000000 ) ) ;
#4356 = DIRECTION ( 'NONE',  ( 0.2588190451025250693, 0.9659258262890672020, 4.869511760623541654E-31 ) ) ;
#4357 = AXIS2_PLACEMENT_3D ( 'NONE', #8627, #7880, #1095 ) ;
#4358 = DIRECTION ( 'NONE',  ( 0.000000000000000000, 1.000000000000000000, 0.000000000000000000 ) ) ;
#4359 = ORIENTED_EDGE ( 'NONE', *, *, #4435, .T. ) ;
#4360 = ORIENTED_EDGE ( 'NONE', *, *, #8678, .F. ) ;
#4361 = DIRECTION ( 'NONE',  ( -1.000000000000000000, 1.269309860470833935E-15, 0.000000000000000000 ) ) ;
#4362 = DIRECTION ( 'NONE',  ( 0.1760260005402189964, -0.04716602469163277273, -0.9832549075639557268 ) ) ;
#4363 = CARTESIAN_POINT ( 'NONE',  ( -9.066843969807040438, 4.599999999999999645, 2.600000000000000089 ) ) ;
#4364 = DIRECTION ( 'NONE',  ( 0.000000000000000000, 1.000000000000000000, 0.000000000000000000 ) ) ;
#4365 = DIRECTION ( 'NONE',  ( 0.3231438532915099637, -0.9463498560679951543, 0.000000000000000000 ) ) ;
#4366 = EDGE_CURVE ( 'NONE', #5317, #5244, #4462, .T. ) ;
#4367 = VERTEX_POINT ( 'NONE', #2010 ) ;
#4369 = ORIENTED_EDGE ( 'NONE', *, *, #2530, .T. ) ;
#4368 = ORIENTED_EDGE ( 'NONE', *, *, #6827, .F. ) ;
#4370 =( NAMED_UNIT ( * ) SI_UNIT ( $, .STERADIAN. ) SOLID_ANGLE_UNIT ( ) );
#4371 = CARTESIAN_POINT ( 'NONE',  ( -11.40000000000000036, -1.734723475976804925E-15, 2.100000000000000089 ) ) ;
#4372 = APPLICATION_CONTEXT ( 'automotive_design' ) ;
#4373 = LINE ( 'NONE', #574, #5659 ) ;
#4374 = CARTESIAN_POINT ( 'NONE',  ( 1.012879800180550127, 2.827763359536965115, 1.270071136275131796 ) ) ;
#4375 = ORIENTED_EDGE ( 'NONE', *, *, #8717, .T. ) ;
#4376 = CARTESIAN_POINT ( 'NONE',  ( 11.40000000000000036, 4.823377469789170176E-15, 2.600000000000000089 ) ) ;
#4377 = CIRCLE ( 'NONE', #896, 0.4499999999999999001 ) ;
#4379 = ORIENTED_EDGE ( 'NONE', *, *, #5002, .F. ) ;
#4378 = ORIENTED_EDGE ( 'NONE', *, *, #1704, .F. ) ;
#4380 = LINE ( 'NONE', #581, #7762 ) ;
#4381 = ORIENTED_EDGE ( 'NONE', *, *, #9244, .T. ) ;
#4382 = DIRECTION ( 'NONE',  ( 0.000000000000000000, 0.000000000000000000, 1.000000000000000000 ) ) ;
#4383 = ORIENTED_EDGE ( 'NONE', *, *, #19, .T. ) ;
#4384 = FACE_OUTER_BOUND ( 'NONE', #6813, .T. ) ;
#4385 = VERTEX_POINT ( 'NONE', #5034 ) ;
#4386 = PLANE ( 'NONE',  #8908 ) ;
#4387 = VECTOR ( 'NONE', #5355, 1000.000000000000000 ) ;
#4388 = CARTESIAN_POINT ( 'NONE',  ( 7.741843969807050030, 1.600000000000000089, 3.500000000000000000 ) ) ;
#4389 = DIRECTION ( 'NONE',  ( 0.000000000000000000, 0.7071067811865424657, -0.7071067811865525687 ) ) ;
#4390 = CARTESIAN_POINT ( 'NONE',  ( 8.516843969807048609, 1.208049832105797972, 2.000000000000000000 ) ) ;
#4391 = FACE_OUTER_BOUND ( 'NONE', #2414, .T. ) ;
#4392 = AXIS2_PLACEMENT_3D ( 'NONE', #4114, #8633, #1052 ) ;
#4393 = VERTEX_POINT ( 'NONE', #6718 ) ;
#4394 = ORIENTED_EDGE ( 'NONE', *, *, #1492, .T. ) ;
#4395 = PRODUCT_RELATED_PRODUCT_CATEGORY ( 'part', '', ( #8464 ) ) ;
#4396 = EDGE_CURVE ( 'NONE', #3521, #8813, #1417, .T. ) ;
#4397 = CARTESIAN_POINT ( 'NONE',  ( 9.866843969807048254, 4.700000000000000178, 0.3250000000000000111 ) ) ;
#4399 = CARTESIAN_POINT ( 'NONE',  ( 6.360817557515700216, 0.2000000000000000111, -4.250000000000000000 ) ) ;
#4398 = AXIS2_PLACEMENT_3D ( 'NONE', #8986, #2842, #1502 ) ;
#4400 = CARTESIAN_POINT ( 'NONE',  ( 8.693683104853585419, 4.418205256888453114, -2.000604914336369333 ) ) ;
#4401 = CARTESIAN_POINT ( 'NONE',  ( -8.666843969807040082, 4.349999999999999645, 0.9499999999999999556 ) ) ;
#4402 = LINE ( 'NONE', #5843, #3085 ) ;
#4403 = VERTEX_POINT ( 'NONE', #2858 ) ;
#4404 = EDGE_LOOP ( 'NONE', ( #5243, #7544, #1435, #3717, #3854, #8619, #9698, #3131, #2392, #6549 ) ) ;
#4405 = DIRECTION ( 'NONE',  ( 0.000000000000000000, 0.000000000000000000, -1.000000000000000000 ) ) ;
#4406 = ORIENTED_EDGE ( 'NONE', *, *, #5547, .F. ) ;
#4407 = AXIS2_PLACEMENT_3D ( 'NONE', #2677, #9381, #1195 ) ;
#4408 = EDGE_CURVE ( 'NONE', #4940, #9137, #5974, .T. ) ;
#4409 = DIRECTION ( 'NONE',  ( 0.000000000000000000, 0.000000000000000000, 1.000000000000000000 ) ) ;
#4410 = CARTESIAN_POINT ( 'NONE',  ( -8.482614338104101037, 4.215001140804044866, 1.058780432203442201 ) ) ;
#4411 = EDGE_CURVE ( 'NONE', #8195, #9574, #5182, .T. ) ;
#4412 = DIRECTION ( 'NONE',  ( -1.626621985048335115E-15, 0.000000000000000000, 1.000000000000000000 ) ) ;
#4413 = CYLINDRICAL_SURFACE ( 'NONE', #5461, 7.649999999999999467 ) ;
#4415 = ORIENTED_EDGE ( 'NONE', *, *, #9103, .F. ) ;
#4414 = ORIENTED_EDGE ( 'NONE', *, *, #6704, .F. ) ;
#4416 = DIRECTION ( 'NONE',  ( 0.000000000000000000, 1.000000000000000000, 0.000000000000000000 ) ) ;
#4417 = EDGE_CURVE ( 'NONE', #2647, #9658, #9560, .T. ) ;
#4418 = EDGE_CURVE ( 'NONE', #1123, #464, #5883, .T. ) ;
#4419 = FACE_OUTER_BOUND ( 'NONE', #155, .T. ) ;
#4420 = DIRECTION ( 'NONE',  ( 9.769962616701382289E-15, 0.000000000000000000, 1.000000000000000000 ) ) ;
#4421 = EDGE_LOOP ( 'NONE', ( #3646, #5623, #7377, #456 ) ) ;
#4422 = VECTOR ( 'NONE', #782, 1000.000000000000000 ) ;
#4423 = DIRECTION ( 'NONE',  ( 0.9063077870366499367, 5.025191021678846411E-15, 0.4226182617406994968 ) ) ;
#4425 = ORIENTED_EDGE ( 'NONE', *, *, #7263, .T. ) ;
#4424 = ORIENTED_EDGE ( 'NONE', *, *, #4482, .T. ) ;
#4426 = DIRECTION ( 'NONE',  ( 0.000000000000000000, 0.000000000000000000, 1.000000000000000000 ) ) ;
#4427 = AXIS2_PLACEMENT_3D ( 'NONE', #8580, #1876, #2669 ) ;
#4428 = EDGE_LOOP ( 'NONE', ( #9752, #4631, #2919, #3689 ) ) ;
#4429 = FACE_OUTER_BOUND ( 'NONE', #5671, .T. ) ;
#4430 = AXIS2_PLACEMENT_3D ( 'NONE', #9347, #4783, #8649 ) ;
#4431 = ADVANCED_FACE ( 'NONE', ( #8858 ), #490, .F. ) ;
#4432 = ORIENTED_EDGE ( 'NONE', *, *, #622, .T. ) ;
#4433 = FACE_OUTER_BOUND ( 'NONE', #5254, .T. ) ;
#4434 = ORIENTED_EDGE ( 'NONE', *, *, #1677, .T. ) ;
#4435 = EDGE_CURVE ( 'NONE', #9775, #634, #3603, .T. ) ;
#4436 = AXIS2_PLACEMENT_3D ( 'NONE', #5793, #9760, #602 ) ;
#4437 = FACE_OUTER_BOUND ( 'NONE', #3926, .T. ) ;
#4438 = CARTESIAN_POINT ( 'NONE',  ( 12.14999999999999858, 4.750000000000000000, -2.600000000000000089 ) ) ;
#4439 = VECTOR ( 'NONE', #7589, 1000.000000000000000 ) ;
#4440 = DIRECTION ( 'NONE',  ( -0.9659258262890668689, 0.2588190451025262906, 0.000000000000000000 ) ) ;
#4441 = CARTESIAN_POINT ( 'NONE',  ( -8.766843969807039727, 4.349999999999999645, 0.9499999999999999556 ) ) ;
#4442 = CARTESIAN_POINT ( 'NONE',  ( -8.521752727684591022, 4.254031422284071162, 1.236036465452655886 ) ) ;
#4443 = VECTOR ( 'NONE', #780, 1000.000000000000000 ) ;
#4444 = ORIENTED_EDGE ( 'NONE', *, *, #4306, .T. ) ;
#4445 = EDGE_LOOP ( 'NONE', ( #3656, #9619, #679, #725, #5124, #61, #9754, #666 ) ) ;
#4446 = DIRECTION ( 'NONE',  ( -1.000000000000000000, 0.000000000000000000, 0.000000000000000000 ) ) ;
#4447 = CIRCLE ( 'NONE', #1423, 0.2500000000000002220 ) ;
#4448 = LINE ( 'NONE', #2020, #9308 ) ;
#4449 = LINE ( 'NONE', #557, #7013 ) ;
#4450 = CARTESIAN_POINT ( 'NONE',  ( -11.50000000000000000, 0.2500000000000109912, -1.750000000000000000 ) ) ;
#4451 = LINE ( 'NONE', #5148, #6888 ) ;
#4452 = ORIENTED_EDGE ( 'NONE', *, *, #9581, .F. ) ;
#4453 = EDGE_CURVE ( 'NONE', #6597, #1558, #9653, .T. ) ;
#4454 = VERTEX_POINT ( 'NONE', #4438 ) ;
#4455 = DIRECTION ( 'NONE',  ( 4.446310337143589687E-16, 0.000000000000000000, -1.000000000000000000 ) ) ;
#4456 = EDGE_CURVE ( 'NONE', #7512, #2265, #8162, .T. ) ;
#4457 = ORIENTED_EDGE ( 'NONE', *, *, #2017, .F. ) ;
#4458 = AXIS2_PLACEMENT_3D ( 'NONE', #3613, #6828, #2955 ) ;
#4459 = DIRECTION ( 'NONE',  ( -4.446310337143589687E-16, 0.000000000000000000, -1.000000000000000000 ) ) ;
#4460 = AXIS2_PLACEMENT_3D ( 'NONE', #3205, #5535, #9155 ) ;
#4461 = DIRECTION ( 'NONE',  ( 0.5735764363510396091, 0.000000000000000000, -0.8191520442889963505 ) ) ;
#4462 = CIRCLE ( 'NONE', #207, 0.09999999999999939493 ) ;
#4463 = DIRECTION ( 'NONE',  ( 0.000000000000000000, -1.000000000000000000, 0.000000000000000000 ) ) ;
#4464 = LINE ( 'NONE', #716, #3719 ) ;
#4466 = ORIENTED_EDGE ( 'NONE', *, *, #4366, .T. ) ;
#4465 = VERTEX_POINT ( 'NONE', #8999 ) ;
#4467 = DIRECTION ( 'NONE',  ( 0.000000000000000000, -1.000000000000000000, 0.000000000000000000 ) ) ;
#4468 = AXIS2_PLACEMENT_3D ( 'NONE', #6161, #7755, #3886 ) ;
#4469 = ADVANCED_FACE ( 'NONE', ( #2201 ), #3554, .T. ) ;
#4470 = VECTOR ( 'NONE', #3290, 1000.000000000000000 ) ;
#4471 = ADVANCED_FACE ( 'NONE', ( #2064 ), #3651, .T. ) ;
#4472 = ADVANCED_FACE ( 'NONE', ( #9604 ), #3506, .T. ) ;
#4473 = CARTESIAN_POINT ( 'NONE',  ( -3.520000000000000018, 1.399999999999999911, 0.1499999999999999944 ) ) ;
#4474 = PRODUCT_DEFINITION_CONTEXT ( 'detailed design', #4181, 'design' ) ;
#4475 =( BOUNDED_SURFACE ( )  B_SPLINE_SURFACE ( 3, 1, ( 
 ( #1500, #8097 ),
 ( #5912, #8938 ),
 ( #8842, #4519 ),
 ( #8290, #5070 ) ),
 .UNSPECIFIED., .F., .F., .F. ) 
 B_SPLINE_SURFACE_WITH_KNOTS ( ( 4, 4 ),
 ( 2, 2 ),
 ( 0.000000000000000000, 1.000000000000000000 ),
 ( 0.000000000000000000, 1.000000000000000000 ),
 .UNSPECIFIED. ) 
 GEOMETRIC_REPRESENTATION_ITEM ( )  RATIONAL_B_SPLINE_SURFACE ( (
 ( 1.000000000000000000, 1.000000000000000000),
 ( 0.7902440648584970750, 0.7902440648584970750),
 ( 0.7902440648584970750, 0.7902440648584970750),
 ( 1.000000000000000000, 1.000000000000000000) ) ) 
 REPRESENTATION_ITEM ( '' )  SURFACE ( )  );
#4476 = LINE ( 'NONE', #7498, #7681 ) ;
#4477 = EDGE_LOOP ( 'NONE', ( #7434, #5300, #83, #8140 ) ) ;
#4478 = CARTESIAN_POINT ( 'NONE',  ( 12.14999999999999858, 0.2000000000000000111, 3.500000000000000000 ) ) ;
#4479 = EDGE_CURVE ( 'NONE', #6218, #2608, #9379, .T. ) ;
#4481 = EDGE_LOOP ( 'NONE', ( #4972, #3630, #4784, #8160 ) ) ;
#4480 = ORIENTED_EDGE ( 'NONE', *, *, #7689, .T. ) ;
#4482 = EDGE_CURVE ( 'NONE', #7438, #435, #2353, .T. ) ;
#4483 = DIRECTION ( 'NONE',  ( 1.000000000000000000, 0.000000000000000000, 0.000000000000000000 ) ) ;
#4484 = VERTEX_POINT ( 'NONE', #3841 ) ;
#4485 = FACE_BOUND ( 'NONE', #2931, .T. ) ;
#4486 = VERTEX_POINT ( 'NONE', #778 ) ;
#4487 = FACE_OUTER_BOUND ( 'NONE', #5780, .T. ) ;
#4488 = ORIENTED_EDGE ( 'NONE', *, *, #7554, .F. ) ;
#4489 = CARTESIAN_POINT ( 'NONE',  ( 12.14999999999999858, 39.49734969922095473, 3.500000000000000000 ) ) ;
#4490 = CARTESIAN_POINT ( 'NONE',  ( -7.733182394472060488E-16, 1.600000000000000089, -4.250000000000000000 ) ) ;
#4491 = CARTESIAN_POINT ( 'NONE',  ( -12.14999999999999858, 4.750000000000000000, 2.600000000000000089 ) ) ;
#4492 = EDGE_CURVE ( 'NONE', #521, #7748, #4633, .T. ) ;
#4493 = LINE ( 'NONE', #8954, #4 ) ;
#4494 = ORIENTED_EDGE ( 'NONE', *, *, #3674, .T. ) ;
#4495 = VECTOR ( 'NONE', #1579, 1000.000000000000000 ) ;
#4496 = ORIENTED_EDGE ( 'NONE', *, *, #7239, .F. ) ;
#4497 = ADVANCED_FACE ( 'NONE', ( #9100 ), #7709, .F. ) ;
#4498 = CARTESIAN_POINT ( 'NONE',  ( 3.080656100591034896, 2.118412942652240005, 0.7711353759932759733 ) ) ;
#4499 = DIRECTION ( 'NONE',  ( 0.000000000000000000, -1.000000000000000000, 0.000000000000000000 ) ) ;
#4500 = CARTESIAN_POINT ( 'NONE',  ( -11.40000000000000036, 1.500000000000000000, 2.600000000000000089 ) ) ;
#4501 = CARTESIAN_POINT ( 'NONE',  ( 5.402777063696039939, 5.599999999999999645, -5.899999999999999467 ) ) ;
#4502 = CARTESIAN_POINT ( 'NONE',  ( 12.14999999999999858, 0.2000000000000000111, 3.500000000000000000 ) ) ;
#4503 = EDGE_LOOP ( 'NONE', ( #569, #3332, #8608, #746 ) ) ;
#4504 = ORIENTED_EDGE ( 'NONE', *, *, #2538, .T. ) ;
#4505 = VECTOR ( 'NONE', #1613, 1000.000000000000000 ) ;
#4506 = DIRECTION ( 'NONE',  ( 0.000000000000000000, 0.000000000000000000, -1.000000000000000000 ) ) ;
#4507 = EDGE_LOOP ( 'NONE', ( #6510, #2680, #9483, #4245 ) ) ;
#4508 = DIRECTION ( 'NONE',  ( 0.000000000000000000, -1.000000000000000000, 0.000000000000000000 ) ) ;
#4509 = CONICAL_SURFACE ( 'NONE', #962, 8.000000000000000000, 0.7853981633974476129 ) ;
#4510 = CARTESIAN_POINT ( 'NONE',  ( 3.140333448402509831, 2.257713872561235124, 1.220617149911503940 ) ) ;
#4511 = EDGE_CURVE ( 'NONE', #4264, #7959, #876, .T. ) ;
#4512 = LINE ( 'NONE', #8930, #5852 ) ;
#4513 = CARTESIAN_POINT ( 'NONE',  ( 0.000000000000000000, 0.2000000000000000111, -5.899999999999999467 ) ) ;
#4514 = PRESENTATION_STYLE_ASSIGNMENT (( #7261 ) ) ;
#4515 = EDGE_LOOP ( 'NONE', ( #6511, #5923, #6453, #3933 ) ) ;
#4516 = FACE_OUTER_BOUND ( 'NONE', #8007, .T. ) ;
#4517 = EDGE_CURVE ( 'NONE', #2155, #812, #924, .T. ) ;
#4518 = PLANE ( 'NONE',  #919 ) ;
#4519 = CARTESIAN_POINT ( 'NONE',  ( -8.430203692802828996, 4.211463939323073724, -1.105265017794626603 ) ) ;
#4520 = ORIENTED_EDGE ( 'NONE', *, *, #2322, .T. ) ;
#4521 = CARTESIAN_POINT ( 'NONE',  ( -9.066843969807040438, 4.599999999999999645, -1.199999999999999956 ) ) ;
#4523 = ORIENTED_EDGE ( 'NONE', *, *, #5622, .F. ) ;
#4522 = ORIENTED_EDGE ( 'NONE', *, *, #9745, .T. ) ;
#4524 = CARTESIAN_POINT ( 'NONE',  ( -8.663050636552378947, 4.232585767472338389, -0.9932538644681083717 ) ) ;
#4525 = CARTESIAN_POINT ( 'NONE',  ( 0.7359680642409179852, 2.746670208495180177, -2.000000000000000000 ) ) ;
#4526 = ORIENTED_EDGE ( 'NONE', *, *, #5650, .F. ) ;
#4527 = EDGE_LOOP ( 'NONE', ( #7805, #342, #9389, #5567 ) ) ;
#4528 = AXIS2_PLACEMENT_3D ( 'NONE', #4797, #3167, #5452 ) ;
#4529 = DIRECTION ( 'NONE',  ( 0.000000000000000000, 1.000000000000000000, 0.000000000000000000 ) ) ;
#4530 = ORIENTED_EDGE ( 'NONE', *, *, #9091, .T. ) ;
#4531 = DIRECTION ( 'NONE',  ( 0.000000000000000000, 0.000000000000000000, -1.000000000000000000 ) ) ;
#4532 = CARTESIAN_POINT ( 'NONE',  ( -11.40000000000000036, 1.500000000000000000, -1.750000000000000000 ) ) ;
#4533 = DIRECTION ( 'NONE',  ( 0.000000000000000000, -1.000000000000000000, 0.000000000000000000 ) ) ;
#4534 = DIRECTION ( 'NONE',  ( 7.279101552726930441E-16, 1.000000000000000000, 0.000000000000000000 ) ) ;
#4535 = DIRECTION ( 'NONE',  ( 5.329070518200749816E-15, 0.000000000000000000, 1.000000000000000000 ) ) ;
#4536 = AXIS2_PLACEMENT_3D ( 'NONE', #3802, #2121, #8170 ) ;
#4537 = ORIENTED_EDGE ( 'NONE', *, *, #3056, .F. ) ;
#4538 = EDGE_CURVE ( 'NONE', #209, #6485, #5376, .T. ) ;
#4539 = VERTEX_POINT ( 'NONE', #189 ) ;
#4540 = ADVANCED_FACE ( 'NONE', ( #138 ), #3196, .T. ) ;
#4541 = VECTOR ( 'NONE', #9332, 1000.000000000000000 ) ;
#4542 = DIRECTION ( 'NONE',  ( 6.217248937900880571E-15, 0.000000000000000000, 1.000000000000000000 ) ) ;
#4543 = DIRECTION ( 'NONE',  ( 0.000000000000000000, -1.000000000000000000, 0.000000000000000000 ) ) ;
#4544 = LINE ( 'NONE', #3209, #840 ) ;
#4545 = CARTESIAN_POINT ( 'NONE',  ( -12.14999999999999858, 1.600000000000000089, 2.000000000000000000 ) ) ;
#4546 = FACE_OUTER_BOUND ( 'NONE', #79, .T. ) ;
#4547 = EDGE_LOOP ( 'NONE', ( #6460, #8277, #7314, #1808 ) ) ;
#4548 = AXIS2_PLACEMENT_3D ( 'NONE', #3817, #5453, #8282 ) ;
#4549 = ORIENTED_EDGE ( 'NONE', *, *, #3055, .T. ) ;
#4550 = AXIS2_PLACEMENT_3D ( 'NONE', #3679, #2185, #7988 ) ;
#4551 = LINE ( 'NONE', #7579, #1333 ) ;
#4552 = ORIENTED_EDGE ( 'NONE', *, *, #1204, .F. ) ;
#4553 = EDGE_CURVE ( 'NONE', #5115, #1505, #3790, .T. ) ;
#4554 = LINE ( 'NONE', #5155, #4684 ) ;
#4555 = CARTESIAN_POINT ( 'NONE',  ( 0.000000000000000000, 1.600000000000000089, 0.000000000000000000 ) ) ;
#4556 = DIRECTION ( 'NONE',  ( -1.000000000000000000, 7.279101552726926496E-16, 0.000000000000000000 ) ) ;
#4557 = LINE ( 'NONE', #7396, #6401 ) ;
#4558 = CARTESIAN_POINT ( 'NONE',  ( 9.866843969807048254, 4.599999999999999645, 0.000000000000000000 ) ) ;
#4559 = ORIENTED_EDGE ( 'NONE', *, *, #7882, .T. ) ;
#4560 = CIRCLE ( 'NONE', #1559, 0.2999999999999999334 ) ;
#4561 = LINE ( 'NONE', #3175, #2699 ) ;
#4562 = LINE ( 'NONE', #1596, #449 ) ;
#4563 = CYLINDRICAL_SURFACE ( 'NONE', #783, 0.09999999999999939493 ) ;
#4564 = ORIENTED_EDGE ( 'NONE', *, *, #9136, .F. ) ;
#4565 = LINE ( 'NONE', #3876, #5514 ) ;
#4567 = ORIENTED_EDGE ( 'NONE', *, *, #2737, .F. ) ;
#4566 = ORIENTED_EDGE ( 'NONE', *, *, #7073, .T. ) ;
#4568 = DIRECTION ( 'NONE',  ( 0.000000000000000000, -1.000000000000000000, 0.000000000000000000 ) ) ;
#4569 = ADVANCED_FACE ( 'NONE', ( #3145 ), #6217, .F. ) ;
#4570 = DIRECTION ( 'NONE',  ( 0.000000000000000000, 0.000000000000000000, 1.000000000000000000 ) ) ;
#4571 = ORIENTED_EDGE ( 'NONE', *, *, #5211, .F. ) ;
#4572 = CARTESIAN_POINT ( 'NONE',  ( 11.50000000000000000, 0.1499999999999999944, 1.750000000000000000 ) ) ;
#4573 = CIRCLE ( 'NONE', #7590, 8.000000000000000000 ) ;
#4574 = CARTESIAN_POINT ( 'NONE',  ( -12.14999999999999858, 4.299999999999999822, -2.000000000000000000 ) ) ;
#4575 = ORIENTED_EDGE ( 'NONE', *, *, #7728, .F. ) ;
#4576 = CARTESIAN_POINT ( 'NONE',  ( 6.777720855862980009, 5.000000000000000000, 4.250000000000000000 ) ) ;
#4577 = CARTESIAN_POINT ( 'NONE',  ( -5.332682251925390027, 39.49734969922095473, -7.250000000000000000 ) ) ;
#4578 = ORIENTED_EDGE ( 'NONE', *, *, #315, .F. ) ;
#4579 = LINE ( 'NONE', #1520, #7140 ) ;
#4580 = ADVANCED_FACE ( 'NONE', ( #5430 ), #1659, .F. ) ;
#4581 = FACE_BOUND ( 'NONE', #4083, .T. ) ;
#4582 = AXIS2_PLACEMENT_3D ( 'NONE', #8903, #7505, #8197 ) ;
#4583 = EDGE_LOOP ( 'NONE', ( #9727, #380, #8236, #3598 ) ) ;
#4584 = VECTOR ( 'NONE', #3979, 1000.000000000000000 ) ;
#4586 = EDGE_CURVE ( 'NONE', #8989, #9051, #408, .T. ) ;
#4585 = EDGE_LOOP ( 'NONE', ( #1025, #3278, #7577, #5161, #7350, #3732 ) ) ;
#4587 = EDGE_CURVE ( 'NONE', #3446, #3223, #9197, .T. ) ;
#4588 = AXIS2_PLACEMENT_3D ( 'NONE', #4145, #6324, #5736 ) ;
#4589 = LINE ( 'NONE', #6270, #7474 ) ;
#4590 = EDGE_CURVE ( 'NONE', #9441, #7852, #4190, .T. ) ;
#4591 = CIRCLE ( 'NONE', #8565, 3.149999999999999911 ) ;
#4592 = EDGE_CURVE ( 'NONE', #7651, #8609, #3049, .T. ) ;
#4593 = DIRECTION ( 'NONE',  ( 1.000000000000000000, 0.000000000000000000, 0.000000000000000000 ) ) ;
#4594 = LINE ( 'NONE', #8417, #6297 ) ;
#4595 = CARTESIAN_POINT ( 'NONE',  ( 0.000000000000000000, 1.600000000000000089, 0.000000000000000000 ) ) ;
#4596 = CARTESIAN_POINT ( 'NONE',  ( -8.666571569404965203, 4.277222342330851745, 0.9561590076246360148 ) ) ;
#4597 = CIRCLE ( 'NONE', #3806, 8.000000000000000000 ) ;
#4598 = CARTESIAN_POINT ( 'NONE',  ( 7.741843969807069570, 4.750000000000000000, 2.000000000000000000 ) ) ;
#4599 = ORIENTED_EDGE ( 'NONE', *, *, #9018, .T. ) ;
#4600 = ORIENTED_EDGE ( 'NONE', *, *, #4517, .T. ) ;
#4601 = AXIS2_PLACEMENT_3D ( 'NONE', #1763, #1069, #6311 ) ;
#4602 = ADVANCED_FACE ( 'NONE', ( #2993 ), #5475, .F. ) ;
#4603 = DIRECTION ( 'NONE',  ( -0.3231438532915099637, -0.9463498560679951543, 0.000000000000000000 ) ) ;
#4604 = ORIENTED_EDGE ( 'NONE', *, *, #8761, .F. ) ;
#4605 = AXIS2_PLACEMENT_3D ( 'NONE', #8724, #8624, #6480 ) ;
#4606 = CARTESIAN_POINT ( 'NONE',  ( 0.000000000000000000, 0.1499999999999999944, 2.600000000000000089 ) ) ;
#4607 = DIRECTION ( 'NONE',  ( 0.000000000000000000, 1.000000000000000000, 0.000000000000000000 ) ) ;
#4608 = FACE_OUTER_BOUND ( 'NONE', #8005, .T. ) ;
#4609 = CARTESIAN_POINT ( 'NONE',  ( 0.000000000000000000, 0.2000000000000000111, 0.000000000000000000 ) ) ;
#4610 = CARTESIAN_POINT ( 'NONE',  ( 7.741843969807039372, 0.8694514173260470269, 2.600000000000074696 ) ) ;
#4611 = EDGE_LOOP ( 'NONE', ( #1649, #8933, #8300, #1227 ) ) ;
#4612 = LINE ( 'NONE', #3121, #7135 ) ;
#4613 = CIRCLE ( 'NONE', #7155, 9.000000000000000000 ) ;
#4614 = AXIS2_PLACEMENT_3D ( 'NONE', #7749, #87, #3883 ) ;
#4615 = VECTOR ( 'NONE', #543, 1000.000000000000114 ) ;
#4616 = LINE ( 'NONE', #8982, #2649 ) ;
#4617 = EDGE_CURVE ( 'NONE', #7482, #7629, #9054, .T. ) ;
#4618 = DIRECTION ( 'NONE',  ( 0.000000000000000000, -1.000000000000000000, 0.000000000000000000 ) ) ;
#4619 = ORIENTED_EDGE ( 'NONE', *, *, #6603, .F. ) ;
#4620 = DIRECTION ( 'NONE',  ( 0.000000000000000000, 1.000000000000000000, 0.000000000000000000 ) ) ;
#4621 = VECTOR ( 'NONE', #2944, 1000.000000000000000 ) ;
#4623 = ORIENTED_EDGE ( 'NONE', *, *, #670, .F. ) ;
#4622 = ORIENTED_EDGE ( 'NONE', *, *, #4976, .F. ) ;
#4624 = LINE ( 'NONE', #768, #5653 ) ;
#4625 = VECTOR ( 'NONE', #9407, 1000.000000000000000 ) ;
#4626 = LINE ( 'NONE', #7604, #3005 ) ;
#4627 = ORIENTED_EDGE ( 'NONE', *, *, #551, .T. ) ;
#4628 = CARTESIAN_POINT ( 'NONE',  ( 11.40000000000000036, 1.500000000000000000, 2.600000000000000089 ) ) ;
#4629 = B_SPLINE_CURVE_WITH_KNOTS ( 'NONE', 3,
 ( #1403, #5167, #9732, #2042 ),
 .UNSPECIFIED., .F., .F.,
 ( 4, 4 ),
 ( 0.000000000000000000, 1.000000000000000000 ),
 .UNSPECIFIED. ) ;
#4630 = DIRECTION ( 'NONE',  ( 1.000000000000000000, -7.279101552726930441E-16, 1.011922027653276101E-14 ) ) ;
#4631 = ORIENTED_EDGE ( 'NONE', *, *, #6450, .F. ) ;
#4632 = DIRECTION ( 'NONE',  ( -7.279101552726930441E-16, -1.000000000000000000, 0.000000000000000000 ) ) ;
#4633 = LINE ( 'NONE', #8497, #4141 ) ;
#4634 = EDGE_CURVE ( 'NONE', #7109, #2506, #243, .T. ) ;
#4635 = ORIENTED_EDGE ( 'NONE', *, *, #8839, .F. ) ;
#4636 = PRESENTATION_STYLE_ASSIGNMENT (( #5239 ) ) ;
#4637 = DIRECTION ( 'NONE',  ( 1.000000000000000000, 0.000000000000000000, 0.000000000000000000 ) ) ;
#4638 = VERTEX_POINT ( 'NONE', #5854 ) ;
#4639 = ORIENTED_EDGE ( 'NONE', *, *, #3688, .T. ) ;
#4640 = DIRECTION ( 'NONE',  ( 1.269309860470833935E-15, 1.000000000000000000, 0.000000000000000000 ) ) ;
#4641 = DIRECTION ( 'NONE',  ( 0.000000000000000000, 1.000000000000000000, 0.000000000000000000 ) ) ;
#4642 = UNCERTAINTY_MEASURE_WITH_UNIT (LENGTH_MEASURE( 1.000000000000000082E-05 ), #1472, 'distance_accuracy_value', 'NONE');
#4643 = EDGE_CURVE ( 'NONE', #1407, #1157, #4822, .T. ) ;
#4644 = LINE ( 'NONE', #843, #9688 ) ;
#4645 = CARTESIAN_POINT ( 'NONE',  ( 11.25000000000000000, 4.349999999999999645, 2.100000000000000089 ) ) ;
#4646 = DIRECTION ( 'NONE',  ( 0.000000000000000000, 1.000000000000000000, 0.000000000000000000 ) ) ;
#4647 = LINE ( 'NONE', #6831, #180 ) ;
#4648 = LINE ( 'NONE', #7033, #9192 ) ;
#4649 = ORIENTED_EDGE ( 'NONE', *, *, #6572, .T. ) ;
#4650 = ORIENTED_EDGE ( 'NONE', *, *, #4177, .F. ) ;
#4651 = CARTESIAN_POINT ( 'NONE',  ( 8.766843969807048609, 4.599999999999999645, -2.008392021690039719 ) ) ;
#4652 = ORIENTED_EDGE ( 'NONE', *, *, #8454, .T. ) ;
#4653 = CIRCLE ( 'NONE', #6234, 0.4500000000000000111 ) ;
#4654 = CARTESIAN_POINT ( 'NONE',  ( -5.266843969807050385, -7.269011204192789677, -1.250000000000000000 ) ) ;
#4655 = DIRECTION ( 'NONE',  ( 0.000000000000000000, 1.000000000000000000, 0.000000000000000000 ) ) ;
#4656 = CARTESIAN_POINT ( 'NONE',  ( -13.84999999999999964, 0.1500000000000134837, -1.750000000000000000 ) ) ;
#4657 = CARTESIAN_POINT ( 'NONE',  ( -8.516843969807039727, -4.336808689942020103E-15, 0.9499999999999999556 ) ) ;
#4658 = B_SPLINE_CURVE_WITH_KNOTS ( 'NONE', 3,
 ( #1015, #7891, #4021, #7054 ),
 .UNSPECIFIED., .F., .F.,
 ( 4, 4 ),
 ( 0.000000000000000000, 4.586143490663579012E-05 ),
 .UNSPECIFIED. ) ;
#4659 = LINE ( 'NONE', #117, #132 ) ;
#4660 = VERTEX_POINT ( 'NONE', #7756 ) ;
#4661 = FACE_OUTER_BOUND ( 'NONE', #8291, .T. ) ;
#4662 = B_SPLINE_CURVE_WITH_KNOTS ( 'NONE', 3,
 ( #5241, #5039, #2998, #5094 ),
 .UNSPECIFIED., .F., .F.,
 ( 4, 4 ),
 ( 0.000000000000000000, 0.0005443421352172149886 ),
 .UNSPECIFIED. ) ;
#4663 = CIRCLE ( 'NONE', #7201, 0.8250000000000001776 ) ;
#4664 = CARTESIAN_POINT ( 'NONE',  ( 8.666843969807040082, -1.647987302177964846E-14, 2.600000000000000089 ) ) ;
#4665 = EDGE_CURVE ( 'NONE', #7398, #1101, #5142, .T. ) ;
#4666 = DIRECTION ( 'NONE',  ( -1.000000000000000000, 0.000000000000000000, 0.000000000000000000 ) ) ;
#4667 = ORIENTED_EDGE ( 'NONE', *, *, #535, .T. ) ;
#4668 = CARTESIAN_POINT ( 'NONE',  ( 8.666843969807040082, -1.647987302177964846E-14, 2.000000000000000000 ) ) ;
#4670 = VERTEX_POINT ( 'NONE', #5003 ) ;
#4669 = ORIENTED_EDGE ( 'NONE', *, *, #5098, .T. ) ;
#4671 = LINE ( 'NONE', #868, #1070 ) ;
#4672 = PLANE ( 'NONE',  #7126 ) ;
#4673 = ORIENTED_EDGE ( 'NONE', *, *, #53, .T. ) ;
#4674 = CARTESIAN_POINT ( 'NONE',  ( 8.408708868774458362E-15, 0.000000000000000000, 2.000000000000045297 ) ) ;
#4675 = CARTESIAN_POINT ( 'NONE',  ( 2.780978572425245036E-14, 5.000000000000000000, 2.849999999999920153 ) ) ;
#4676 = ORIENTED_EDGE ( 'NONE', *, *, #121, .T. ) ;
#4677 = FACE_OUTER_BOUND ( 'NONE', #6009, .T. ) ;
#4678 = DIRECTION ( 'NONE',  ( 0.000000000000000000, -1.000000000000000000, 0.000000000000000000 ) ) ;
#4679 = VERTEX_POINT ( 'NONE', #1246 ) ;
#4680 = CARTESIAN_POINT ( 'NONE',  ( -8.468900674862208433, 4.214999999999999858, 1.050000000000000044 ) ) ;
#4681 = CARTESIAN_POINT ( 'NONE',  ( -10.65000000000000036, 4.599999999999999645, -2.600000000000000089 ) ) ;
#4682 = EDGE_LOOP ( 'NONE', ( #1483, #9149, #4899, #1577 ) ) ;
#4683 = ORIENTED_EDGE ( 'NONE', *, *, #381, .F. ) ;
#4684 = VECTOR ( 'NONE', #2177, 1000.000000000000000 ) ;
#4685 = LINE ( 'NONE', #100, #6836 ) ;
#4686 = CARTESIAN_POINT ( 'NONE',  ( 11.50000000000000000, -2.710505431213760099E-16, 2.600000000000000089 ) ) ;
#4687 = DIRECTION ( 'NONE',  ( 1.153406566473941506E-16, -1.000000000000000000, 0.000000000000000000 ) ) ;
#4688 = LINE ( 'NONE', #3804, #9546 ) ;
#4689 = ADVANCED_FACE ( 'NONE', ( #3531 ), #5526, .T. ) ;
#4690 = DIRECTION ( 'NONE',  ( 8.631814769834230017E-16, -1.000000000000000000, -1.150908635977896087E-15 ) ) ;
#4691 = CARTESIAN_POINT ( 'NONE',  ( 0.000000000000000000, 0.2000000000000000111, 0.000000000000000000 ) ) ;
#4692 = CIRCLE ( 'NONE', #437, 0.6250000000000000000 ) ;
#4693 = ORIENTED_EDGE ( 'NONE', *, *, #8059, .F. ) ;
#4694 = EDGE_LOOP ( 'NONE', ( #1966, #821, #6264, #1592, #6848, #6014, #271 ) ) ;
#4695 = EDGE_CURVE ( 'NONE', #4858, #257, #6366, .T. ) ;
#4696 = PLANE ( 'NONE',  #4014 ) ;
#4697 = VERTEX_POINT ( 'NONE', #7855 ) ;
#4698 = CARTESIAN_POINT ( 'NONE',  ( 7.741843969807050030, 1.600000000000000089, -2.599999999999914824 ) ) ;
#4700 = AXIS2_PLACEMENT_3D ( 'NONE', #8030, #7241, #9425 ) ;
#4699 = LINE ( 'NONE', #159, #2015 ) ;
#4701 = CARTESIAN_POINT ( 'NONE',  ( 13.84999999999999964, 0.1499999999999999944, 2.600000000000000089 ) ) ;
#4702 = DIRECTION ( 'NONE',  ( 0.000000000000000000, 1.000000000000000000, 0.000000000000000000 ) ) ;
#4703 = PRESENTATION_LAYER_ASSIGNMENT (  '', '', ( #1703 ) ) ;
#4704 = LINE ( 'NONE', #5408, #9621 ) ;
#4705 = ORIENTED_EDGE ( 'NONE', *, *, #2056, .T. ) ;
#4706 = LINE ( 'NONE', #7095, #8397 ) ;
#4707 = AXIS2_PLACEMENT_3D ( 'NONE', #4664, #4711, #954 ) ;
#4708 = CIRCLE ( 'NONE', #2968, 7.649999999999999467 ) ;
#4709 = ADVANCED_FACE ( 'NONE', ( #2034 ), #8552, .T. ) ;
#4710 = EDGE_CURVE ( 'NONE', #8874, #6986, #6741, .T. ) ;
#4711 = DIRECTION ( 'NONE',  ( 7.279101552726909733E-16, 1.000000000000000000, 0.000000000000000000 ) ) ;
#4712 = DIRECTION ( 'NONE',  ( 0.000000000000000000, 0.000000000000000000, -1.000000000000000000 ) ) ;
#4713 = ORIENTED_EDGE ( 'NONE', *, *, #9578, .F. ) ;
#4714 = DIRECTION ( 'NONE',  ( 1.000000000000000000, 0.000000000000000000, 0.000000000000000000 ) ) ;
#4715 = AXIS2_PLACEMENT_3D ( 'NONE', #4376, #2894, #7357 ) ;
#4717 = ORIENTED_EDGE ( 'NONE', *, *, #4035, .T. ) ;
#4716 = EDGE_LOOP ( 'NONE', ( #5544, #4303, #3778, #8106, #4348, #6215, #5231, #2642, #4005, #8337, #8220, #728, #5473, #1312, #6759, #1422, #8302, #63, #9784 ) ) ;
#4718 = DIRECTION ( 'NONE',  ( 0.000000000000000000, 0.000000000000000000, -1.000000000000000000 ) ) ;
#4719 = LINE ( 'NONE', #3187, #492 ) ;
#4720 = EDGE_CURVE ( 'NONE', #6268, #7547, #1710, .T. ) ;
#4721 = ORIENTED_EDGE ( 'NONE', *, *, #1341, .F. ) ;
#4722 = EDGE_CURVE ( 'NONE', #6934, #798, #9343, .T. ) ;
#4723 = CARTESIAN_POINT ( 'NONE',  ( 8.666843969807040082, -1.647987302177964846E-14, -2.000000000000000000 ) ) ;
#4724 = VECTOR ( 'NONE', #1445, 1000.000000000000000 ) ;
#4725 = DIRECTION ( 'NONE',  ( 0.000000000000000000, 0.000000000000000000, -1.000000000000000000 ) ) ;
#4726 = ORIENTED_EDGE ( 'NONE', *, *, #6771, .F. ) ;
#4727 = DIRECTION ( 'NONE',  ( 0.000000000000000000, 1.000000000000000000, 0.000000000000000000 ) ) ;
#4728 = FACE_OUTER_BOUND ( 'NONE', #4185, .T. ) ;
#4729 = ORIENTED_EDGE ( 'NONE', *, *, #8334, .T. ) ;
#4730 = DIRECTION ( 'NONE',  ( 0.000000000000000000, -1.000000000000000000, -1.011200765087772021E-15 ) ) ;
#4731 = CARTESIAN_POINT ( 'NONE',  ( 7.301739479699309143, 0.9677449166682510207, 2.600000000000000089 ) ) ;
#4732 = VERTEX_POINT ( 'NONE', #4779 ) ;
#4733 = VERTEX_POINT ( 'NONE', #3291 ) ;
#4734 = ADVANCED_FACE ( 'NONE', ( #6546 ), #2736, .F. ) ;
#4735 = CYLINDRICAL_SURFACE ( 'NONE', #7632, 6.100000000000000533 ) ;
#4736 = FACE_OUTER_BOUND ( 'NONE', #1827, .T. ) ;
#4737 = AXIS2_PLACEMENT_3D ( 'NONE', #2133, #2923, #1446 ) ;
#4738 = DIRECTION ( 'NONE',  ( -1.000000000000000000, 0.000000000000000000, 0.000000000000000000 ) ) ;
#4739 = DIRECTION ( 'NONE',  ( -0.9063077870366493816, 5.669028325014412338E-16, -0.4226182617407006625 ) ) ;
#4740 = DIRECTION ( 'NONE',  ( 1.000000000000000000, 0.000000000000000000, 0.000000000000000000 ) ) ;
#4741 = CARTESIAN_POINT ( 'NONE',  ( 4.297588409752299832, 1.399999999999999911, 4.329056925054545424 ) ) ;
#4742 = EDGE_LOOP ( 'NONE', ( #867, #1168, #9095, #7503 ) ) ;
#4743 = AXIS2_PLACEMENT_3D ( 'NONE', #7851, #6452, #6403 ) ;
#4744 = LINE ( 'NONE', #9501, #6077 ) ;
#4745 = ORIENTED_EDGE ( 'NONE', *, *, #4790, .T. ) ;
#4746 = CIRCLE ( 'NONE', #7289, 0.05139320225002114162 ) ;
#4747 = CARTESIAN_POINT ( 'NONE',  ( -9.241843969807048254, 4.450000000000000178, 0.000000000000000000 ) ) ;
#4748 = VECTOR ( 'NONE', #9255, 1000.000000000000000 ) ;
#4749 = DIRECTION ( 'NONE',  ( 0.000000000000000000, -1.000000000000000000, 0.000000000000000000 ) ) ;
#4750 = EDGE_CURVE ( 'NONE', #9154, #6159, #2605, .T. ) ;
#4751 = PRESENTATION_LAYER_ASSIGNMENT (  '', '', ( #9032 ) ) ;
#4752 = CARTESIAN_POINT ( 'NONE',  ( 11.15000000000000036, 4.599999999999999645, 2.600000000000000089 ) ) ;
#4753 = CARTESIAN_POINT ( 'NONE',  ( -8.100226182487579862, 3.012132034355975208, -1.838038760764659996 ) ) ;
#4754 = EDGE_CURVE ( 'NONE', #7651, #9198, #2829, .T. ) ;
#4755 = VECTOR ( 'NONE', #7305, 1000.000000000000000 ) ;
#4756 = CARTESIAN_POINT ( 'NONE',  ( -8.427883466921482380, 4.215000000000006963, 1.108578643762691440 ) ) ;
#4757 = ORIENTED_EDGE ( 'NONE', *, *, #5448, .T. ) ;
#4758 = DIRECTION ( 'NONE',  ( 1.000000000000000000, 0.000000000000000000, 0.000000000000000000 ) ) ;
#4759 = CIRCLE ( 'NONE', #667, 0.2500000000000002220 ) ;
#4760 = CARTESIAN_POINT ( 'NONE',  ( 0.000000000000000000, 1.600000000000000089, 0.000000000000000000 ) ) ;
#4761 = ADVANCED_FACE ( 'NONE', ( #4728 ), #1806, .F. ) ;
#4762 = VERTEX_POINT ( 'NONE', #335 ) ;
#4764 = VECTOR ( 'NONE', #8159, 1000.000000000000000 ) ;
#4763 = CARTESIAN_POINT ( 'NONE',  ( -7.933315826311220675, 5.599999999999999645, 4.250000000000000000 ) ) ;
#4766 = ORIENTED_EDGE ( 'NONE', *, *, #7046, .F. ) ;
#4765 = ORIENTED_EDGE ( 'NONE', *, *, #3444, .T. ) ;
#4767 = DIRECTION ( 'NONE',  ( 0.000000000000000000, -1.000000000000000000, 0.000000000000000000 ) ) ;
#4768 = CARTESIAN_POINT ( 'NONE',  ( -7.167387715921179847, 1.899999999999999911, -2.908753138060669929 ) ) ;
#4769 = EDGE_CURVE ( 'NONE', #9791, #1660, #978, .T. ) ;
#4770 = VERTEX_POINT ( 'NONE', #1300 ) ;
#4771 = DIRECTION ( 'NONE',  ( 7.279101552726930441E-16, 1.000000000000000000, 0.000000000000000000 ) ) ;
#4772 = EDGE_CURVE ( 'NONE', #763, #6118, #2766, .T. ) ;
#4773 = ADVANCED_FACE ( 'NONE', ( #6596 ), #9630, .T. ) ;
#4774 = CARTESIAN_POINT ( 'NONE',  ( -9.066843969807040438, 4.599999999999999645, 2.600000000000000089 ) ) ;
#4775 = ORIENTED_EDGE ( 'NONE', *, *, #4869, .F. ) ;
#4776 = AXIS2_PLACEMENT_3D ( 'NONE', #5291, #8316, #8215 ) ;
#4777 = DIRECTION ( 'NONE',  ( 0.000000000000000000, -1.000000000000000000, 0.000000000000000000 ) ) ;
#4778 = EDGE_CURVE ( 'NONE', #3308, #4908, #3870, .T. ) ;
#4779 = CARTESIAN_POINT ( 'NONE',  ( -3.899999999999999911, 5.599999999999999645, -6.984983894040130536 ) ) ;
#4780 = VECTOR ( 'NONE', #1080, 1000.000000000000000 ) ;
#4781 = ORIENTED_EDGE ( 'NONE', *, *, #6895, .T. ) ;
#4782 = DIRECTION ( 'NONE',  ( -1.000000000000000000, 0.000000000000000000, 0.000000000000000000 ) ) ;
#4783 = DIRECTION ( 'NONE',  ( 0.9063077870366498257, -5.669028325014410365E-16, 0.4226182617406998854 ) ) ;
#4784 = ORIENTED_EDGE ( 'NONE', *, *, #9557, .T. ) ;
#4785 = EDGE_LOOP ( 'NONE', ( #1885, #4279, #1206, #2830, #7264, #2193, #6581 ) ) ;
#4786 = CARTESIAN_POINT ( 'NONE',  ( -11.44999999999999929, 0.2000000000000000111, -2.600000000000000089 ) ) ;
#4787 = CARTESIAN_POINT ( 'NONE',  ( -11.40000000000000036, -1.734723475976804925E-15, -2.100000000000000089 ) ) ;
#4788 = ORIENTED_EDGE ( 'NONE', *, *, #7692, .T. ) ;
#4789 = FACE_OUTER_BOUND ( 'NONE', #181, .T. ) ;
#4790 = EDGE_CURVE ( 'NONE', #7547, #3906, #6247, .T. ) ;
#4791 = CARTESIAN_POINT ( 'NONE',  ( -3.520000000000000018, 1.300000000000000044, 0.1499999999999999944 ) ) ;
#4792 = DIRECTION ( 'NONE',  ( 0.000000000000000000, 0.000000000000000000, 1.000000000000000000 ) ) ;
#4793 = LINE ( 'NONE', #5638, #5394 ) ;
#4794 = ORIENTED_EDGE ( 'NONE', *, *, #6045, .T. ) ;
#4795 = DIRECTION ( 'NONE',  ( 0.000000000000000000, 0.000000000000000000, -1.000000000000000000 ) ) ;
#4796 = EDGE_LOOP ( 'NONE', ( #377, #195, #2301, #9429, #5316, #9382 ) ) ;
#4797 = CARTESIAN_POINT ( 'NONE',  ( 3.038927618033014699, 2.077830246834535100, 1.220617149911503940 ) ) ;
#4798 = CYLINDRICAL_SURFACE ( 'NONE', #9625, 2.500000000000000000 ) ;
#4799 = LINE ( 'NONE', #7090, #4288 ) ;
#4800 = CYLINDRICAL_SURFACE ( 'NONE', #6476, 0.4500000000000000111 ) ;
#4801 = DIRECTION ( 'NONE',  ( 0.000000000000000000, 1.000000000000000000, 0.000000000000000000 ) ) ;
#4802 = EDGE_CURVE ( 'NONE', #296, #8767, #8975, .T. ) ;
#4803 = DIRECTION ( 'NONE',  ( 1.445602896647339903E-16, 0.000000000000000000, -1.000000000000000000 ) ) ;
#4804 = LINE ( 'NONE', #8823, #3339 ) ;
#4805 = EDGE_CURVE ( 'NONE', #9184, #3053, #3026, .T. ) ;
#4806 = CYLINDRICAL_SURFACE ( 'NONE', #4707, 0.5999999999999998668 ) ;
#4807 = DIRECTION ( 'NONE',  ( -0.9463498560679951543, -0.3231438532915100192, 0.000000000000000000 ) ) ;
#4808 = ORIENTED_EDGE ( 'NONE', *, *, #7513, .T. ) ;
#4809 = CARTESIAN_POINT ( 'NONE',  ( -4.869548233666040282, 5.000000000000000000, -5.899999999999999467 ) ) ;
#4811 = ORIENTED_EDGE ( 'NONE', *, *, #6572, .F. ) ;
#4810 = EDGE_LOOP ( 'NONE', ( #2324, #3808, #5819, #519, #9233, #9401 ) ) ;
#4812 = LINE ( 'NONE', #423, #8185 ) ;
#4813 = CARTESIAN_POINT ( 'NONE',  ( -4.649999999999999467, 1.600000000000000089, 5.074999999999999289 ) ) ;
#4814 = VECTOR ( 'NONE', #6761, 1000.000000000000114 ) ;
#4815 = ORIENTED_EDGE ( 'NONE', *, *, #7691, .F. ) ;
#4816 = EDGE_CURVE ( 'NONE', #6104, #3281, #4557, .T. ) ;
#4817 = DIRECTION ( 'NONE',  ( 7.279101552726930441E-16, 1.000000000000000000, 0.000000000000000000 ) ) ;
#4818 = ORIENTED_EDGE ( 'NONE', *, *, #3725, .F. ) ;
#4819 = CARTESIAN_POINT ( 'NONE',  ( 2.874703846173014554, 2.328889109964429771, 1.220617149911503940 ) ) ;
#4821 = VECTOR ( 'NONE', #9572, 1000.000000000000000 ) ;
#4820 = DIRECTION ( 'NONE',  ( -1.000000000000000000, 0.000000000000000000, 0.000000000000000000 ) ) ;
#4822 = LINE ( 'NONE', #2780, #6563 ) ;
#4823 = ORIENTED_EDGE ( 'NONE', *, *, #4408, .T. ) ;
#4824 = CARTESIAN_POINT ( 'NONE',  ( -8.666843969807048964, 1.600000000000000089, 0.000000000000000000 ) ) ;
#4825 = FACE_OUTER_BOUND ( 'NONE', #617, .T. ) ;
#4826 = VERTEX_POINT ( 'NONE', #5997 ) ;
#4827 = ORIENTED_EDGE ( 'NONE', *, *, #842, .F. ) ;
#4828 = EDGE_CURVE ( 'NONE', #4385, #6918, #3820, .T. ) ;
#4829 = DIRECTION ( 'NONE',  ( 1.000000000000000000, 0.000000000000000000, 0.000000000000000000 ) ) ;
#4830 = DIRECTION ( 'NONE',  ( 0.000000000000000000, 0.000000000000000000, 1.000000000000000000 ) ) ;
#4831 = ORIENTED_EDGE ( 'NONE', *, *, #493, .T. ) ;
#4832 = CARTESIAN_POINT ( 'NONE',  ( -6.161242077394740058, 3.100000000000000089, -4.345678026214510048 ) ) ;
#4833 = FACE_OUTER_BOUND ( 'NONE', #5437, .T. ) ;
#4834 = PLANE ( 'NONE',  #7133 ) ;
#4835 = CARTESIAN_POINT ( 'NONE',  ( -8.666843969807059622, 3.681937395196465045E-14, 0.9499999999999999556 ) ) ;
#4836 = EDGE_CURVE ( 'NONE', #6769, #2321, #9259, .T. ) ;
#4837 = ORIENTED_EDGE ( 'NONE', *, *, #8732, .F. ) ;
#4838 = CARTESIAN_POINT ( 'NONE',  ( -8.666843969807048964, 1.600000000000000089, -1.250000000000000000 ) ) ;
#4839 = EDGE_CURVE ( 'NONE', #7748, #5874, #6699, .T. ) ;
#4840 = VERTEX_POINT ( 'NONE', #9678 ) ;
#4841 = EDGE_CURVE ( 'NONE', #4125, #1795, #6051, .T. ) ;
#4842 = B_SPLINE_CURVE_WITH_KNOTS ( 'NONE', 3,
 ( #312, #9786, #6952, #3880, #6208, #9234, #4524, #3780, #6902, #128, #2983, #6154 ),
 .UNSPECIFIED., .F., .F.,
 ( 4, 2, 2, 2, 2, 4 ),
 ( 0.000000000000000000, 0.2499999999999730216, 0.3749999999999552025, 0.4374999999999502065, 0.4999999999999451550, 1.000000000000000000 ),
 .UNSPECIFIED. ) ;
#4843 = FACE_OUTER_BOUND ( 'NONE', #224, .T. ) ;
#4844 = AXIS2_PLACEMENT_3D ( 'NONE', #8622, #4052, #9314 ) ;
#4845 = DIRECTION ( 'NONE',  ( 0.000000000000000000, 1.000000000000000000, 0.000000000000000000 ) ) ;
#4846 = CARTESIAN_POINT ( 'NONE',  ( -12.14999999999999858, 0.2000000000000000111, 3.500000000000000000 ) ) ;
#4847 = DIRECTION ( 'NONE',  ( 1.000000000000000000, 0.000000000000000000, 0.000000000000000000 ) ) ;
#4848 = DIRECTION ( 'NONE',  ( 0.000000000000000000, 1.000000000000000000, 0.000000000000000000 ) ) ;
#4849 = CARTESIAN_POINT ( 'NONE',  ( 6.360817557515700216, 1.600000000000000089, -4.250000000000000000 ) ) ;
#4850 = CARTESIAN_POINT ( 'NONE',  ( 6.777720855862980009, 1.600000000000000089, 4.250000000000000000 ) ) ;
#4851 = EDGE_CURVE ( 'NONE', #1068, #9459, #70, .T. ) ;
#4852 = CARTESIAN_POINT ( 'NONE',  ( -4.869548233666040282, 5.000000000000000000, -5.899999999999999467 ) ) ;
#4853 = VECTOR ( 'NONE', #4767, 1000.000000000000000 ) ;
#4854 = CARTESIAN_POINT ( 'NONE',  ( 9.866843969807048254, 4.349999999999999645, 0.000000000000000000 ) ) ;
#4855 = EDGE_LOOP ( 'NONE', ( #2822, #8176, #5017, #4652 ) ) ;
#4856 = LINE ( 'NONE', #4118, #2824 ) ;
#4858 = VERTEX_POINT ( 'NONE', #9726 ) ;
#4857 = EDGE_LOOP ( 'NONE', ( #1449, #2790, #6910, #3731 ) ) ;
#4859 = AXIS2_PLACEMENT_3D ( 'NONE', #1817, #2095, #1308 ) ;
#4860 = CARTESIAN_POINT ( 'NONE',  ( 3.348386714254389738E-15, 4.599999999999999645, -2.600000000000000089 ) ) ;
#4861 = VECTOR ( 'NONE', #9714, 1000.000000000000000 ) ;
#4862 = CARTESIAN_POINT ( 'NONE',  ( -9.747716655431519328, 4.349999999999999645, 4.715518912566449394 ) ) ;
#4863 = VERTEX_POINT ( 'NONE', #8887 ) ;
#4864 = VECTOR ( 'NONE', #9064, 1000.000000000000000 ) ;
#4865 = CARTESIAN_POINT ( 'NONE',  ( 6.500336419007919808, 5.366007061932579703, 4.250000000000000000 ) ) ;
#4866 = VERTEX_POINT ( 'NONE', #5264 ) ;
#4867 = LINE ( 'NONE', #6507, #4941 ) ;
#4868 = DIRECTION ( 'NONE',  ( 0.5735764363510417185, -2.764992862514373901E-16, 0.8191520442889946851 ) ) ;
#4869 = EDGE_CURVE ( 'NONE', #9537, #8874, #3243, .T. ) ;
#4871 = EDGE_LOOP ( 'NONE', ( #1294, #2458, #6398, #7026 ) ) ;
#4870 = ORIENTED_EDGE ( 'NONE', *, *, #4722, .T. ) ;
#4872 = CARTESIAN_POINT ( 'NONE',  ( 8.466843969807049675, 1.600000000000000089, -2.000000000000000000 ) ) ;
#4873 = LINE ( 'NONE', #1811, #5230 ) ;
#4874 = EDGE_LOOP ( 'NONE', ( #873, #9302, #8911, #4965 ) ) ;
#4875 = AXIS2_PLACEMENT_3D ( 'NONE', #2443, #7694, #8532 ) ;
#4876 = ORIENTED_EDGE ( 'NONE', *, *, #8105, .T. ) ;
#4877 = PLANE ( 'NONE',  #5403 ) ;
#4878 = ORIENTED_EDGE ( 'NONE', *, *, #2800, .F. ) ;
#4879 = CARTESIAN_POINT ( 'NONE',  ( 5.048905886026750167, 5.364168724084649398, -5.899999999999999467 ) ) ;
#4880 = CARTESIAN_POINT ( 'NONE',  ( 12.14999999999999858, 0.2000000000000000111, -2.000000000000000000 ) ) ;
#4881 = CARTESIAN_POINT ( 'NONE',  ( 8.666843969807048964, -7.269011204192789677, 2.600000000000000089 ) ) ;
#4882 = DIRECTION ( 'NONE',  ( 4.248302390147255473E-15, 1.000000000000000000, 0.000000000000000000 ) ) ;
#4883 = ORIENTED_EDGE ( 'NONE', *, *, #5098, .F. ) ;
#4884 = EDGE_CURVE ( 'NONE', #3748, #4486, #8284, .T. ) ;
#4885 = DIRECTION ( 'NONE',  ( 0.000000000000000000, 0.000000000000000000, -1.000000000000000000 ) ) ;
#4887 = ADVANCED_FACE ( 'NONE', ( #5950 ), #2134, .T. ) ;
#4886 = VERTEX_POINT ( 'NONE', #1494 ) ;
#4888 = ADVANCED_FACE ( 'NONE', ( #3767 ), #4413, .F. ) ;
#4889 = EDGE_CURVE ( 'NONE', #2873, #3292, #4464, .T. ) ;
#4890 = AXIS2_PLACEMENT_3D ( 'NONE', #5886, #8122, #8916 ) ;
#4891 = PLANE ( 'NONE',  #5808 ) ;
#4892 = EDGE_CURVE ( 'NONE', #7348, #4980, #1975, .T. ) ;
#4893 = CARTESIAN_POINT ( 'NONE',  ( 8.516843969807048609, 9.404585296499380134E-15, 2.600000000000000089 ) ) ;
#4894 = LINE ( 'NONE', #9522, #3183 ) ;
#4895 = CARTESIAN_POINT ( 'NONE',  ( 11.44999999999999929, 0.2000000000000000111, -2.600000000000000089 ) ) ;
#4896 = DIRECTION ( 'NONE',  ( -1.257045997084641872E-16, 0.000000000000000000, -1.000000000000000000 ) ) ;
#4898 = ORIENTED_EDGE ( 'NONE', *, *, #915, .F. ) ;
#4897 = EDGE_CURVE ( 'NONE', #1057, #3523, #4663, .T. ) ;
#4899 = ORIENTED_EDGE ( 'NONE', *, *, #369, .T. ) ;
#4900 = FACE_OUTER_BOUND ( 'NONE', #4694, .T. ) ;
#4901 = VECTOR ( 'NONE', #2621, 1000.000000000000000 ) ;
#4902 = CARTESIAN_POINT ( 'NONE',  ( -9.066843969807040438, 4.599999999999999645, -2.600000000000000089 ) ) ;
#4903 = VECTOR ( 'NONE', #142, 1000.000000000000000 ) ;
#4904 = EDGE_CURVE ( 'NONE', #4960, #7729, #6287, .T. ) ;
#4905 = AXIS2_PLACEMENT_3D ( 'NONE', #9716, #4356, #6633 ) ;
#4906 = CARTESIAN_POINT ( 'NONE',  ( 1.767023956007515147E-15, -1.040834085586083941E-14, 1.750000000000000000 ) ) ;
#4907 = CARTESIAN_POINT ( 'NONE',  ( -12.14999999999999858, 4.299999999999999822, -2.600000000000000089 ) ) ;
#4908 = VERTEX_POINT ( 'NONE', #6194 ) ;
#4909 = VECTOR ( 'NONE', #7538, 1000.000000000000114 ) ;
#4910 = CARTESIAN_POINT ( 'NONE',  ( -6.360817557515700216, 5.599999999999999645, 4.250000000000000000 ) ) ;
#4912 = ORIENTED_EDGE ( 'NONE', *, *, #4828, .F. ) ;
#4911 = ORIENTED_EDGE ( 'NONE', *, *, #3438, .F. ) ;
#4913 = AXIS2_PLACEMENT_3D ( 'NONE', #8420, #9113, #5395 ) ;
#4914 = DIRECTION ( 'NONE',  ( -1.000000000000000000, 0.000000000000000000, 0.000000000000000000 ) ) ;
#4915 = PLANE ( 'NONE',  #803 ) ;
#4916 = VECTOR ( 'NONE', #192, 1000.000000000000000 ) ;
#4917 = ORIENTED_EDGE ( 'NONE', *, *, #3990, .T. ) ;
#4918 = ADVANCED_FACE ( 'NONE', ( #261 ), #161, .T. ) ;
#4919 = VECTOR ( 'NONE', #1719, 1000.000000000000000 ) ;
#4920 = CARTESIAN_POINT ( 'NONE',  ( -3.819999999999999840, -7.269011204192789677, 0.8750000000000000000 ) ) ;
#4921 = ORIENTED_EDGE ( 'NONE', *, *, #988, .T. ) ;
#4922 = LINE ( 'NONE', #7256, #7162 ) ;
#4923 = DIRECTION ( 'NONE',  ( 1.000000000000000000, 0.000000000000000000, -1.257045997084641872E-16 ) ) ;
#4925 = ORIENTED_EDGE ( 'NONE', *, *, #3744, .T. ) ;
#4924 = VERTEX_POINT ( 'NONE', #7783 ) ;
#4926 = CARTESIAN_POINT ( 'NONE',  ( 11.25000000000000000, 1.500000000000000000, -2.100000000000000089 ) ) ;
#4927 = DIRECTION ( 'NONE',  ( 0.000000000000000000, 1.000000000000000000, 0.000000000000000000 ) ) ;
#4928 = VERTEX_POINT ( 'NONE', #6940 ) ;
#4929 = ORIENTED_EDGE ( 'NONE', *, *, #1989, .T. ) ;
#4930 = VECTOR ( 'NONE', #7908, 1000.000000000000114 ) ;
#4931 = CIRCLE ( 'NONE', #7156, 0.5999999999999998668 ) ;
#4932 = DIRECTION ( 'NONE',  ( 1.000000000000000000, -1.269309860470833935E-15, 0.000000000000000000 ) ) ;
#4933 = CIRCLE ( 'NONE', #3986, 0.2500000000000002220 ) ;
#4934 = EDGE_CURVE ( 'NONE', #4697, #2164, #1683, .T. ) ;
#4935 = ORIENTED_EDGE ( 'NONE', *, *, #7882, .F. ) ;
#4936 = DIRECTION ( 'NONE',  ( 0.000000000000000000, 0.000000000000000000, 1.000000000000000000 ) ) ;
#4937 = FACE_OUTER_BOUND ( 'NONE', #1735, .T. ) ;
#4938 = CARTESIAN_POINT ( 'NONE',  ( -8.163325866132991493, 0.2000000000000000111, 3.789473684210530102 ) ) ;
#4939 = CARTESIAN_POINT ( 'NONE',  ( 7.741843969807050030, 4.750000000000000000, -2.000000000000000000 ) ) ;
#4940 = VERTEX_POINT ( 'NONE', #9171 ) ;
#4941 = VECTOR ( 'NONE', #385, 1000.000000000000000 ) ;
#4942 = DIRECTION ( 'NONE',  ( -1.000000000000000000, 0.000000000000000000, 1.734723475976805122E-15 ) ) ;
#4943 = AXIS2_PLACEMENT_3D ( 'NONE', #3060, #8466, #150 ) ;
#4944 = ORIENTED_EDGE ( 'NONE', *, *, #3846, .F. ) ;
#4945 = EDGE_CURVE ( 'NONE', #6635, #2089, #3172, .T. ) ;
#4946 = DIRECTION ( 'NONE',  ( 0.000000000000000000, 0.000000000000000000, -1.000000000000000000 ) ) ;
#4947 = LINE ( 'NONE', #3368, #5508 ) ;
#4948 = FACE_OUTER_BOUND ( 'NONE', #8571, .T. ) ;
#4949 = DIRECTION ( 'NONE',  ( 1.000000000000000000, -1.387778780781444492E-15, 0.000000000000000000 ) ) ;
#4950 = CARTESIAN_POINT ( 'NONE',  ( -11.40000000000000036, 0.2500000000000109912, 1.750000000000000000 ) ) ;
#4951 = ORIENTED_EDGE ( 'NONE', *, *, #2480, .F. ) ;
#4952 = ORIENTED_EDGE ( 'NONE', *, *, #6668, .F. ) ;
#4953 = LINE ( 'NONE', #2581, #5176 ) ;
#4954 = CARTESIAN_POINT ( 'NONE',  ( -6.849429577842310657, 4.349999999999999645, 3.832310858622455019 ) ) ;
#4955 = CARTESIAN_POINT ( 'NONE',  ( -4.869548233666040282, 5.250000000000000000, -5.899999999999999467 ) ) ;
#4956 = DIRECTION ( 'NONE',  ( 0.000000000000000000, 0.000000000000000000, 1.000000000000000000 ) ) ;
#4957 = EDGE_CURVE ( 'NONE', #3338, #4732, #856, .T. ) ;
#4958 = CARTESIAN_POINT ( 'NONE',  ( -8.604093501901738605, 4.215766090002979638, -1.118441652880822090 ) ) ;
#4959 = EDGE_LOOP ( 'NONE', ( #5796, #9236, #4566, #1618, #7067, #3762 ) ) ;
#4961 = EDGE_LOOP ( 'NONE', ( #3948, #1247, #9679, #5005 ) ) ;
#4960 = VERTEX_POINT ( 'NONE', #1732 ) ;
#4962 = CARTESIAN_POINT ( 'NONE',  ( 0.000000000000000000, 5.000000000000000000, 0.000000000000000000 ) ) ;
#4963 = VECTOR ( 'NONE', #3811, 1000.000000000000000 ) ;
#4964 = CARTESIAN_POINT ( 'NONE',  ( 9.866843969807048254, 4.349999999999999645, 0.6250000000000000000 ) ) ;
#4965 = ORIENTED_EDGE ( 'NONE', *, *, #4665, .F. ) ;
#4966 = EDGE_CURVE ( 'NONE', #8754, #5471, #9318, .T. ) ;
#4967 = DIRECTION ( 'NONE',  ( 0.000000000000000000, -1.000000000000000000, 0.000000000000000000 ) ) ;
#4968 = ORIENTED_EDGE ( 'NONE', *, *, #1004, .F. ) ;
#4969 = DIRECTION ( 'NONE',  ( 0.000000000000000000, 1.000000000000000000, 0.000000000000000000 ) ) ;
#4970 = DIRECTION ( 'NONE',  ( 0.000000000000000000, -1.000000000000000000, 0.000000000000000000 ) ) ;
#4972 = ORIENTED_EDGE ( 'NONE', *, *, #6683, .T. ) ;
#4971 = VERTEX_POINT ( 'NONE', #6242 ) ;
#4973 = DIRECTION ( 'NONE',  ( 0.000000000000000000, 1.000000000000000000, 0.000000000000000000 ) ) ;
#4974 = ORIENTED_EDGE ( 'NONE', *, *, #4174, .T. ) ;
#4975 = FACE_OUTER_BOUND ( 'NONE', #7606, .T. ) ;
#4976 = EDGE_CURVE ( 'NONE', #2296, #8211, #8306, .T. ) ;
#4977 = ORIENTED_EDGE ( 'NONE', *, *, #3782, .F. ) ;
#4978 = AXIS2_PLACEMENT_3D ( 'NONE', #2180, #664, #1395 ) ;
#4979 = DIRECTION ( 'NONE',  ( 0.000000000000000000, 1.000000000000000000, 0.000000000000000000 ) ) ;
#4980 = VERTEX_POINT ( 'NONE', #4753 ) ;
#4981 = DIRECTION ( 'NONE',  ( 0.000000000000000000, -1.000000000000000000, 0.000000000000000000 ) ) ;
#4982 = CARTESIAN_POINT ( 'NONE',  ( -4.649999999999999467, 1.600000000000000089, 5.899999999999999467 ) ) ;
#4983 = PLANE ( 'NONE',  #3810 ) ;
#4984 = CARTESIAN_POINT ( 'NONE',  ( 0.000000000000000000, 4.349999999999999645, 0.000000000000000000 ) ) ;
#4985 = VERTEX_POINT ( 'NONE', #216 ) ;
#4986 = CARTESIAN_POINT ( 'NONE',  ( 3.899999999999999911, 5.599999999999999645, 5.637851296924620099E-16 ) ) ;
#4987 = VERTEX_POINT ( 'NONE', #1786 ) ;
#4988 = EDGE_CURVE ( 'NONE', #127, #3799, #4057, .T. ) ;
#4989 = DIRECTION ( 'NONE',  ( -0.9990482215818581313, 0.04361938736532885996, 0.000000000000000000 ) ) ;
#4990 = CARTESIAN_POINT ( 'NONE',  ( 0.000000000000000000, 1.399999999999999911, 0.000000000000000000 ) ) ;
#4991 = DIRECTION ( 'NONE',  ( -1.000000000000000000, 0.000000000000000000, 0.000000000000000000 ) ) ;
#4992 = EDGE_CURVE ( 'NONE', #4465, #8594, #6096, .T. ) ;
#4993 = DIRECTION ( 'NONE',  ( 0.000000000000000000, 1.000000000000000000, 0.000000000000000000 ) ) ;
#4994 = LINE ( 'NONE', #2670, #9106 ) ;
#4995 = ORIENTED_EDGE ( 'NONE', *, *, #2538, .F. ) ;
#4996 = EDGE_CURVE ( 'NONE', #6716, #5533, #9122, .T. ) ;
#4997 = VERTEX_POINT ( 'NONE', #1638 ) ;
#4998 = CARTESIAN_POINT ( 'NONE',  ( 3.449999999999999734, 1.600000000000000089, -1.709941712034280011E-15 ) ) ;
#4999 = LINE ( 'NONE', #1937, #5643 ) ;
#5000 = FACE_OUTER_BOUND ( 'NONE', #7171, .T. ) ;
#5001 = CARTESIAN_POINT ( 'NONE',  ( 3.239200190963484953E-15, 4.450000000000000178, -2.600000000000000089 ) ) ;
#5002 = EDGE_CURVE ( 'NONE', #812, #8864, #2524, .T. ) ;
#5003 = CARTESIAN_POINT ( 'NONE',  ( -3.819999999999999840, 1.399999999999999911, 0.8750000000000000000 ) ) ;
#5004 = ORIENTED_EDGE ( 'NONE', *, *, #9103, .T. ) ;
#5006 = ORIENTED_EDGE ( 'NONE', *, *, #2236, .F. ) ;
#5005 = ORIENTED_EDGE ( 'NONE', *, *, #1315, .F. ) ;
#5007 = CIRCLE ( 'NONE', #6278, 0.2999999999999999334 ) ;
#5008 = CARTESIAN_POINT ( 'NONE',  ( -8.521752727684591022, 4.349999999999999645, 1.236036465452655886 ) ) ;
#5009 = EDGE_CURVE ( 'NONE', #8989, #8478, #8582, .T. ) ;
#5010 = B_SPLINE_CURVE_WITH_KNOTS ( 'NONE', 3,
 ( #9579, #9476, #2825, #4955 ),
 .UNSPECIFIED., .F., .F.,
 ( 4, 4 ),
 ( 8.673617379884029309E-18, 0.0006378346064421029074 ),
 .UNSPECIFIED. ) ;
#5011 = EDGE_CURVE ( 'NONE', #8502, #3540, #5354, .T. ) ;
#5012 = VECTOR ( 'NONE', #8540, 1000.000000000000000 ) ;
#5013 = EDGE_CURVE ( 'NONE', #2183, #7331, #5147, .T. ) ;
#5014 = EDGE_CURVE ( 'NONE', #9014, #2774, #3959, .T. ) ;
#5015 = CARTESIAN_POINT ( 'NONE',  ( -3.899999999999999911, 5.599999999999999645, -5.637851296924620099E-16 ) ) ;
#5016 = CARTESIAN_POINT ( 'NONE',  ( -3.899999999999999911, 1.300000000000000044, -5.485000000000000320 ) ) ;
#5017 = ORIENTED_EDGE ( 'NONE', *, *, #1881, .T. ) ;
#5018 = CARTESIAN_POINT ( 'NONE',  ( 11.25000000000000000, 4.349999999999999645, -2.100000000000000089 ) ) ;
#5019 = CARTESIAN_POINT ( 'NONE',  ( -8.100226182487579862, 3.012132034355975208, 1.838038760764659996 ) ) ;
#5020 = CIRCLE ( 'NONE', #1699, 0.09999999999999939493 ) ;
#5022 = ORIENTED_EDGE ( 'NONE', *, *, #8967, .F. ) ;
#5021 = ORIENTED_EDGE ( 'NONE', *, *, #1582, .F. ) ;
#5023 = CARTESIAN_POINT ( 'NONE',  ( 0.000000000000000000, 0.2000000000000000111, 5.899999999999999467 ) ) ;
#5024 = EDGE_CURVE ( 'NONE', #7234, #5317, #6891, .T. ) ;
#5025 = CARTESIAN_POINT ( 'NONE',  ( 0.000000000000000000, 5.000000000000000000, 0.000000000000000000 ) ) ;
#5026 = VERTEX_POINT ( 'NONE', #2382 ) ;
#5027 = FACE_OUTER_BOUND ( 'NONE', #2781, .T. ) ;
#5028 = EDGE_LOOP ( 'NONE', ( #4578, #1104, #289, #2690 ) ) ;
#5029 = VECTOR ( 'NONE', #1790, 1000.000000000000000 ) ;
#5030 = VECTOR ( 'NONE', #3564, 1000.000000000000227 ) ;
#5031 = DIRECTION ( 'NONE',  ( 0.000000000000000000, -1.000000000000000000, 1.011200765087772021E-15 ) ) ;
#5032 = ORIENTED_EDGE ( 'NONE', *, *, #8361, .T. ) ;
#5033 = CARTESIAN_POINT ( 'NONE',  ( -6.360817557515700216, 5.000000000000000000, 4.250000000000000000 ) ) ;
#5034 = CARTESIAN_POINT ( 'NONE',  ( -4.869548233666040282, 0.2000000000000000111, -5.899999999999999467 ) ) ;
#5035 = DIRECTION ( 'NONE',  ( -1.000000000000000000, 0.000000000000000000, -1.245080223897341930E-16 ) ) ;
#5036 = CARTESIAN_POINT ( 'NONE',  ( 1.931937314617169887, 39.49734969922095473, 5.799999999999999822 ) ) ;
#5037 = VECTOR ( 'NONE', #7998, 1000.000000000000000 ) ;
#5038 = ORIENTED_EDGE ( 'NONE', *, *, #4297, .T. ) ;
#5039 = CARTESIAN_POINT ( 'NONE',  ( -6.639278890389650023, 5.482709875410599842, 4.250000000000000000 ) ) ;
#5040 = CARTESIAN_POINT ( 'NONE',  ( 3.706196984510169348E-15, -1.040834085586083941E-14, 2.100000000000000089 ) ) ;
#5041 = VERTEX_POINT ( 'NONE', #5407 ) ;
#5042 = AXIS2_PLACEMENT_3D ( 'NONE', #123, #3125, #8384 ) ;
#5043 = DIRECTION ( 'NONE',  ( 0.000000000000000000, -1.000000000000000000, 0.000000000000000000 ) ) ;
#5044 = LINE ( 'NONE', #7477, #6768 ) ;
#5045 = CARTESIAN_POINT ( 'NONE',  ( -8.468900674862208433, 4.214999999999999858, -1.050000000000000044 ) ) ;
#5046 = FACE_OUTER_BOUND ( 'NONE', #8646, .T. ) ;
#5047 = FACE_OUTER_BOUND ( 'NONE', #326, .T. ) ;
#5048 = ORIENTED_EDGE ( 'NONE', *, *, #1392, .F. ) ;
#5049 = ORIENTED_EDGE ( 'NONE', *, *, #8884, .F. ) ;
#5050 =( BOUNDED_CURVE ( )  B_SPLINE_CURVE ( 3, ( #3927, #3136, #3978, #6112 ),
 .UNSPECIFIED., .F., .F. ) 
 B_SPLINE_CURVE_WITH_KNOTS ( ( 4, 4 ),
 ( -8.881784197001250746E-15, 1.621650105614150128 ),
 .UNSPECIFIED. ) 
 CURVE ( )  GEOMETRIC_REPRESENTATION_ITEM ( )  RATIONAL_B_SPLINE_CURVE ( ( 1.000000000000000000, 0.7926004154521569811, 0.7926004154521569811, 1.000000000000000000 ) ) 
 REPRESENTATION_ITEM ( '' )  );
#5051 = CARTESIAN_POINT ( 'NONE',  ( 13.84999999999999964, -2.081668171172170091E-14, -1.750000000000000000 ) ) ;
#5052 = AXIS2_PLACEMENT_3D ( 'NONE', #5040, #8768, #4942 ) ;
#5053 = EDGE_CURVE ( 'NONE', #4136, #7398, #8435, .T. ) ;
#5054 = CARTESIAN_POINT ( 'NONE',  ( 0.000000000000000000, 5.000000000000000000, 0.000000000000000000 ) ) ;
#5055 = DIRECTION ( 'NONE',  ( 0.000000000000000000, 0.000000000000000000, 1.000000000000000000 ) ) ;
#5056 = ADVANCED_FACE ( 'NONE', ( #5047 ), #455, .F. ) ;
#5057 = AXIS2_PLACEMENT_3D ( 'NONE', #8376, #1731, #7733 ) ;
#5058 = CARTESIAN_POINT ( 'NONE',  ( -11.15000000000000036, 4.349999999999999645, 2.100000000000000089 ) ) ;
#5059 = DIRECTION ( 'NONE',  ( 0.000000000000000000, -1.101411730778925171E-15, 1.000000000000000000 ) ) ;
#5060 = ORIENTED_EDGE ( 'NONE', *, *, #8361, .F. ) ;
#5061 = AXIS2_PLACEMENT_3D ( 'NONE', #3640, #8048, #2149 ) ;
#5063 = EDGE_LOOP ( 'NONE', ( #3397, #6561, #1348, #4379, #6087, #4292, #7259, #7106, #2893, #5706 ) ) ;
#5062 = ORIENTED_EDGE ( 'NONE', *, *, #7085, .F. ) ;
#5064 = FACE_OUTER_BOUND ( 'NONE', #8762, .T. ) ;
#5065 = VECTOR ( 'NONE', #2452, 1000.000000000000000 ) ;
#5066 = VECTOR ( 'NONE', #8129, 1000.000000000000000 ) ;
#5067 = EDGE_CURVE ( 'NONE', #7763, #7063, #3468, .T. ) ;
#5068 = VECTOR ( 'NONE', #1106, 1000.000000000000000 ) ;
#5069 = FACE_OUTER_BOUND ( 'NONE', #3635, .T. ) ;
#5070 = CARTESIAN_POINT ( 'NONE',  ( -8.473140195212231163, 4.215183462985569562, -1.043945337462147904 ) ) ;
#5071 = ORIENTED_EDGE ( 'NONE', *, *, #714, .F. ) ;
#5072 = CARTESIAN_POINT ( 'NONE',  ( -8.266843969807050385, 5.000000000000000000, -2.850000000000000089 ) ) ;
#5074 = VECTOR ( 'NONE', #2872, 1000.000000000000000 ) ;
#5073 = CARTESIAN_POINT ( 'NONE',  ( -3.449999999999999734, -7.269011204192789677, 5.850000000000000533 ) ) ;
#5076 = EDGE_LOOP ( 'NONE', ( #5889, #7356, #3259, #2340 ) ) ;
#5075 = ORIENTED_EDGE ( 'NONE', *, *, #1545, .T. ) ;
#5077 = VECTOR ( 'NONE', #2807, 1000.000000000000000 ) ;
#5078 = CARTESIAN_POINT ( 'NONE',  ( 0.000000000000000000, 0.2000000000000000111, 0.000000000000000000 ) ) ;
#5079 = DIRECTION ( 'NONE',  ( 0.000000000000000000, 1.000000000000000000, 0.000000000000000000 ) ) ;
#5080 = VECTOR ( 'NONE', #5108, 1000.000000000000000 ) ;
#5081 = ADVANCED_FACE ( 'NONE', ( #9525 ), #9468, .F. ) ;
#5082 = VERTEX_POINT ( 'NONE', #6483 ) ;
#5083 = CARTESIAN_POINT ( 'NONE',  ( 9.866843969807048254, 4.450000000000000178, 0.000000000000000000 ) ) ;
#5084 = ORIENTED_EDGE ( 'NONE', *, *, #5002, .T. ) ;
#5085 = AXIS2_PLACEMENT_3D ( 'NONE', #5745, #6337, #1784 ) ;
#5086 = ADVANCED_FACE ( 'NONE', ( #6388, #9420, #1877 ), #9374, .T. ) ;
#5087 = LINE ( 'NONE', #1960, #971 ) ;
#5088 = ORIENTED_EDGE ( 'NONE', *, *, #6233, .F. ) ;
#5089 = CARTESIAN_POINT ( 'NONE',  ( 8.466843969807069215, 1.600000000000000089, 2.000000000000000000 ) ) ;
#5090 = DIRECTION ( 'NONE',  ( 0.000000000000000000, 0.000000000000000000, 1.000000000000000000 ) ) ;
#5091 = PLANE ( 'NONE',  #9352 ) ;
#5092 = DIRECTION ( 'NONE',  ( 4.248302390147255473E-15, 1.000000000000000000, 0.000000000000000000 ) ) ;
#5093 = ORIENTED_EDGE ( 'NONE', *, *, #8213, .T. ) ;
#5094 = CARTESIAN_POINT ( 'NONE',  ( -6.360817557515700216, 5.250000000000000000, 4.250000000000000000 ) ) ;
#5095 = ORIENTED_EDGE ( 'NONE', *, *, #9449, .T. ) ;
#5096 = ORIENTED_EDGE ( 'NONE', *, *, #3394, .T. ) ;
#5097 = CIRCLE ( 'NONE', #1459, 7.649999999999999467 ) ;
#5098 = EDGE_CURVE ( 'NONE', #8800, #6415, #4254, .T. ) ;
#5099 = PLANE ( 'NONE',  #750 ) ;
#5100 = LINE ( 'NONE', #2769, #4236 ) ;
#5101 = CARTESIAN_POINT ( 'NONE',  ( -8.488356743416389349, 4.215001138496249133, -1.050551002931232158 ) ) ;
#5102 = VECTOR ( 'NONE', #4531, 1000.000000000000000 ) ;
#5103 = CARTESIAN_POINT ( 'NONE',  ( 12.14999999999999858, 4.349999999999999645, -2.600000000000000089 ) ) ;
#5104 = DIRECTION ( 'NONE',  ( 0.000000000000000000, 0.000000000000000000, -1.000000000000000000 ) ) ;
#5105 = ORIENTED_EDGE ( 'NONE', *, *, #8968, .T. ) ;
#5106 = VECTOR ( 'NONE', #8060, 1000.000000000000000 ) ;
#5107 = ORIENTED_EDGE ( 'NONE', *, *, #8415, .T. ) ;
#5108 = DIRECTION ( 'NONE',  ( 0.000000000000000000, -1.000000000000000000, 0.000000000000000000 ) ) ;
#5109 = FACE_OUTER_BOUND ( 'NONE', #1116, .T. ) ;
#5110 = EDGE_CURVE ( 'NONE', #2138, #2695, #8076, .T. ) ;
#5111 = CARTESIAN_POINT ( 'NONE',  ( 8.732236950261476949, 4.599999999999983658, 2.002542367727556449 ) ) ;
#5112 = LINE ( 'NONE', #1299, #4261 ) ;
#5113 = CARTESIAN_POINT ( 'NONE',  ( -9.866843969807048254, 4.349999999999999645, 0.000000000000000000 ) ) ;
#5114 = ORIENTED_EDGE ( 'NONE', *, *, #5951, .F. ) ;
#5116 = ORIENTED_EDGE ( 'NONE', *, *, #5431, .F. ) ;
#5115 = VERTEX_POINT ( 'NONE', #4157 ) ;
#5117 = CYLINDRICAL_SURFACE ( 'NONE', #1904, 0.2500000000000002220 ) ;
#5118 = EDGE_CURVE ( 'NONE', #5641, #9534, #8726, .T. ) ;
#5119 = CARTESIAN_POINT ( 'NONE',  ( -12.14999999999999858, 0.2000000000000000111, 3.500000000000000000 ) ) ;
#5120 = CARTESIAN_POINT ( 'NONE',  ( -3.520000000000000018, 1.399999999999999911, -0.8750000000000000000 ) ) ;
#5121 = EDGE_LOOP ( 'NONE', ( #1717, #6169, #9478, #2432 ) ) ;
#5122 = LINE ( 'NONE', #9038, #8834 ) ;
#5124 = ORIENTED_EDGE ( 'NONE', *, *, #8184, .F. ) ;
#5123 = VERTEX_POINT ( 'NONE', #4106 ) ;
#5125 = LINE ( 'NONE', #2796, #9042 ) ;
#5126 = EDGE_CURVE ( 'NONE', #5946, #5082, #4994, .T. ) ;
#5127 = CARTESIAN_POINT ( 'NONE',  ( 8.466843969807069215, 1.600000000000000089, 2.000000000000000000 ) ) ;
#5128 = ORIENTED_EDGE ( 'NONE', *, *, #769, .T. ) ;
#5129 = PLANE ( 'NONE',  #3858 ) ;
#5130 = ORIENTED_EDGE ( 'NONE', *, *, #6350, .T. ) ;
#5131 = AXIS2_PLACEMENT_3D ( 'NONE', #1318, #8107, #4382 ) ;
#5132 = CARTESIAN_POINT ( 'NONE',  ( -8.666843969807048964, 4.349999999999999645, -2.600000000000000089 ) ) ;
#5133 = ORIENTED_EDGE ( 'NONE', *, *, #8715, .T. ) ;
#5134 = CARTESIAN_POINT ( 'NONE',  ( 3.119478957356404791, 2.263301816595605143, -0.7711353759932728646 ) ) ;
#5135 = DIRECTION ( 'NONE',  ( -6.865669155586289856E-16, -1.000000000000000000, 3.068159313762424874E-17 ) ) ;
#5136 = CARTESIAN_POINT ( 'NONE',  ( -3.794707603699280507E-15, 1.600000000000000089, 3.500000000000000000 ) ) ;
#5137 = DIRECTION ( 'NONE',  ( 0.000000000000000000, 1.000000000000000000, 0.000000000000000000 ) ) ;
#5138 = CARTESIAN_POINT ( 'NONE',  ( 12.14999999999999858, 0.2000000000000000111, 2.000000000000000000 ) ) ;
#5139 = ORIENTED_EDGE ( 'NONE', *, *, #6463, .T. ) ;
#5141 = EDGE_CURVE ( 'NONE', #3292, #8851, #8022, .T. ) ;
#5140 = ORIENTED_EDGE ( 'NONE', *, *, #7062, .F. ) ;
#5142 = CIRCLE ( 'NONE', #726, 0.2500000000000002220 ) ;
#5143 = FACE_OUTER_BOUND ( 'NONE', #2536, .T. ) ;
#5144 = CARTESIAN_POINT ( 'NONE',  ( 7.733182394472060488E-16, 1.600000000000000089, 4.250000000000000000 ) ) ;
#5145 = FACE_OUTER_BOUND ( 'NONE', #2540, .T. ) ;
#5146 = CARTESIAN_POINT ( 'NONE',  ( -8.516843969807039727, 1.899999999999999911, -0.9499999999999999556 ) ) ;
#5147 = CIRCLE ( 'NONE', #1506, 7.649999999999999467 ) ;
#5148 = CARTESIAN_POINT ( 'NONE',  ( 8.291561975888500413, 0.2000000000000000111, 3.500000000000000000 ) ) ;
#5149 = ORIENTED_EDGE ( 'NONE', *, *, #3372, .T. ) ;
#5150 = ORIENTED_EDGE ( 'NONE', *, *, #2213, .F. ) ;
#5151 = ADVANCED_FACE ( 'NONE', ( #1236 ), #3318, .T. ) ;
#5152 = EDGE_CURVE ( 'NONE', #9646, #3877, #8674, .T. ) ;
#5153 = CARTESIAN_POINT ( 'NONE',  ( -6.713483409786819678, 1.899999999999999911, 3.768918119361345020 ) ) ;
#5154 = VERTEX_POINT ( 'NONE', #510 ) ;
#5155 = CARTESIAN_POINT ( 'NONE',  ( 7.741843969807050030, 0.2000000000000000111, -2.599999999999914824 ) ) ;
#5156 = DIRECTION ( 'NONE',  ( 0.000000000000000000, 0.000000000000000000, -1.000000000000000000 ) ) ;
#5157 = CARTESIAN_POINT ( 'NONE',  ( 8.163325866132991493, 39.49734969922095473, -3.789473684210525217 ) ) ;
#5158 = DIRECTION ( 'NONE',  ( 0.000000000000000000, 1.000000000000000000, 0.000000000000000000 ) ) ;
#5159 = ORIENTED_EDGE ( 'NONE', *, *, #5482, .T. ) ;
#5160 = EDGE_CURVE ( 'NONE', #5639, #4960, #5794, .T. ) ;
#5162 = VERTEX_POINT ( 'NONE', #4950 ) ;
#5161 = ORIENTED_EDGE ( 'NONE', *, *, #5273, .T. ) ;
#5163 = FACE_OUTER_BOUND ( 'NONE', #6254, .T. ) ;
#5164 = CIRCLE ( 'NONE', #3108, 0.6250000000000005551 ) ;
#5165 = EDGE_CURVE ( 'NONE', #6580, #3483, #6407, .T. ) ;
#5166 = CARTESIAN_POINT ( 'NONE',  ( 7.741843969807050030, 1.024742844387558138, -2.000000000000000000 ) ) ;
#5167 = CARTESIAN_POINT ( 'NONE',  ( -8.630095188382636451, 4.215699949271291658, 1.081307396161203860 ) ) ;
#5168 = ORIENTED_EDGE ( 'NONE', *, *, #4643, .T. ) ;
#5169 = PLANE ( 'NONE',  #5665 ) ;
#5170 = VECTOR ( 'NONE', #5301, 1000.000000000000000 ) ;
#5172 = ORIENTED_EDGE ( 'NONE', *, *, #8373, .T. ) ;
#5171 = EDGE_LOOP ( 'NONE', ( #8252, #6498, #6424, #7315 ) ) ;
#5173 = CARTESIAN_POINT ( 'NONE',  ( 0.000000000000000000, 5.599999999999999645, 0.000000000000000000 ) ) ;
#5174 = ORIENTED_EDGE ( 'NONE', *, *, #3562, .F. ) ;
#5175 = FACE_OUTER_BOUND ( 'NONE', #5760, .T. ) ;
#5176 = VECTOR ( 'NONE', #5602, 1000.000000000000000 ) ;
#5177 = ORIENTED_EDGE ( 'NONE', *, *, #5558, .T. ) ;
#5178 = DIRECTION ( 'NONE',  ( 0.8191520442889946851, -5.800009312744919496E-16, 0.5735764363510417185 ) ) ;
#5179 = ADVANCED_FACE ( 'NONE', ( #5601 ), #8818, .T. ) ;
#5180 = EDGE_LOOP ( 'NONE', ( #8043, #7874, #2811, #1362, #7302, #4266, #8422 ) ) ;
#5181 = CARTESIAN_POINT ( 'NONE',  ( -11.50000000000000000, 0.1500000000000109857, 1.750000000000000000 ) ) ;
#5182 = LINE ( 'NONE', #589, #5106 ) ;
#5183 = CARTESIAN_POINT ( 'NONE',  ( -2.780978572425245036E-14, 5.000000000000000000, -2.849999999999920153 ) ) ;
#5184 = CARTESIAN_POINT ( 'NONE',  ( -8.516843969807059267, 4.349999999999999645, -0.9499999999999999556 ) ) ;
#5185 = LINE ( 'NONE', #3558, #5532 ) ;
#5186 = AXIS2_PLACEMENT_3D ( 'NONE', #5216, #3683, #5269 ) ;
#5187 = VERTEX_POINT ( 'NONE', #7142 ) ;
#5188 = VECTOR ( 'NONE', #1537, 1000.000000000000000 ) ;
#5189 = ORIENTED_EDGE ( 'NONE', *, *, #6719, .T. ) ;
#5190 = CARTESIAN_POINT ( 'NONE',  ( -3.819999999999999840, 1.300000000000000044, 0.1499999999999999944 ) ) ;
#5192 = LINE ( 'NONE', #8216, #5030 ) ;
#5191 = AXIS2_PLACEMENT_3D ( 'NONE', #6925, #6776, #4820 ) ;
#5193 = DIRECTION ( 'NONE',  ( 0.000000000000000000, -1.000000000000000000, 0.000000000000000000 ) ) ;
#5194 = ADVANCED_FACE ( 'NONE', ( #362 ), #1188, .F. ) ;
#5195 = LINE ( 'NONE', #3617, #3326 ) ;
#5196 = CARTESIAN_POINT ( 'NONE',  ( 12.14999999999999858, 4.299999999999999822, -2.000000000000000000 ) ) ;
#5197 = VERTEX_POINT ( 'NONE', #3663 ) ;
#5198 = VERTEX_POINT ( 'NONE', #9761 ) ;
#5199 = ADVANCED_FACE ( 'NONE', ( #3569, #6 ), #3011, .T. ) ;
#5200 = EDGE_CURVE ( 'NONE', #5531, #6598, #6689, .T. ) ;
#5201 = FACE_OUTER_BOUND ( 'NONE', #465, .T. ) ;
#5203 = EDGE_CURVE ( 'NONE', #5275, #1156, #8219, .T. ) ;
#5202 = ORIENTED_EDGE ( 'NONE', *, *, #3875, .T. ) ;
#5204 = VECTOR ( 'NONE', #4260, 1000.000000000000000 ) ;
#5205 = ADVANCED_FACE ( 'NONE', ( #2221 ), #3712, .F. ) ;
#5206 = DIRECTION ( 'NONE',  ( 1.000000000000000000, 0.000000000000000000, -4.446310337143589687E-16 ) ) ;
#5207 = EDGE_CURVE ( 'NONE', #7842, #240, #1434, .T. ) ;
#5208 = CARTESIAN_POINT ( 'NONE',  ( -8.595332766854788531, 4.215129277476970415, 1.130953279175730186 ) ) ;
#5209 = CARTESIAN_POINT ( 'NONE',  ( 8.616843969807050030, 0.2000000000000000111, -4.000000000000000000 ) ) ;
#5210 = DIRECTION ( 'NONE',  ( 0.000000000000000000, -1.000000000000000000, 0.000000000000000000 ) ) ;
#5211 = EDGE_CURVE ( 'NONE', #4065, #9548, #4402, .T. ) ;
#5213 = ORIENTED_EDGE ( 'NONE', *, *, #3928, .T. ) ;
#5212 = ORIENTED_EDGE ( 'NONE', *, *, #8392, .F. ) ;
#5214 = DIRECTION ( 'NONE',  ( 0.000000000000000000, 0.000000000000000000, -1.000000000000000000 ) ) ;
#5215 = VECTOR ( 'NONE', #5353, 1000.000000000000227 ) ;
#5216 = CARTESIAN_POINT ( 'NONE',  ( -11.15000000000000036, 4.599999999999999645, -2.600000000000000089 ) ) ;
#5217 = EDGE_CURVE ( 'NONE', #5806, #2774, #6093, .T. ) ;
#5218 = DIRECTION ( 'NONE',  ( -0.000000000000000000, 1.000000000000000000, 0.000000000000000000 ) ) ;
#5219 = ORIENTED_EDGE ( 'NONE', *, *, #8163, .F. ) ;
#5220 = CIRCLE ( 'NONE', #4100, 0.2999999999999999334 ) ;
#5221 = LINE ( 'NONE', #4521, #9635 ) ;
#5222 = AXIS2_PLACEMENT_3D ( 'NONE', #7058, #1655, #3191 ) ;
#5224 = ORIENTED_EDGE ( 'NONE', *, *, #252, .F. ) ;
#5223 = VERTEX_POINT ( 'NONE', #3757 ) ;
#5225 = CARTESIAN_POINT ( 'NONE',  ( 8.766843969807048609, 4.599999999999999645, 2.600000000000000089 ) ) ;
#5226 = AXIS2_PLACEMENT_3D ( 'NONE', #4095, #6379, #4003 ) ;
#5227 = ORIENTED_EDGE ( 'NONE', *, *, #2351, .F. ) ;
#5228 = DIRECTION ( 'NONE',  ( 0.000000000000000000, 0.000000000000000000, -1.000000000000000000 ) ) ;
#5229 = EDGE_CURVE ( 'NONE', #6039, #7842, #4451, .T. ) ;
#5230 = VECTOR ( 'NONE', #7859, 1000.000000000000000 ) ;
#5231 = ORIENTED_EDGE ( 'NONE', *, *, #7121, .T. ) ;
#5232 = VECTOR ( 'NONE', #7965, 1000.000000000000227 ) ;
#5233 = CARTESIAN_POINT ( 'NONE',  ( 7.353719082945159609E-16, 1.600000000000000089, 5.850000000000000533 ) ) ;
#5234 = ORIENTED_EDGE ( 'NONE', *, *, #3137, .T. ) ;
#5235 = AXIS2_PLACEMENT_3D ( 'NONE', #4450, #3711, #3567 ) ;
#5236 = DIRECTION ( 'NONE',  ( 8.631814769834220156E-16, -1.000000000000000000, -1.156482317317883952E-15 ) ) ;
#5237 = DIRECTION ( 'NONE',  ( 0.000000000000000000, -1.000000000000000000, 0.000000000000000000 ) ) ;
#5238 = AXIS2_PLACEMENT_3D ( 'NONE', #6344, #7837, #3224 ) ;
#5239 = SURFACE_STYLE_USAGE ( .BOTH. , #9001 ) ;
#5240 = CARTESIAN_POINT ( 'NONE',  ( 8.291561975888500413, 39.49734969922095473, 3.500000000000000000 ) ) ;
#5241 = CARTESIAN_POINT ( 'NONE',  ( -6.777720855862980009, 5.599999999999999645, 4.250000000000000000 ) ) ;
#5242 = VECTOR ( 'NONE', #8506, 1000.000000000000000 ) ;
#5243 = ORIENTED_EDGE ( 'NONE', *, *, #8579, .F. ) ;
#5244 = VERTEX_POINT ( 'NONE', #9618 ) ;
#5245 = MECHANICAL_DESIGN_GEOMETRIC_PRESENTATION_REPRESENTATION (  '', ( #1443 ), #8561 ) ;
#5246 = ADVANCED_FACE ( 'NONE', ( #4546 ), #2819, .T. ) ;
#5247 = LINE ( 'NONE', #1478, #3274 ) ;
#5248 = CIRCLE ( 'NONE', #6327, 0.05139320225002073222 ) ;
#5249 = DIRECTION ( 'NONE',  ( 0.000000000000000000, -1.000000000000000000, 0.000000000000000000 ) ) ;
#5250 = CARTESIAN_POINT ( 'NONE',  ( 3.140333448402504501, 2.257713872561240009, -1.220617149911500166 ) ) ;
#5251 = DIRECTION ( 'NONE',  ( 0.8191520442889962395, -5.800009312744910621E-16, -0.5735764363510400532 ) ) ;
#5252 = DIRECTION ( 'NONE',  ( 0.000000000000000000, 1.000000000000000000, 0.000000000000000000 ) ) ;
#5253 = ORIENTED_EDGE ( 'NONE', *, *, #9695, .T. ) ;
#5254 = EDGE_LOOP ( 'NONE', ( #6672, #1567, #6099, #7785 ) ) ;
#5255 = ADVANCED_FACE ( 'NONE', ( #652 ), #4509, .F. ) ;
#5256 = LINE ( 'NONE', #6041, #3706 ) ;
#5257 = ORIENTED_EDGE ( 'NONE', *, *, #1938, .T. ) ;
#5258 = AXIS2_PLACEMENT_3D ( 'NONE', #1962, #4981, #9559 ) ;
#5259 = DIRECTION ( 'NONE',  ( 1.000000000000000000, 0.000000000000000000, 0.000000000000000000 ) ) ;
#5260 = AXIS2_PLACEMENT_3D ( 'NONE', #7704, #8492, #3837 ) ;
#5261 = FACE_OUTER_BOUND ( 'NONE', #2660, .T. ) ;
#5262 = AXIS2_PLACEMENT_3D ( 'NONE', #6523, #5090, #2760 ) ;
#5263 = DIRECTION ( 'NONE',  ( 0.000000000000000000, 1.000000000000000000, 0.000000000000000000 ) ) ;
#5264 = CARTESIAN_POINT ( 'NONE',  ( -8.163325866132991493, 1.600000000000000089, -3.789473684210525217 ) ) ;
#5265 = ORIENTED_EDGE ( 'NONE', *, *, #8981, .F. ) ;
#5266 = CARTESIAN_POINT ( 'NONE',  ( 2.154693450658535249E-15, 0.2000000000000000111, -4.250000000000000000 ) ) ;
#5267 = AXIS2_PLACEMENT_3D ( 'NONE', #6622, #5925, #8912 ) ;
#5268 = VECTOR ( 'NONE', #934, 1000.000000000000000 ) ;
#5269 = DIRECTION ( 'NONE',  ( 1.000000000000000000, 0.000000000000000000, 0.000000000000000000 ) ) ;
#5270 = CARTESIAN_POINT ( 'NONE',  ( 8.666843969807040082, -1.647987302177964846E-14, -2.000000000000000000 ) ) ;
#5271 = VERTEX_POINT ( 'NONE', #9067 ) ;
#5272 = PLANE ( 'NONE',  #4715 ) ;
#5273 = EDGE_CURVE ( 'NONE', #7324, #2303, #6731, .T. ) ;
#5275 = VERTEX_POINT ( 'NONE', #2080 ) ;
#5274 = VERTEX_POINT ( 'NONE', #1380 ) ;
#5276 = CARTESIAN_POINT ( 'NONE',  ( -9.866843969807048254, 4.700000000000000178, 0.000000000000000000 ) ) ;
#5277 = DIRECTION ( 'NONE',  ( -1.000000000000000000, 0.000000000000000000, 0.000000000000000000 ) ) ;
#5278 = ORIENTED_EDGE ( 'NONE', *, *, #3871, .T. ) ;
#5279 = ADVANCED_FACE ( 'NONE', ( #7527 ), #24, .T. ) ;
#5280 = DIRECTION ( 'NONE',  ( 0.000000000000000000, -1.000000000000000000, 0.000000000000000000 ) ) ;
#5281 = ORIENTED_EDGE ( 'NONE', *, *, #2757, .F. ) ;
#5282 = LINE ( 'NONE', #5132, #4764 ) ;
#5283 = ORIENTED_EDGE ( 'NONE', *, *, #4816, .T. ) ;
#5284 = LINE ( 'NONE', #1368, #2404 ) ;
#5285 = DIRECTION ( 'NONE',  ( 1.000000000000000000, 0.000000000000000000, 0.000000000000000000 ) ) ;
#5286 = LINE ( 'NONE', #1661, #7612 ) ;
#5287 = DIRECTION ( 'NONE',  ( 0.000000000000000000, 1.000000000000000000, 0.000000000000000000 ) ) ;
#5288 = ADVANCED_FACE ( 'NONE', ( #7384 ), #8130, .F. ) ;
#5289 = EDGE_LOOP ( 'NONE', ( #4604, #3146, #6123, #5459 ) ) ;
#5290 = ORIENTED_EDGE ( 'NONE', *, *, #5927, .F. ) ;
#5291 = CARTESIAN_POINT ( 'NONE',  ( 11.50000000000000000, 0.2500000000000000000, 2.600000000000000089 ) ) ;
#5292 = CARTESIAN_POINT ( 'NONE',  ( -8.616837830676081111, 4.215176990709754712, -1.144723952597443972 ) ) ;
#5293 = LINE ( 'NONE', #8318, #8910 ) ;
#5294 = CARTESIAN_POINT ( 'NONE',  ( -5.970552738231190482, 1.399999999999999911, -1.250000000000000000 ) ) ;
#5295 = DIRECTION ( 'NONE',  ( 0.000000000000000000, -1.000000000000000000, 0.000000000000000000 ) ) ;
#5296 = ORIENTED_EDGE ( 'NONE', *, *, #7790, .F. ) ;
#5297 = ORIENTED_EDGE ( 'NONE', *, *, #4966, .T. ) ;
#5298 = VECTOR ( 'NONE', #311, 1000.000000000000000 ) ;
#5299 = CARTESIAN_POINT ( 'NONE',  ( 0.000000000000000000, 1.399999999999999911, -2.600000000000000089 ) ) ;
#5300 = ORIENTED_EDGE ( 'NONE', *, *, #861, .F. ) ;
#5301 = DIRECTION ( 'NONE',  ( 0.000000000000000000, 1.000000000000000000, 0.000000000000000000 ) ) ;
#5302 = VECTOR ( 'NONE', #6142, 1000.000000000000000 ) ;
#5303 = PLANE ( 'NONE',  #3122 ) ;
#5304 = EDGE_CURVE ( 'NONE', #8939, #3938, #6634, .T. ) ;
#5305 = FACE_OUTER_BOUND ( 'NONE', #4810, .T. ) ;
#5306 = DIRECTION ( 'NONE',  ( 0.000000000000000000, -1.000000000000000000, 0.000000000000000000 ) ) ;
#5307 = LINE ( 'NONE', #5023, #6663 ) ;
#5308 = ORIENTED_EDGE ( 'NONE', *, *, #1463, .T. ) ;
#5309 = CYLINDRICAL_SURFACE ( 'NONE', #2859, 0.8250000000000001776 ) ;
#5310 = DIRECTION ( 'NONE',  ( -1.000000000000000000, 7.279101552726930441E-16, 0.000000000000000000 ) ) ;
#5311 = EDGE_CURVE ( 'NONE', #2569, #7161, #2126, .T. ) ;
#5312 = CARTESIAN_POINT ( 'NONE',  ( 0.000000000000000000, 1.600000000000000089, 0.000000000000000000 ) ) ;
#5313 = ORIENTED_EDGE ( 'NONE', *, *, #5315, .T. ) ;
#5314 = PLANE ( 'NONE',  #4398 ) ;
#5315 = EDGE_CURVE ( 'NONE', #3770, #7753, #6985, .T. ) ;
#5317 = VERTEX_POINT ( 'NONE', #5489 ) ;
#5316 = ORIENTED_EDGE ( 'NONE', *, *, #3815, .T. ) ;
#5318 = LINE ( 'NONE', #178, #8667 ) ;
#5319 = CARTESIAN_POINT ( 'NONE',  ( -8.522871214890152203, 4.215000000002036451, 1.066616476200619612 ) ) ;
#5320 = EDGE_CURVE ( 'NONE', #9640, #9794, #8512, .T. ) ;
#5321 = ORIENTED_EDGE ( 'NONE', *, *, #6272, .T. ) ;
#5322 = CARTESIAN_POINT ( 'NONE',  ( -11.40000000000000036, 1.500000000000000000, 2.100000000000000089 ) ) ;
#5323 = EDGE_CURVE ( 'NONE', #4863, #8312, #847, .T. ) ;
#5324 = VERTEX_POINT ( 'NONE', #7628 ) ;
#5325 = ADVANCED_FACE ( 'NONE', ( #7723 ), #9307, .F. ) ;
#5326 = AXIS2_PLACEMENT_3D ( 'NONE', #2533, #170, #370 ) ;
#5327 = DIRECTION ( 'NONE',  ( 0.000000000000000000, 1.000000000000000000, 0.000000000000000000 ) ) ;
#5328 = ORIENTED_EDGE ( 'NONE', *, *, #5349, .T. ) ;
#5329 = FACE_OUTER_BOUND ( 'NONE', #5063, .T. ) ;
#5330 = EDGE_CURVE ( 'NONE', #7865, #4660, #4648, .T. ) ;
#5331 = CARTESIAN_POINT ( 'NONE',  ( -9.866843969807048254, 5.000000000000000000, 0.000000000000000000 ) ) ;
#5332 = ORIENTED_EDGE ( 'NONE', *, *, #9557, .F. ) ;
#5333 = DIRECTION ( 'NONE',  ( 0.000000000000000000, 1.000000000000000000, 0.000000000000000000 ) ) ;
#5334 = VERTEX_POINT ( 'NONE', #3107 ) ;
#5335 = ORIENTED_EDGE ( 'NONE', *, *, #2526, .T. ) ;
#5336 = VECTOR ( 'NONE', #2345, 1000.000000000000000 ) ;
#5337 = DIRECTION ( 'NONE',  ( 1.000000000000000000, 0.000000000000000000, 0.000000000000000000 ) ) ;
#5338 = DIRECTION ( 'NONE',  ( 0.000000000000000000, 0.000000000000000000, 1.000000000000000000 ) ) ;
#5339 = CARTESIAN_POINT ( 'NONE',  ( -8.527536154845790861, 4.214999999999999858, -1.051660578523601952 ) ) ;
#5340 = DIRECTION ( 'NONE',  ( 0.000000000000000000, -1.000000000000000000, 0.000000000000000000 ) ) ;
#5341 = VECTOR ( 'NONE', #4015, 1000.000000000000000 ) ;
#5342 = CARTESIAN_POINT ( 'NONE',  ( -8.666843969807040082, 4.315000000000000391, 0.9499999999999999556 ) ) ;
#5343 = FACE_BOUND ( 'NONE', #3377, .T. ) ;
#5344 = ORIENTED_EDGE ( 'NONE', *, *, #6719, .F. ) ;
#5345 = VECTOR ( 'NONE', #1430, 1000.000000000000000 ) ;
#5346 = EDGE_LOOP ( 'NONE', ( #8832, #4375, #2494, #2275 ) ) ;
#5347 = CARTESIAN_POINT ( 'NONE',  ( 3.899999999999999911, 1.600000000000000089, -7.250000000000000000 ) ) ;
#5348 = EDGE_LOOP ( 'NONE', ( #2024, #6010, #1469, #9690 ) ) ;
#5349 = EDGE_CURVE ( 'NONE', #8991, #1746, #9162, .T. ) ;
#5350 = AXIS2_PLACEMENT_3D ( 'NONE', #1572, #103, #9158 ) ;
#5351 = DIRECTION ( 'NONE',  ( 1.000000000000000000, 0.000000000000000000, 0.000000000000000000 ) ) ;
#5352 = CARTESIAN_POINT ( 'NONE',  ( 5.518151864528549666, 1.399999999999999911, 2.600000000000000089 ) ) ;
#5353 = DIRECTION ( 'NONE',  ( 0.2588190451025245697, 0.9659258262890672020, 0.000000000000000000 ) ) ;
#5354 = LINE ( 'NONE', #8377, #5778 ) ;
#5355 = DIRECTION ( 'NONE',  ( 0.000000000000000000, 0.000000000000000000, -1.000000000000000000 ) ) ;
#5356 = ORIENTED_EDGE ( 'NONE', *, *, #2743, .T. ) ;
#5357 = AXIS2_PLACEMENT_3D ( 'NONE', #8592, #1984, #1839 ) ;
#5358 = DIRECTION ( 'NONE',  ( 0.000000000000000000, 0.000000000000000000, -1.000000000000000000 ) ) ;
#5359 = EDGE_CURVE ( 'NONE', #9573, #7340, #1576, .T. ) ;
#5360 = EDGE_CURVE ( 'NONE', #1852, #8035, #2542, .T. ) ;
#5361 = CARTESIAN_POINT ( 'NONE',  ( 0.000000000000000000, 1.600000000000000089, 0.000000000000000000 ) ) ;
#5362 = CARTESIAN_POINT ( 'NONE',  ( 0.000000000000000000, 5.000000000000000000, 0.000000000000000000 ) ) ;
#5363 = ORIENTED_EDGE ( 'NONE', *, *, #3178, .T. ) ;
#5364 = DIRECTION ( 'NONE',  ( 1.000000000000000000, 0.000000000000000000, 0.000000000000000000 ) ) ;
#5366 = ORIENTED_EDGE ( 'NONE', *, *, #2910, .T. ) ;
#5365 = EDGE_LOOP ( 'NONE', ( #3855, #1028, #1397, #8945, #3034, #8714, #5006, #8925 ) ) ;
#5367 = CARTESIAN_POINT ( 'NONE',  ( -2.891205793294669945E-15, 1.600000000000000089, 3.500000000000000000 ) ) ;
#5368 = DIRECTION ( 'NONE',  ( 0.000000000000000000, -1.000000000000000000, 0.000000000000000000 ) ) ;
#5369 = VERTEX_POINT ( 'NONE', #3900 ) ;
#5370 = LINE ( 'NONE', #1556, #1612 ) ;
#5371 = EDGE_CURVE ( 'NONE', #8989, #5427, #3334, .T. ) ;
#5372 = AXIS2_PLACEMENT_3D ( 'NONE', #8662, #7915, #7179 ) ;
#5373 = DIRECTION ( 'NONE',  ( 1.000000000000000000, 0.000000000000000000, 0.000000000000000000 ) ) ;
#5374 = ORIENTED_EDGE ( 'NONE', *, *, #8415, .F. ) ;
#5375 = DIRECTION ( 'NONE',  ( 1.000000000000000000, -7.279101552726930441E-16, 8.257015431095450418E-63 ) ) ;
#5376 = LINE ( 'NONE', #6966, #5413 ) ;
#5377 = ADVANCED_FACE ( 'NONE', ( #2318, #153, #5343, #6182, #8468, #1672 ), #6277, .F. ) ;
#5378 = ORIENTED_EDGE ( 'NONE', *, *, #3435, .F. ) ;
#5379 = AXIS2_PLACEMENT_3D ( 'NONE', #5209, #5263, #753 ) ;
#5380 =( NAMED_UNIT ( * ) SI_UNIT ( $, .STERADIAN. ) SOLID_ANGLE_UNIT ( ) );
#5381 = DIRECTION ( 'NONE',  ( 0.000000000000000000, 0.000000000000000000, -1.000000000000000000 ) ) ;
#5382 = VECTOR ( 'NONE', #4085, 1000.000000000000000 ) ;
#5383 = ORIENTED_EDGE ( 'NONE', *, *, #598, .T. ) ;
#5384 = AXIS2_PLACEMENT_3D ( 'NONE', #674, #3684, #2929 ) ;
#5385 = EDGE_LOOP ( 'NONE', ( #604, #5290, #596, #7385, #5857, #6723, #819, #4523, #9164, #2801, #5189, #4158, #2052, #992, #4424, #3548, #9540, #822 ) ) ;
#5386 = CIRCLE ( 'NONE', #6486, 0.2500000000000002220 ) ;
#5387 = DIRECTION ( 'NONE',  ( 0.000000000000000000, -1.000000000000000000, 0.000000000000000000 ) ) ;
#5388 = CARTESIAN_POINT ( 'NONE',  ( -8.498759174235939184, 1.899999999999999911, -1.007357643635101940 ) ) ;
#5389 = AXIS2_PLACEMENT_3D ( 'NONE', #4220, #8039, #6648 ) ;
#5390 = CARTESIAN_POINT ( 'NONE',  ( 0.000000000000000000, 4.599999999999999645, 2.600000000000000089 ) ) ;
#5391 = FACE_OUTER_BOUND ( 'NONE', #6260, .T. ) ;
#5392 = CARTESIAN_POINT ( 'NONE',  ( -11.44999999999999929, 0.2000000000000000111, 2.600000000000000089 ) ) ;
#5393 = CARTESIAN_POINT ( 'NONE',  ( -8.654511920304230443, 4.213893679546126592, 1.030443780245166030 ) ) ;
#5394 = VECTOR ( 'NONE', #5593, 1000.000000000000000 ) ;
#5395 = DIRECTION ( 'NONE',  ( 0.000000000000000000, 0.000000000000000000, 1.000000000000000000 ) ) ;
#5396 = ORIENTED_EDGE ( 'NONE', *, *, #1182, .F. ) ;
#5397 = ORIENTED_EDGE ( 'NONE', *, *, #3263, .F. ) ;
#5398 = CIRCLE ( 'NONE', #3658, 0.8250000000000001776 ) ;
#5399 = VECTOR ( 'NONE', #4361, 1000.000000000000000 ) ;
#5400 = CARTESIAN_POINT ( 'NONE',  ( -11.40000000000000036, 4.349999999999999645, -2.100000000000000089 ) ) ;
#5401 = EDGE_LOOP ( 'NONE', ( #5617, #5464, #6299, #5887 ) ) ;
#5402 = ADVANCED_FACE ( 'NONE', ( #3807 ), #3211, .F. ) ;
#5403 = AXIS2_PLACEMENT_3D ( 'NONE', #1909, #1173, #7216 ) ;
#5404 = LINE ( 'NONE', #8431, #1530 ) ;
#5405 = FACE_OUTER_BOUND ( 'NONE', #1317, .T. ) ;
#5406 = PLANE ( 'NONE',  #9177 ) ;
#5407 = CARTESIAN_POINT ( 'NONE',  ( -5.266843969807050385, 1.399999999999999911, 1.250000000000000000 ) ) ;
#5408 = CARTESIAN_POINT ( 'NONE',  ( -3.381937314617169843, 1.300000000000000044, 7.250000000000000000 ) ) ;
#5409 = ORIENTED_EDGE ( 'NONE', *, *, #6101, .F. ) ;
#5410 = CARTESIAN_POINT ( 'NONE',  ( 3.022298891394029852, 2.134049709729115119, -1.663081858315279993 ) ) ;
#5411 = VECTOR ( 'NONE', #8463, 1000.000000000000000 ) ;
#5412 = AXIS2_PLACEMENT_3D ( 'NONE', #1753, #3286, #9335 ) ;
#5413 = VECTOR ( 'NONE', #8353, 1000.000000000000000 ) ;
#5414 = CARTESIAN_POINT ( 'NONE',  ( -8.666843969807048964, 1.600000000000000089, -2.600000000000000089 ) ) ;
#5415 = LINE ( 'NONE', #2486, #7739 ) ;
#5416 = ORIENTED_EDGE ( 'NONE', *, *, #6417, .T. ) ;
#5417 = DIRECTION ( 'NONE',  ( 0.000000000000000000, 0.000000000000000000, -1.000000000000000000 ) ) ;
#5418 = AXIS2_PLACEMENT_3D ( 'NONE', #3388, #5768, #1165 ) ;
#5420 = ORIENTED_EDGE ( 'NONE', *, *, #4163, .T. ) ;
#5419 = EDGE_LOOP ( 'NONE', ( #6395, #1641 ) ) ;
#5421 = DIRECTION ( 'NONE',  ( 0.000000000000000000, 0.000000000000000000, -1.000000000000000000 ) ) ;
#5422 = CIRCLE ( 'NONE', #6209, 9.000000000000000000 ) ;
#5423 = CARTESIAN_POINT ( 'NONE',  ( -8.567542662695840860, 4.215059062013084556, 1.113157402208897917 ) ) ;
#5424 = ORIENTED_EDGE ( 'NONE', *, *, #295, .T. ) ;
#5425 = CARTESIAN_POINT ( 'NONE',  ( -2.399999999999999911, 1.399999999999999911, 2.500000000000000000 ) ) ;
#5426 = LINE ( 'NONE', #3884, #332 ) ;
#5427 = VERTEX_POINT ( 'NONE', #4741 ) ;
#5428 = PRODUCT_DEFINITION ( 'UNKNOWN', '', #7411, #4474 ) ;
#5429 = PLANE ( 'NONE',  #7949 ) ;
#5430 = FACE_OUTER_BOUND ( 'NONE', #1819, .T. ) ;
#5431 = EDGE_CURVE ( 'NONE', #4985, #2343, #6018, .T. ) ;
#5432 = ORIENTED_EDGE ( 'NONE', *, *, #9756, .F. ) ;
#5433 = FACE_OUTER_BOUND ( 'NONE', #4129, .T. ) ;
#5434 =( BOUNDED_CURVE ( )  B_SPLINE_CURVE ( 3, ( #122, #6744, #9778, #6002 ),
 .UNSPECIFIED., .F., .F. ) 
 B_SPLINE_CURVE_WITH_KNOTS ( ( 4, 4 ),
 ( 4.271853850566539990, 4.712388980384700332 ),
 .UNSPECIFIED. ) 
 CURVE ( )  GEOMETRIC_REPRESENTATION_ITEM ( )  RATIONAL_B_SPLINE_CURVE ( ( 1.000000000000000000, 0.9838926825395449827, 0.9838926825395449827, 1.000000000000000000 ) ) 
 REPRESENTATION_ITEM ( '' )  );
#5435 = CARTESIAN_POINT ( 'NONE',  ( -2.399999999999999911, -7.269011204192789677, 2.500000000000000000 ) ) ;
#5436 = ORIENTED_EDGE ( 'NONE', *, *, #5126, .F. ) ;
#5437 = EDGE_LOOP ( 'NONE', ( #9718, #5775, #3775, #2925 ) ) ;
#5438 = FACE_OUTER_BOUND ( 'NONE', #4445, .T. ) ;
#5439 = LINE ( 'NONE', #6875, #9039 ) ;
#5440 = UNCERTAINTY_MEASURE_WITH_UNIT (LENGTH_MEASURE( 1.000000000000000082E-05 ), #2039, 'distance_accuracy_value', 'NONE');
#5441 = CARTESIAN_POINT ( 'NONE',  ( 2.537033083616004960E-14, 1.600000000000000089, 2.599999999999914824 ) ) ;
#5442 = LINE ( 'NONE', #56, #4864 ) ;
#5443 = CARTESIAN_POINT ( 'NONE',  ( 11.25000000000000000, 0.2000000000000000111, -2.600000000000000089 ) ) ;
#5444 = LINE ( 'NONE', #7672, #3649 ) ;
#5445 = DIRECTION ( 'NONE',  ( 2.102695122396129226E-15, 0.000000000000000000, 1.000000000000000000 ) ) ;
#5446 = EDGE_LOOP ( 'NONE', ( #6628, #9649, #4406, #4285, #8956, #5416 ) ) ;
#5447 = ORIENTED_EDGE ( 'NONE', *, *, #2337, .T. ) ;
#5448 = EDGE_CURVE ( 'NONE', #3600, #8514, #251, .T. ) ;
#5449 = CARTESIAN_POINT ( 'NONE',  ( -3.899999999999999911, 1.300000000000000044, -7.250000000000000000 ) ) ;
#5451 = EDGE_CURVE ( 'NONE', #3281, #39, #1433, .T. ) ;
#5450 = ORIENTED_EDGE ( 'NONE', *, *, #5921, .T. ) ;
#5452 = DIRECTION ( 'NONE',  ( 1.000000000000000000, 0.000000000000000000, 0.000000000000000000 ) ) ;
#5453 = DIRECTION ( 'NONE',  ( 6.337024238047270084E-16, 1.000000000000000000, -1.061799116633951967E-16 ) ) ;
#5454 = EDGE_CURVE ( 'NONE', #8178, #5123, #6832, .T. ) ;
#5455 = CYLINDRICAL_SURFACE ( 'NONE', #8231, 0.2500000000000002220 ) ;
#5456 = DIRECTION ( 'NONE',  ( 0.000000000000000000, 0.000000000000000000, -1.000000000000000000 ) ) ;
#5457 = EDGE_CURVE ( 'NONE', #3223, #1408, #3062, .T. ) ;
#5458 = DIRECTION ( 'NONE',  ( -1.000000000000000000, 0.000000000000000000, 0.000000000000000000 ) ) ;
#5459 = ORIENTED_EDGE ( 'NONE', *, *, #3082, .T. ) ;
#5460 = FACE_OUTER_BOUND ( 'NONE', #4611, .T. ) ;
#5461 = AXIS2_PLACEMENT_3D ( 'NONE', #2924, #5210, #1447 ) ;
#5462 = DIRECTION ( 'NONE',  ( -7.080503983578760436E-16, -1.000000000000000000, 0.000000000000000000 ) ) ;
#5463 = CARTESIAN_POINT ( 'NONE',  ( 10.49184396980704115, 4.450000000000000178, 7.654042494670961551E-17 ) ) ;
#5464 = ORIENTED_EDGE ( 'NONE', *, *, #3032, .F. ) ;
#5465 = DIRECTION ( 'NONE',  ( 0.000000000000000000, 1.000000000000000000, 0.000000000000000000 ) ) ;
#5467 = ORIENTED_EDGE ( 'NONE', *, *, #8049, .F. ) ;
#5466 = VERTEX_POINT ( 'NONE', #4939 ) ;
#5468 = CARTESIAN_POINT ( 'NONE',  ( 7.741843969807069570, 0.2000000000000000111, 2.000000000000000000 ) ) ;
#5469 = CARTESIAN_POINT ( 'NONE',  ( -8.468900674862208433, 4.214999999999999858, 1.050000000000000044 ) ) ;
#5470 = EDGE_CURVE ( 'NONE', #4065, #851, #1178, .T. ) ;
#5471 = VERTEX_POINT ( 'NONE', #1867 ) ;
#5472 = CARTESIAN_POINT ( 'NONE',  ( -1.619600095481739913E-15, 4.450000000000000178, -2.600000000000000089 ) ) ;
#5473 = ORIENTED_EDGE ( 'NONE', *, *, #7639, .T. ) ;
#5474 = DIRECTION ( 'NONE',  ( -1.000000000000000000, 0.000000000000000000, 2.168404344971021884E-15 ) ) ;
#5475 = PLANE ( 'NONE',  #8626 ) ;
#5476 = ORIENTED_EDGE ( 'NONE', *, *, #8631, .F. ) ;
#5477 = FACE_OUTER_BOUND ( 'NONE', #5771, .T. ) ;
#5478 = CARTESIAN_POINT ( 'NONE',  ( -4.649999999999999467, 5.599999999999999645, -5.899999999999999467 ) ) ;
#5479 = EDGE_LOOP ( 'NONE', ( #6809, #1862, #500, #7405 ) ) ;
#5480 = EDGE_LOOP ( 'NONE', ( #6235, #5785, #3786, #9460, #8295, #6973, #5898, #2978 ) ) ;
#5481 = CIRCLE ( 'NONE', #4844, 7.649999999999999467 ) ;
#5482 = EDGE_CURVE ( 'NONE', #9276, #6598, #4096, .T. ) ;
#5483 = DIRECTION ( 'NONE',  ( 0.000000000000000000, -1.000000000000000000, 0.000000000000000000 ) ) ;
#5484 = DIRECTION ( 'NONE',  ( -0.3231438532915100192, 0.9463498560679951543, 0.000000000000000000 ) ) ;
#5485 = EDGE_CURVE ( 'NONE', #7399, #2702, #4793, .T. ) ;
#5486 = LINE ( 'NONE', #3942, #7001 ) ;
#5487 = LINE ( 'NONE', #3156, #9222 ) ;
#5488 = CARTESIAN_POINT ( 'NONE',  ( -7.933315826311220675, 5.599999999999999645, -4.250000000000000000 ) ) ;
#5489 = CARTESIAN_POINT ( 'NONE',  ( -8.666843969807059622, 4.349999999999999645, -0.9499999999999999556 ) ) ;
#5490 = AXIS2_PLACEMENT_3D ( 'NONE', #8126, #7379, #5938 ) ;
#5491 = ORIENTED_EDGE ( 'NONE', *, *, #9396, .T. ) ;
#5492 = DIRECTION ( 'NONE',  ( 0.000000000000000000, 1.000000000000000000, 0.000000000000000000 ) ) ;
#5493 = ORIENTED_EDGE ( 'NONE', *, *, #4802, .T. ) ;
#5494 = AXIS2_PLACEMENT_3D ( 'NONE', #7153, #9430, #2886 ) ;
#5495 = ADVANCED_FACE ( 'NONE', ( #4047 ), #8709, .T. ) ;
#5496 = DIRECTION ( 'NONE',  ( 0.000000000000000000, 0.000000000000000000, 1.000000000000000000 ) ) ;
#5498 = CIRCLE ( 'NONE', #5042, 3.000000000000000000 ) ;
#5497 = CARTESIAN_POINT ( 'NONE',  ( -6.849429577842319539, 4.849741341115470175E-15, 3.832310858622455019 ) ) ;
#5499 = EDGE_CURVE ( 'NONE', #1387, #6326, #3360, .T. ) ;
#5500 = ADVANCED_FACE ( 'NONE', ( #8012 ), #7128, .F. ) ;
#5501 = CARTESIAN_POINT ( 'NONE',  ( -8.816843969807040438, 4.599999999999999645, -1.199999999999999956 ) ) ;
#5502 = CARTESIAN_POINT ( 'NONE',  ( -3.899999999999999911, 5.000000000000000000, -6.984983894040130536 ) ) ;
#5503 = CARTESIAN_POINT ( 'NONE',  ( -8.398879921041238816, 4.315000000000000391, 1.149999999999999911 ) ) ;
#5505 = EDGE_CURVE ( 'NONE', #5836, #6951, #2762, .T. ) ;
#5504 = ORIENTED_EDGE ( 'NONE', *, *, #8293, .F. ) ;
#5506 = CARTESIAN_POINT ( 'NONE',  ( -8.766843969807039727, 4.599999999999999645, -0.9499999999999999556 ) ) ;
#5507 = EDGE_CURVE ( 'NONE', #8966, #6402, #3168, .T. ) ;
#5508 = VECTOR ( 'NONE', #6284, 1000.000000000000114 ) ;
#5509 = EDGE_CURVE ( 'NONE', #8754, #8195, #1916, .T. ) ;
#5510 = DIRECTION ( 'NONE',  ( 0.5735764363510417185, -2.436726145482274414E-15, 0.8191520442889946851 ) ) ;
#5511 = DIRECTION ( 'NONE',  ( -1.000000000000000000, 0.000000000000000000, 1.819572328111074956E-16 ) ) ;
#5512 = EDGE_LOOP ( 'NONE', ( #2706, #387, #9598, #1994, #8089, #1907, #6372, #7969 ) ) ;
#5513 = CARTESIAN_POINT ( 'NONE',  ( -8.498759174235939184, 4.224547639922179521, 1.007357643635103939 ) ) ;
#5514 = VECTOR ( 'NONE', #3081, 1000.000000000000114 ) ;
#5516 = ORIENTED_EDGE ( 'NONE', *, *, #6960, .F. ) ;
#5515 = ORIENTED_EDGE ( 'NONE', *, *, #6904, .F. ) ;
#5517 = CARTESIAN_POINT ( 'NONE',  ( -5.332682251925390027, 5.599999999999999645, 7.250000000000000000 ) ) ;
#5518 = LINE ( 'NONE', #3284, #6808 ) ;
#5519 = ORIENTED_EDGE ( 'NONE', *, *, #8597, .F. ) ;
#5520 = CARTESIAN_POINT ( 'NONE',  ( -8.516843969807039727, -4.336808689942020103E-15, -0.9499999999999999556 ) ) ;
#5521 = ADVANCED_FACE ( 'NONE', ( #2658 ), #445, .T. ) ;
#5522 = AXIS2_PLACEMENT_3D ( 'NONE', #6737, #7394, #2178 ) ;
#5523 = DIRECTION ( 'NONE',  ( -1.000000000000000000, 1.269309860470833935E-15, 0.000000000000000000 ) ) ;
#5524 = VERTEX_POINT ( 'NONE', #9410 ) ;
#5525 = LINE ( 'NONE', #188, #3681 ) ;
#5526 = PLANE ( 'NONE',  #1344 ) ;
#5527 = ORIENTED_EDGE ( 'NONE', *, *, #8680, .F. ) ;
#5528 = CARTESIAN_POINT ( 'NONE',  ( -11.40000000000000036, 4.349999999999999645, -2.100000000000000089 ) ) ;
#5529 = ADVANCED_FACE ( 'NONE', ( #2613, #9512 ), #8660, .F. ) ;
#5530 = DIRECTION ( 'NONE',  ( 7.676697801288240292E-31, 1.807003620809144803E-16, -1.000000000000000000 ) ) ;
#5531 = VERTEX_POINT ( 'NONE', #5737 ) ;
#5532 = VECTOR ( 'NONE', #3746, 1000.000000000000000 ) ;
#5533 = VERTEX_POINT ( 'NONE', #4146 ) ;
#5534 = EDGE_CURVE ( 'NONE', #4221, #858, #8766, .T. ) ;
#5535 = DIRECTION ( 'NONE',  ( -1.269309860470833935E-15, -1.000000000000000000, 0.000000000000000000 ) ) ;
#5536 = FACE_OUTER_BOUND ( 'NONE', #7958, .T. ) ;
#5537 = ORIENTED_EDGE ( 'NONE', *, *, #2242, .F. ) ;
#5538 = CIRCLE ( 'NONE', #4737, 0.6250000000000000000 ) ;
#5539 = CARTESIAN_POINT ( 'NONE',  ( 3.010923925851245020, 1.774750959416705021, -1.220617149911500166 ) ) ;
#5540 = CARTESIAN_POINT ( 'NONE',  ( -3.520000000000000018, 1.300000000000000044, 0.8750000000000000000 ) ) ;
#5541 = VECTOR ( 'NONE', #1361, 1000.000000000000000 ) ;
#5542 = CARTESIAN_POINT ( 'NONE',  ( -6.360817557515700216, 5.250000000000000000, -4.250000000000000000 ) ) ;
#5543 = CARTESIAN_POINT ( 'NONE',  ( 7.266843969807050385, 0.1685063394027645212, 2.000000000000000000 ) ) ;
#5544 = ORIENTED_EDGE ( 'NONE', *, *, #2767, .F. ) ;
#5545 = TOROIDAL_SURFACE ( 'NONE', #514, 0.3250000000000000111, 0.2999999999999999889 ) ;
#5546 = DIRECTION ( 'NONE',  ( -1.000000000000000000, 0.000000000000000000, 0.000000000000000000 ) ) ;
#5547 = EDGE_CURVE ( 'NONE', #7161, #6998, #4597, .T. ) ;
#5548 = ADVANCED_FACE ( 'NONE', ( #495 ), #9562, .T. ) ;
#5549 = ORIENTED_EDGE ( 'NONE', *, *, #5470, .F. ) ;
#5550 = CIRCLE ( 'NONE', #3003, 0.05139320225002073222 ) ;
#5551 = AXIS2_PLACEMENT_3D ( 'NONE', #4813, #7353, #3632 ) ;
#5552 = CARTESIAN_POINT ( 'NONE',  ( -8.398879921041249474, 5.946830273853219874E-15, -1.149999999999999911 ) ) ;
#5553 = AXIS2_PLACEMENT_3D ( 'NONE', #6929, #1724, #5445 ) ;
#5554 = CARTESIAN_POINT ( 'NONE',  ( -8.516843969807039727, 4.349999999999999645, 2.600000000000000089 ) ) ;
#5555 = VECTOR ( 'NONE', #4782, 1000.000000000000000 ) ;
#5556 = CARTESIAN_POINT ( 'NONE',  ( 0.000000000000000000, 1.399999999999999911, 2.600000000000000089 ) ) ;
#5557 = CARTESIAN_POINT ( 'NONE',  ( -8.516843969807039727, 1.899999999999999911, -0.9815298788878981107 ) ) ;
#5558 = EDGE_CURVE ( 'NONE', #7205, #2647, #1823, .T. ) ;
#5559 = AXIS2_PLACEMENT_3D ( 'NONE', #9776, #8237, #1542 ) ;
#5560 = FACE_OUTER_BOUND ( 'NONE', #6757, .T. ) ;
#5561 = FACE_OUTER_BOUND ( 'NONE', #9005, .T. ) ;
#5562 = VECTOR ( 'NONE', #4534, 1000.000000000000000 ) ;
#5563 = FACE_OUTER_BOUND ( 'NONE', #3439, .T. ) ;
#5564 = FACE_OUTER_BOUND ( 'NONE', #5289, .T. ) ;
#5565 = ORIENTED_EDGE ( 'NONE', *, *, #1855, .T. ) ;
#5566 = CARTESIAN_POINT ( 'NONE',  ( 8.666843969807048964, 4.349999999999999645, 2.000000000000000000 ) ) ;
#5568 = VERTEX_POINT ( 'NONE', #2568 ) ;
#5567 = ORIENTED_EDGE ( 'NONE', *, *, #5360, .T. ) ;
#5569 = DIRECTION ( 'NONE',  ( 0.000000000000000000, -1.000000000000000000, 0.000000000000000000 ) ) ;
#5570 = CARTESIAN_POINT ( 'NONE',  ( -11.44999999999999929, 0.2000000000000000111, 2.600000000000000089 ) ) ;
#5571 = EDGE_LOOP ( 'NONE', ( #6530, #8063, #2729, #6990 ) ) ;
#5572 = CARTESIAN_POINT ( 'NONE',  ( 12.14999999999999858, 1.600000000000000089, 2.000000000000000000 ) ) ;
#5573 = EDGE_CURVE ( 'NONE', #2885, #9184, #8953, .T. ) ;
#5574 = ORIENTED_EDGE ( 'NONE', *, *, #1425, .T. ) ;
#5575 = AXIS2_PLACEMENT_3D ( 'NONE', #2466, #7821, #1772 ) ;
#5576 = CARTESIAN_POINT ( 'NONE',  ( -6.892847126266079982, 1.899999999999999911, 3.384271388083254894 ) ) ;
#5577 = DIRECTION ( 'NONE',  ( -2.244797829168379883E-16, 0.000000000000000000, -1.000000000000000000 ) ) ;
#5578 = VECTOR ( 'NONE', #8706, 1000.000000000000000 ) ;
#5579 = EDGE_CURVE ( 'NONE', #5471, #1250, #9655, .T. ) ;
#5580 = ORIENTED_EDGE ( 'NONE', *, *, #2241, .T. ) ;
#5581 = LINE ( 'NONE', #4824, #344 ) ;
#5582 = EDGE_CURVE ( 'NONE', #8605, #5594, #9351, .T. ) ;
#5583 = CARTESIAN_POINT ( 'NONE',  ( -9.866843969807048254, 4.349999999999999645, 0.000000000000000000 ) ) ;
#5584 = ORIENTED_EDGE ( 'NONE', *, *, #8094, .F. ) ;
#5585 = EDGE_LOOP ( 'NONE', ( #6351, #5708, #8421, #3120 ) ) ;
#5586 = CARTESIAN_POINT ( 'NONE',  ( 4.869548233666040282, 0.2000000000000000111, -5.899999999999999467 ) ) ;
#5587 = PLANE ( 'NONE',  #1756 ) ;
#5588 = ORIENTED_EDGE ( 'NONE', *, *, #2787, .T. ) ;
#5589 = PLANE ( 'NONE',  #1923 ) ;
#5590 = CARTESIAN_POINT ( 'NONE',  ( -11.25000000000000000, 1.427973593029687866E-14, -1.750000000000000000 ) ) ;
#5591 = EDGE_CURVE ( 'NONE', #4670, #3813, #8062, .T. ) ;
#5592 = DIRECTION ( 'NONE',  ( 0.000000000000000000, 1.000000000000000000, 0.000000000000000000 ) ) ;
#5593 = DIRECTION ( 'NONE',  ( 0.000000000000000000, 1.000000000000000000, 0.000000000000000000 ) ) ;
#5594 = VERTEX_POINT ( 'NONE', #1325 ) ;
#5595 = CARTESIAN_POINT ( 'NONE',  ( 8.466843969807049675, 1.600000000000000089, -2.599999999999914824 ) ) ;
#5596 = ORIENTED_EDGE ( 'NONE', *, *, #852, .F. ) ;
#5597 = DIRECTION ( 'NONE',  ( 1.000000000000000000, -1.387778780781444492E-15, 0.000000000000000000 ) ) ;
#5598 = DIRECTION ( 'NONE',  ( -1.000000000000000000, 0.000000000000000000, 0.000000000000000000 ) ) ;
#5599 = LINE ( 'NONE', #6386, #32 ) ;
#5600 = CARTESIAN_POINT ( 'NONE',  ( -2.795000000000000373, 1.300000000000000044, 0.1499999999999999944 ) ) ;
#5601 = FACE_OUTER_BOUND ( 'NONE', #911, .T. ) ;
#5602 = DIRECTION ( 'NONE',  ( -1.000000000000000000, 0.000000000000000000, 0.000000000000000000 ) ) ;
#5603 = DIRECTION ( 'NONE',  ( 4.248302390147255473E-15, 1.000000000000000000, 0.000000000000000000 ) ) ;
#5604 = CIRCLE ( 'NONE', #2123, 0.2500000000000002220 ) ;
#5605 = ADVANCED_FACE ( 'NONE', ( #4345 ), #8120, .F. ) ;
#5606 = PLANE ( 'NONE',  #5979 ) ;
#5607 = CYLINDRICAL_SURFACE ( 'NONE', #1405, 0.5000000000000000000 ) ;
#5608 = ORIENTED_EDGE ( 'NONE', *, *, #6389, .F. ) ;
#5609 = CARTESIAN_POINT ( 'NONE',  ( -8.612863635509281579, 4.216087935759305516, -1.105916604050357854 ) ) ;
#5611 = ORIENTED_EDGE ( 'NONE', *, *, #1210, .T. ) ;
#5610 = ORIENTED_EDGE ( 'NONE', *, *, #1968, .F. ) ;
#5612 = DIRECTION ( 'NONE',  ( 0.000000000000000000, 0.000000000000000000, 1.000000000000000000 ) ) ;
#5613 = CARTESIAN_POINT ( 'NONE',  ( -6.713483409786819678, 1.899999999999999911, 3.768918119361345020 ) ) ;
#5614 = VECTOR ( 'NONE', #8604, 1000.000000000000000 ) ;
#5615 = VERTEX_POINT ( 'NONE', #7374 ) ;
#5616 = CARTESIAN_POINT ( 'NONE',  ( -3.449999999999999734, -7.269011204192789677, 4.100000000000000533 ) ) ;
#5617 = ORIENTED_EDGE ( 'NONE', *, *, #4174, .F. ) ;
#5618 = EDGE_CURVE ( 'NONE', #336, #2506, #546, .T. ) ;
#5619 = LINE ( 'NONE', #472, #7165 ) ;
#5621 = VECTOR ( 'NONE', #1143, 1000.000000000000114 ) ;
#5620 = LINE ( 'NONE', #2641, #8519 ) ;
#5622 = EDGE_CURVE ( 'NONE', #6550, #6326, #343, .T. ) ;
#5624 = VERTEX_POINT ( 'NONE', #5184 ) ;
#5623 = ORIENTED_EDGE ( 'NONE', *, *, #9399, .F. ) ;
#5625 = CARTESIAN_POINT ( 'NONE',  ( -8.666843969807048964, 1.600000000000000089, 2.600000000000000089 ) ) ;
#5626 = EDGE_CURVE ( 'NONE', #3308, #7495, #8165, .T. ) ;
#5627 = LINE ( 'NONE', #7065, #2054 ) ;
#5628 = EDGE_CURVE ( 'NONE', #8195, #9198, #9606, .T. ) ;
#5629 = VERTEX_POINT ( 'NONE', #4491 ) ;
#5630 = ORIENTED_EDGE ( 'NONE', *, *, #2835, .T. ) ;
#5631 = ADVANCED_FACE ( 'NONE', ( #2808 ), #9708, .F. ) ;
#5632 = DIRECTION ( 'NONE',  ( -1.000000000000000000, 0.000000000000000000, 1.150581897331554044E-15 ) ) ;
#5633 = CARTESIAN_POINT ( 'NONE',  ( 8.466843969807069215, 0.2000000000000000111, 2.000000000000000000 ) ) ;
#5634 = ORIENTED_EDGE ( 'NONE', *, *, #3516, .T. ) ;
#5635 = CARTESIAN_POINT ( 'NONE',  ( 3.140333448402509831, 2.257713872561235124, 1.220617149911503940 ) ) ;
#5636 = PLANE ( 'NONE',  #6048 ) ;
#5637 = LINE ( 'NONE', #8568, #3957 ) ;
#5638 = CARTESIAN_POINT ( 'NONE',  ( -4.545000000000000817, -7.269011204192789677, 0.1499999999999999944 ) ) ;
#5639 = VERTEX_POINT ( 'NONE', #4390 ) ;
#5640 = EDGE_LOOP ( 'NONE', ( #5527, #1601, #7764, #4537 ) ) ;
#5641 = VERTEX_POINT ( 'NONE', #2906 ) ;
#5642 = PLANE ( 'NONE',  #8971 ) ;
#5643 = VECTOR ( 'NONE', #8084, 1000.000000000000000 ) ;
#5644 = DIRECTION ( 'NONE',  ( 1.000000000000000000, 0.000000000000000000, 0.000000000000000000 ) ) ;
#5645 = CARTESIAN_POINT ( 'NONE',  ( -8.666843969807048964, -7.269011204192789677, -1.250000000000000000 ) ) ;
#5646 = DIRECTION ( 'NONE',  ( 0.2588190451025246253, 0.9659258262890674240, 0.000000000000000000 ) ) ;
#5647 = DIRECTION ( 'NONE',  ( 0.000000000000000000, 0.000000000000000000, 1.000000000000000000 ) ) ;
#5648 = ORIENTED_EDGE ( 'NONE', *, *, #9269, .F. ) ;
#5649 = DIRECTION ( 'NONE',  ( 0.000000000000000000, -0.7071067811865425767, -0.7071067811865525687 ) ) ;
#5650 = EDGE_CURVE ( 'NONE', #435, #4065, #8860, .T. ) ;
#5651 = DIRECTION ( 'NONE',  ( -0.8191520442889962395, 5.800009312744910621E-16, -0.5735764363510400532 ) ) ;
#5652 = CARTESIAN_POINT ( 'NONE',  ( 12.14999999999999858, 4.299999999999999822, 2.000000000000000000 ) ) ;
#5653 = VECTOR ( 'NONE', #3186, 1000.000000000000000 ) ;
#5654 = DIRECTION ( 'NONE',  ( 0.000000000000000000, 0.7071067811865425767, -0.7071067811865525687 ) ) ;
#5655 = VERTEX_POINT ( 'NONE', #5930 ) ;
#5656 = CARTESIAN_POINT ( 'NONE',  ( -3.899999999999999911, -7.269011204192789677, -5.485000000000000320 ) ) ;
#5658 = EDGE_LOOP ( 'NONE', ( #275, #6712, #8304, #1056 ) ) ;
#5657 = ORIENTED_EDGE ( 'NONE', *, *, #7428, .F. ) ;
#5659 = VECTOR ( 'NONE', #3585, 1000.000000000000000 ) ;
#5660 = LINE ( 'NONE', #1749, #4853 ) ;
#5661 = CIRCLE ( 'NONE', #8824, 6.100000000000000533 ) ;
#5662 = CARTESIAN_POINT ( 'NONE',  ( 2.990069434805145310, 1.780338903451070154, -0.7711353759932728646 ) ) ;
#5663 = ORIENTED_EDGE ( 'NONE', *, *, #6210, .T. ) ;
#5664 = EDGE_CURVE ( 'NONE', #7865, #4403, #3703, .T. ) ;
#5665 = AXIS2_PLACEMENT_3D ( 'NONE', #2191, #2932, #7500 ) ;
#5666 = DIRECTION ( 'NONE',  ( -1.000000000000000000, 0.000000000000000000, 0.000000000000000000 ) ) ;
#5667 = ORIENTED_EDGE ( 'NONE', *, *, #9456, .T. ) ;
#5668 = LINE ( 'NONE', #8795, #213 ) ;
#5669 = DIRECTION ( 'NONE',  ( 0.000000000000000000, -1.000000000000000000, 0.000000000000000000 ) ) ;
#5671 = EDGE_LOOP ( 'NONE', ( #532, #9334, #2628, #2648, #2446, #6449, #6733, #547, #837, #384, #2333 ) ) ;
#5670 = VERTEX_POINT ( 'NONE', #3745 ) ;
#5672 = DIRECTION ( 'NONE',  ( 1.000000000000000000, 0.000000000000000000, 0.000000000000000000 ) ) ;
#5673 = ADVANCED_FACE ( 'NONE', ( #6763 ), #7469, .F. ) ;
#5674 = CARTESIAN_POINT ( 'NONE',  ( -9.266843969807039727, 3.100000000000000089, 0.9499999999999999556 ) ) ;
#5675 = ORIENTED_EDGE ( 'NONE', *, *, #3890, .T. ) ;
#5676 = VECTOR ( 'NONE', #4016, 1000.000000000000000 ) ;
#5677 = VERTEX_POINT ( 'NONE', #2947 ) ;
#5678 = FACE_OUTER_BOUND ( 'NONE', #801, .T. ) ;
#5679 = ORIENTED_EDGE ( 'NONE', *, *, #3964, .T. ) ;
#5680 = CARTESIAN_POINT ( 'NONE',  ( 3.101510591637124836, 2.112824998617879757, -1.220617149911500166 ) ) ;
#5681 = DIRECTION ( 'NONE',  ( 0.000000000000000000, 0.000000000000000000, 1.000000000000000000 ) ) ;
#5682 = LINE ( 'NONE', #8708, #4113 ) ;
#5683 = CARTESIAN_POINT ( 'NONE',  ( 2.990069434805150195, 1.780338903451070154, 0.7711353759932759733 ) ) ;
#5684 = ORIENTED_EDGE ( 'NONE', *, *, #3818, .T. ) ;
#5685 = FACE_OUTER_BOUND ( 'NONE', #457, .T. ) ;
#5686 = ORIENTED_EDGE ( 'NONE', *, *, #8323, .F. ) ;
#5687 = VECTOR ( 'NONE', #7131, 1000.000000000000000 ) ;
#5688 = CARTESIAN_POINT ( 'NONE',  ( -5.332682251925390027, 5.599999999999999645, -7.250000000000000000 ) ) ;
#5689 = DIRECTION ( 'NONE',  ( 1.000000000000000000, 0.000000000000000000, 0.000000000000000000 ) ) ;
#5690 = DIRECTION ( 'NONE',  ( -3.469446951953611033E-15, 0.000000000000000000, 1.000000000000000000 ) ) ;
#5691 = VECTOR ( 'NONE', #3539, 1000.000000000000000 ) ;
#5692 = LINE ( 'NONE', #1831, #9336 ) ;
#5693 = DIRECTION ( 'NONE',  ( 0.000000000000000000, 1.000000000000000000, 0.000000000000000000 ) ) ;
#5694 = ORIENTED_EDGE ( 'NONE', *, *, #4293, .T. ) ;
#5695 = ORIENTED_EDGE ( 'NONE', *, *, #5485, .T. ) ;
#5696 = CARTESIAN_POINT ( 'NONE',  ( -12.14999999999999858, 4.349999999999999645, 2.600000000000000089 ) ) ;
#5697 = CIRCLE ( 'NONE', #4108, 0.09999999999999939493 ) ;
#5698 = ADVANCED_FACE ( 'NONE', ( #5977 ), #9002, .F. ) ;
#5699 = DIRECTION ( 'NONE',  ( 0.000000000000000000, 0.000000000000000000, 1.000000000000000000 ) ) ;
#5700 = AXIS2_PLACEMENT_3D ( 'NONE', #2602, #4036, #4230 ) ;
#5701 = VECTOR ( 'NONE', #9306, 1000.000000000000000 ) ;
#5702 = FACE_OUTER_BOUND ( 'NONE', #6905, .T. ) ;
#5703 = PLANE ( 'NONE',  #8028 ) ;
#5704 = AXIS2_PLACEMENT_3D ( 'NONE', #3374, #3418, #3273 ) ;
#5705 = CARTESIAN_POINT ( 'NONE',  ( 7.741843969807050030, 0.8694514173260470269, -2.000000000000000000 ) ) ;
#5706 = ORIENTED_EDGE ( 'NONE', *, *, #5963, .F. ) ;
#5708 = ORIENTED_EDGE ( 'NONE', *, *, #687, .F. ) ;
#5707 = ORIENTED_EDGE ( 'NONE', *, *, #1489, .F. ) ;
#5709 = AXIS2_PLACEMENT_3D ( 'NONE', #7172, #2803, #5031 ) ;
#5710 = FACE_OUTER_BOUND ( 'NONE', #7599, .T. ) ;
#5711 = CARTESIAN_POINT ( 'NONE',  ( -3.381937314617169843, 39.49734969922095473, 7.250000000000000000 ) ) ;
#5712 = AXIS2_PLACEMENT_3D ( 'NONE', #7211, #1902, #5672 ) ;
#5713 = ORIENTED_EDGE ( 'NONE', *, *, #3772, .F. ) ;
#5714 = VECTOR ( 'NONE', #8450, 1000.000000000000000 ) ;
#5715 = LINE ( 'NONE', #9490, #1270 ) ;
#5716 = ORIENTED_EDGE ( 'NONE', *, *, #2737, .T. ) ;
#5717 = CARTESIAN_POINT ( 'NONE',  ( -8.621631980879289614, 1.899999999999999911, -1.093394109087759913 ) ) ;
#5718 = DIRECTION ( 'NONE',  ( 0.000000000000000000, -1.000000000000000000, 0.000000000000000000 ) ) ;
#5720 = ORIENTED_EDGE ( 'NONE', *, *, #1807, .F. ) ;
#5719 = ORIENTED_EDGE ( 'NONE', *, *, #1286, .T. ) ;
#5721 = DIRECTION ( 'NONE',  ( 0.000000000000000000, -1.000000000000000000, 0.000000000000000000 ) ) ;
#5722 = DIRECTION ( 'NONE',  ( 0.000000000000000000, -1.000000000000000000, 0.000000000000000000 ) ) ;
#5723 = ORIENTED_EDGE ( 'NONE', *, *, #5371, .F. ) ;
#5724 = CARTESIAN_POINT ( 'NONE',  ( 2.537033083616004960E-14, 4.750000000000000000, -2.599999999999914824 ) ) ;
#5725 = ADVANCED_FACE ( 'NONE', ( #6025 ), #2012, .F. ) ;
#5726 = ORIENTED_EDGE ( 'NONE', *, *, #8125, .T. ) ;
#5727 = CIRCLE ( 'NONE', #8586, 0.6250000000000005551 ) ;
#5728 = ADVANCED_FACE ( 'NONE', ( #8309 ), #3341, .T. ) ;
#5729 = VECTOR ( 'NONE', #1622, 1000.000000000000000 ) ;
#5730 = CARTESIAN_POINT ( 'NONE',  ( -7.733182394472060488E-16, 1.600000000000000089, 4.250000000000000000 ) ) ;
#5731 = AXIS2_PLACEMENT_3D ( 'NONE', #4577, #92, #3743 ) ;
#5732 = EDGE_CURVE ( 'NONE', #866, #8211, #47, .T. ) ;
#5733 = VERTEX_POINT ( 'NONE', #9056 ) ;
#5734 = CARTESIAN_POINT ( 'NONE',  ( -3.819999999999999840, 1.399999999999999911, 0.000000000000000000 ) ) ;
#5735 = CARTESIAN_POINT ( 'NONE',  ( 0.000000000000000000, 5.599999999999999645, 0.000000000000000000 ) ) ;
#5736 = DIRECTION ( 'NONE',  ( -0.2588190451025246253, -0.9659258262890673130, 0.000000000000000000 ) ) ;
#5737 = CARTESIAN_POINT ( 'NONE',  ( 12.14999999999999858, 4.299999999999999822, -2.000000000000000000 ) ) ;
#5738 = ORIENTED_EDGE ( 'NONE', *, *, #7118, .F. ) ;
#5739 = CIRCLE ( 'NONE', #9219, 3.000000000000000000 ) ;
#5740 = PLANE ( 'NONE',  #643 ) ;
#5741 = VECTOR ( 'NONE', #4969, 1000.000000000000000 ) ;
#5742 = ORIENTED_EDGE ( 'NONE', *, *, #4750, .F. ) ;
#5743 = DIRECTION ( 'NONE',  ( 0.000000000000000000, -1.000000000000000000, 0.000000000000000000 ) ) ;
#5744 = CARTESIAN_POINT ( 'NONE',  ( -6.713483409786819678, 1.899999999999999911, -3.768918119361345020 ) ) ;
#5745 = CARTESIAN_POINT ( 'NONE',  ( -9.747716655431519328, 4.349999999999999645, 4.715518912566449394 ) ) ;
#5746 = EDGE_CURVE ( 'NONE', #2321, #6833, #2263, .T. ) ;
#5747 = DIRECTION ( 'NONE',  ( 0.8191520442889946851, -5.800009312744919496E-16, -0.5735764363510417185 ) ) ;
#5748 = CARTESIAN_POINT ( 'NONE',  ( -6.892847126266079982, 1.899999999999999911, 3.384271388083250454 ) ) ;
#5749 = EDGE_LOOP ( 'NONE', ( #9364, #3356, #341, #7916, #420, #2559, #625, #3067 ) ) ;
#5750 = EDGE_LOOP ( 'NONE', ( #7588, #9607, #8437, #1824 ) ) ;
#5751 = ADVANCED_FACE ( 'NONE', ( #507 ), #2620, .F. ) ;
#5752 = DIRECTION ( 'NONE',  ( -1.000000000000000000, 0.000000000000000000, 9.735692977420849340E-16 ) ) ;
#5753 = EDGE_CURVE ( 'NONE', #8100, #4733, #1973, .T. ) ;
#5754 = EDGE_CURVE ( 'NONE', #7776, #4038, #8672, .T. ) ;
#5755 = CARTESIAN_POINT ( 'NONE',  ( -7.290260522564540047, 5.161871867134519617E-15, 2.994789603513335230 ) ) ;
#5756 = EDGE_CURVE ( 'NONE', #8813, #6465, #9371, .T. ) ;
#5757 = CARTESIAN_POINT ( 'NONE',  ( 9.241843969807048254, 4.599999999999999645, 0.000000000000000000 ) ) ;
#5758 = DIRECTION ( 'NONE',  ( -1.000000000000000000, 7.279101552726930441E-16, 0.000000000000000000 ) ) ;
#5759 = DIRECTION ( 'NONE',  ( -1.000000000000000000, 7.279101552726930441E-16, 0.000000000000000000 ) ) ;
#5760 = EDGE_LOOP ( 'NONE', ( #3657, #539, #4337, #9710 ) ) ;
#5762 = ORIENTED_EDGE ( 'NONE', *, *, #4836, .T. ) ;
#5761 = ORIENTED_EDGE ( 'NONE', *, *, #554, .T. ) ;
#5763 = AXIS2_PLACEMENT_3D ( 'NONE', #9, #4455, #3015 ) ;
#5764 = LINE ( 'NONE', #1401, #3330 ) ;
#5765 = ORIENTED_EDGE ( 'NONE', *, *, #4091, .F. ) ;
#5766 = PLANE ( 'NONE',  #7754 ) ;
#5767 = ORIENTED_EDGE ( 'NONE', *, *, #5754, .F. ) ;
#5768 = DIRECTION ( 'NONE',  ( 0.000000000000000000, 1.000000000000000000, 0.000000000000000000 ) ) ;
#5769 = DIRECTION ( 'NONE',  ( 1.257045997084641872E-16, 0.000000000000000000, 1.000000000000000000 ) ) ;
#5771 = EDGE_LOOP ( 'NONE', ( #8057, #8686, #5675, #3285, #3280 ) ) ;
#5770 = ORIENTED_EDGE ( 'NONE', *, *, #4166, .F. ) ;
#5772 =( LENGTH_UNIT ( ) NAMED_UNIT ( * ) SI_UNIT ( .MILLI., .METRE. ) );
#5773 = VECTOR ( 'NONE', #8523, 1000.000000000000114 ) ;
#5774 = DIRECTION ( 'NONE',  ( 0.000000000000000000, 1.000000000000000000, 0.000000000000000000 ) ) ;
#5775 = ORIENTED_EDGE ( 'NONE', *, *, #12, .F. ) ;
#5776 = DIRECTION ( 'NONE',  ( 0.000000000000000000, -1.000000000000000000, 0.000000000000000000 ) ) ;
#5777 = VERTEX_POINT ( 'NONE', #1922 ) ;
#5778 = VECTOR ( 'NONE', #7043, 1000.000000000000114 ) ;
#5779 = DIRECTION ( 'NONE',  ( 4.956352788505170170E-16, 0.000000000000000000, 1.000000000000000000 ) ) ;
#5780 = EDGE_LOOP ( 'NONE', ( #9587, #3583, #9733, #4037, #5837 ) ) ;
#5781 = CARTESIAN_POINT ( 'NONE',  ( 0.000000000000000000, 1.600000000000000089, 0.000000000000000000 ) ) ;
#5782 = CARTESIAN_POINT ( 'NONE',  ( -8.666843969807048964, 4.349999999999999645, 2.600000000000000089 ) ) ;
#5783 = CARTESIAN_POINT ( 'NONE',  ( -8.468900674862208433, 4.214999999999999858, -1.050000000000000044 ) ) ;
#5784 = CARTESIAN_POINT ( 'NONE',  ( -3.937644094699915165, 2.799999999999999822, -4.658858120127169933 ) ) ;
#5785 = ORIENTED_EDGE ( 'NONE', *, *, #531, .F. ) ;
#5786 = CARTESIAN_POINT ( 'NONE',  ( -7.028793294321580731, 1.899999999999999911, -3.447664127344355123 ) ) ;
#5787 = ADVANCED_FACE ( 'NONE', ( #4948 ), #7283, .F. ) ;
#5788 = ORIENTED_EDGE ( 'NONE', *, *, #2295, .T. ) ;
#5789 = EDGE_CURVE ( 'NONE', #6950, #8321, #2576, .T. ) ;
#5790 = CARTESIAN_POINT ( 'NONE',  ( -8.430203692803011961, 4.211463939323038197, 1.105265017794707649 ) ) ;
#5791 = DIRECTION ( 'NONE',  ( 1.000000000000000000, 0.000000000000000000, 0.000000000000000000 ) ) ;
#5792 = DIRECTION ( 'NONE',  ( -0.9659258262890672020, 0.2588190451025245697, 0.000000000000000000 ) ) ;
#5793 = CARTESIAN_POINT ( 'NONE',  ( -9.266843969807039727, 3.100000000000000089, -0.9499999999999999556 ) ) ;
#5794 = LINE ( 'NONE', #3520, #4821 ) ;
#5795 = ORIENTED_EDGE ( 'NONE', *, *, #6377, .F. ) ;
#5796 = ORIENTED_EDGE ( 'NONE', *, *, #2360, .T. ) ;
#5797 = ADVANCED_FACE ( 'NONE', ( #1184 ), #4103, .F. ) ;
#5798 = LINE ( 'NONE', #1979, #9353 ) ;
#5799 = EDGE_CURVE ( 'NONE', #7996, #7329, #4894, .T. ) ;
#5800 = CARTESIAN_POINT ( 'NONE',  ( 2.705666826572425077, 2.374182442857374564, -1.220617149911500166 ) ) ;
#5801 = CARTESIAN_POINT ( 'NONE',  ( -8.666843969807048964, -7.269011204192789677, 1.250000000000000000 ) ) ;
#5802 = EDGE_CURVE ( 'NONE', #7010, #1878, #2228, .T. ) ;
#5803 = LINE ( 'NONE', #8087, #7123 ) ;
#5804 = CARTESIAN_POINT ( 'NONE',  ( 3.348386714254389738E-15, 4.599999999999999645, 2.600000000000000089 ) ) ;
#5805 = VERTEX_POINT ( 'NONE', #4203 ) ;
#5807 = ORIENTED_EDGE ( 'NONE', *, *, #9244, .F. ) ;
#5806 = VERTEX_POINT ( 'NONE', #2721 ) ;
#5808 = AXIS2_PLACEMENT_3D ( 'NONE', #3410, #599, #1375 ) ;
#5809 = ADVANCED_FACE ( 'NONE', ( #7139 ), #9570, .T. ) ;
#5810 = CARTESIAN_POINT ( 'NONE',  ( -3.899999999999999911, 1.600000000000000089, 6.984983894040130536 ) ) ;
#5811 = VECTOR ( 'NONE', #5612, 1000.000000000000000 ) ;
#5812 = LINE ( 'NONE', #5119, #7406 ) ;
#5813 = FACE_OUTER_BOUND ( 'NONE', #7301, .T. ) ;
#5814 = VERTEX_POINT ( 'NONE', #8020 ) ;
#5815 = CARTESIAN_POINT ( 'NONE',  ( 8.684775148836697767, 4.407356361005111189, -2.000315607479845159 ) ) ;
#5816 = LINE ( 'NONE', #3389, #5037 ) ;
#5817 = AXIS2_PLACEMENT_3D ( 'NONE', #9416, #7138, #8521 ) ;
#5819 = ORIENTED_EDGE ( 'NONE', *, *, #5910, .F. ) ;
#5818 = ORIENTED_EDGE ( 'NONE', *, *, #8214, .T. ) ;
#5820 =( NAMED_UNIT ( * ) SI_UNIT ( $, .STERADIAN. ) SOLID_ANGLE_UNIT ( ) );
#5821 = CARTESIAN_POINT ( 'NONE',  ( -3.819999999999999840, 1.399999999999999911, 0.000000000000000000 ) ) ;
#5822 = EDGE_LOOP ( 'NONE', ( #6091, #5095, #2991, #7078, #3590, #9173, #6588, #8245 ) ) ;
#5823 = EDGE_CURVE ( 'NONE', #9791, #7010, #7230, .T. ) ;
#5824 = CARTESIAN_POINT ( 'NONE',  ( 8.216843969807047898, 1.208049832105797972, 2.600000000000000089 ) ) ;
#5825 = ORIENTED_EDGE ( 'NONE', *, *, #1389, .F. ) ;
#5826 = AXIS2_PLACEMENT_3D ( 'NONE', #3830, #5465, #174 ) ;
#5827 = PLANE ( 'NONE',  #5877 ) ;
#5828 = ORIENTED_EDGE ( 'NONE', *, *, #544, .T. ) ;
#5829 = CARTESIAN_POINT ( 'NONE',  ( 8.666843969807048964, 4.349999999999999645, -2.600000000000000089 ) ) ;
#5830 = DIRECTION ( 'NONE',  ( 0.000000000000000000, 1.000000000000000000, 0.000000000000000000 ) ) ;
#5831 = FACE_OUTER_BOUND ( 'NONE', #3201, .T. ) ;
#5832 = CARTESIAN_POINT ( 'NONE',  ( -9.866843969807048254, 4.599999999999999645, 0.000000000000000000 ) ) ;
#5833 = AXIS2_PLACEMENT_3D ( 'NONE', #1745, #9383, #8635 ) ;
#5834 = EDGE_LOOP ( 'NONE', ( #4622, #7566, #3416, #1711 ) ) ;
#5835 = CARTESIAN_POINT ( 'NONE',  ( -6.360817557515700216, 0.2000000000000000111, 4.250000000000000000 ) ) ;
#5836 = VERTEX_POINT ( 'NONE', #359 ) ;
#5837 = ORIENTED_EDGE ( 'NONE', *, *, #7570, .F. ) ;
#5838 = EDGE_CURVE ( 'NONE', #3483, #3249, #4799, .T. ) ;
#5839 = CARTESIAN_POINT ( 'NONE',  ( -2.537033083616004960E-14, 1.600000000000000089, -2.599999999999914824 ) ) ;
#5840 = CYLINDRICAL_SURFACE ( 'NONE', #3917, 0.09999999999999777123 ) ;
#5841 = LINE ( 'NONE', #1431, #691 ) ;
#5842 = CARTESIAN_POINT ( 'NONE',  ( 11.25000000000000000, 4.349999999999999645, 2.600000000000000089 ) ) ;
#5843 = CARTESIAN_POINT ( 'NONE',  ( -8.266843969807050385, 1.600000000000000089, -2.600000000000000089 ) ) ;
#5844 = ORIENTED_EDGE ( 'NONE', *, *, #4270, .T. ) ;
#5845 = EDGE_CURVE ( 'NONE', #5655, #5733, #4759, .T. ) ;
#5846 = EDGE_CURVE ( 'NONE', #3161, #3384, #5599, .T. ) ;
#5847 = ORIENTED_EDGE ( 'NONE', *, *, #988, .F. ) ;
#5848 = CARTESIAN_POINT ( 'NONE',  ( -8.275339030807739393E-16, 0.1499999999999999944, 1.750000000000000000 ) ) ;
#5849 = CARTESIAN_POINT ( 'NONE',  ( 3.449999999999999734, 1.399999999999999911, 4.100000000000000533 ) ) ;
#5850 = CYLINDRICAL_SURFACE ( 'NONE', #2514, 0.09999999999999939493 ) ;
#5851 = ADVANCED_FACE ( 'NONE', ( #453 ), #3412, .F. ) ;
#5852 = VECTOR ( 'NONE', #4319, 1000.000000000000000 ) ;
#5853 = CARTESIAN_POINT ( 'NONE',  ( 9.866843969807048254, 4.700000000000000178, 0.6250000000000000000 ) ) ;
#5854 = CARTESIAN_POINT ( 'NONE',  ( 8.766843969807048609, 4.599999999999999645, -2.008392021690039719 ) ) ;
#5855 = EDGE_LOOP ( 'NONE', ( #6408, #4234, #6298, #7820 ) ) ;
#5856 = VECTOR ( 'NONE', #9135, 1000.000000000000227 ) ;
#5858 = ORIENTED_EDGE ( 'NONE', *, *, #9262, .F. ) ;
#5857 = ORIENTED_EDGE ( 'NONE', *, *, #3435, .T. ) ;
#5859 = LINE ( 'NONE', #620, #8878 ) ;
#5860 = VECTOR ( 'NONE', #7404, 1000.000000000000114 ) ;
#5861 = VECTOR ( 'NONE', #7075, 1000.000000000000000 ) ;
#5862 = VECTOR ( 'NONE', #572, 1000.000000000000000 ) ;
#5863 = DIRECTION ( 'NONE',  ( 0.000000000000000000, 0.000000000000000000, 1.000000000000000000 ) ) ;
#5864 = DIRECTION ( 'NONE',  ( 7.279101552726930441E-16, 1.000000000000000000, 0.000000000000000000 ) ) ;
#5865 = ORIENTED_EDGE ( 'NONE', *, *, #1315, .T. ) ;
#5867 = AXIS2_PLACEMENT_3D ( 'NONE', #2204, #5137, #7423 ) ;
#5866 = CARTESIAN_POINT ( 'NONE',  ( -9.747716655431501565, 1.899999999999975042, -4.715518912566440513 ) ) ;
#5868 = EDGE_CURVE ( 'NONE', #7499, #1441, #8407, .T. ) ;
#5870 = ORIENTED_EDGE ( 'NONE', *, *, #3912, .F. ) ;
#5869 = VERTEX_POINT ( 'NONE', #3466 ) ;
#5871 = VECTOR ( 'NONE', #5976, 1000.000000000000000 ) ;
#5872 = CARTESIAN_POINT ( 'NONE',  ( -8.616843969807050030, 39.49734969922095473, -4.000000000000000000 ) ) ;
#5873 = FACE_OUTER_BOUND ( 'NONE', #8534, .T. ) ;
#5874 = VERTEX_POINT ( 'NONE', #3300 ) ;
#5875 = FACE_OUTER_BOUND ( 'NONE', #143, .T. ) ;
#5876 = EDGE_LOOP ( 'NONE', ( #6076, #7845, #6791, #8036 ) ) ;
#5877 = AXIS2_PLACEMENT_3D ( 'NONE', #346, #4932, #8855 ) ;
#5878 = CARTESIAN_POINT ( 'NONE',  ( 0.000000000000000000, 0.2000000000000000111, 0.000000000000000000 ) ) ;
#5879 = EDGE_LOOP ( 'NONE', ( #3902, #629, #3836, #6413 ) ) ;
#5880 = EDGE_CURVE ( 'NONE', #2647, #6268, #1818, .T. ) ;
#5881 = DIRECTION ( 'NONE',  ( 0.000000000000000000, 1.000000000000000000, 0.000000000000000000 ) ) ;
#5882 = ADVANCED_FACE ( 'NONE', ( #3252 ), #5587, .T. ) ;
#5883 = LINE ( 'NONE', #2945, #4615 ) ;
#5884 = CARTESIAN_POINT ( 'NONE',  ( -5.970552738231190482, 1.399999999999999911, 1.250000000000000000 ) ) ;
#5885 = CARTESIAN_POINT ( 'NONE',  ( -8.666843969807059622, 3.681937395196465045E-14, -0.9499999999999999556 ) ) ;
#5886 = CARTESIAN_POINT ( 'NONE',  ( 0.000000000000000000, 5.599999999999999645, 0.000000000000000000 ) ) ;
#5887 = ORIENTED_EDGE ( 'NONE', *, *, #5013, .T. ) ;
#5888 = CIRCLE ( 'NONE', #2247, 6.100000000000000533 ) ;
#5889 = ORIENTED_EDGE ( 'NONE', *, *, #8184, .T. ) ;
#5890 = VECTOR ( 'NONE', #772, 1000.000000000000000 ) ;
#5891 = EDGE_CURVE ( 'NONE', #1101, #3461, #245, .T. ) ;
#5892 = DIRECTION ( 'NONE',  ( 0.000000000000000000, 0.000000000000000000, 1.000000000000000000 ) ) ;
#5893 = LINE ( 'NONE', #5144, #3610 ) ;
#5894 = CARTESIAN_POINT ( 'NONE',  ( 8.666843969807048964, 4.579128784747800829, 2.000000000000000000 ) ) ;
#5895 = VECTOR ( 'NONE', #2640, 1000.000000000000000 ) ;
#5896 = CARTESIAN_POINT ( 'NONE',  ( -8.099027312146018787, 2.799999999999999822, 1.578233905710134888 ) ) ;
#5897 = DIRECTION ( 'NONE',  ( 0.000000000000000000, 0.000000000000000000, -1.000000000000000000 ) ) ;
#5898 = ORIENTED_EDGE ( 'NONE', *, *, #8279, .T. ) ;
#5899 = VECTOR ( 'NONE', #6454, 1000.000000000000000 ) ;
#5900 = ORIENTED_EDGE ( 'NONE', *, *, #8125, .F. ) ;
#5901 = LINE ( 'NONE', #2823, #5080 ) ;
#5902 = CARTESIAN_POINT ( 'NONE',  ( 3.381937314617169843, 39.49734969922095473, 7.250000000000000000 ) ) ;
#5903 = DIRECTION ( 'NONE',  ( 4.130293990420970474E-15, 0.000000000000000000, 1.000000000000000000 ) ) ;
#5904 = CARTESIAN_POINT ( 'NONE',  ( 0.000000000000000000, 0.000000000000000000, -2.600000000000000089 ) ) ;
#5905 = CARTESIAN_POINT ( 'NONE',  ( -12.14999999999999858, 4.349999999999999645, -2.600000000000000089 ) ) ;
#5906 = ORIENTED_EDGE ( 'NONE', *, *, #2284, .T. ) ;
#5908 = VERTEX_POINT ( 'NONE', #7718 ) ;
#5907 = ORIENTED_EDGE ( 'NONE', *, *, #1201, .T. ) ;
#5909 = CARTESIAN_POINT ( 'NONE',  ( -11.40000000000000036, 4.349999999999999645, 2.600000000000000089 ) ) ;
#5910 = EDGE_CURVE ( 'NONE', #3695, #4638, #505, .T. ) ;
#5911 = CARTESIAN_POINT ( 'NONE',  ( -11.40000000000000036, 1.500000000000000000, 1.750000000000000000 ) ) ;
#5912 = CARTESIAN_POINT ( 'NONE',  ( -8.521752727684596351, 4.253567613978034068, -1.236036465452657218 ) ) ;
#5913 = VERTEX_POINT ( 'NONE', #4041 ) ;
#5914 = LINE ( 'NONE', #6007, #8994 ) ;
#5916 = ORIENTED_EDGE ( 'NONE', *, *, #7686, .T. ) ;
#5915 = ORIENTED_EDGE ( 'NONE', *, *, #1489, .T. ) ;
#5917 = CARTESIAN_POINT ( 'NONE',  ( -12.14999999999999858, 4.299999999999999822, 2.600000000000000089 ) ) ;
#5918 = ORIENTED_EDGE ( 'NONE', *, *, #4904, .T. ) ;
#5919 = CARTESIAN_POINT ( 'NONE',  ( 3.239200190963484953E-15, 4.450000000000000178, 2.600000000000000089 ) ) ;
#5920 = ORIENTED_EDGE ( 'NONE', *, *, #7713, .T. ) ;
#5921 = EDGE_CURVE ( 'NONE', #8697, #3142, #7146, .T. ) ;
#5922 = CARTESIAN_POINT ( 'NONE',  ( -4.649999999999999467, 0.2000000000000000111, 4.250000000000000000 ) ) ;
#5923 = ORIENTED_EDGE ( 'NONE', *, *, #5838, .F. ) ;
#5924 = ADVANCED_FACE ( 'NONE', ( #4736 ), #3848, .T. ) ;
#5925 = DIRECTION ( 'NONE',  ( -1.387778780781444098E-15, -1.000000000000000000, 0.000000000000000000 ) ) ;
#5926 = DIRECTION ( 'NONE',  ( -0.000000000000000000, 1.000000000000000000, 0.000000000000000000 ) ) ;
#5927 = EDGE_CURVE ( 'NONE', #1057, #9230, #6823, .T. ) ;
#5928 = EDGE_CURVE ( 'NONE', #8108, #5369, #5439, .T. ) ;
#5929 = DIRECTION ( 'NONE',  ( 1.000000000000000000, -1.269309860470833935E-15, 0.000000000000000000 ) ) ;
#5930 = CARTESIAN_POINT ( 'NONE',  ( -8.816843969807040438, 4.599999999999999645, 0.9499999999999999556 ) ) ;
#5931 = DIRECTION ( 'NONE',  ( 1.000000000000000000, 0.000000000000000000, 0.000000000000000000 ) ) ;
#5932 = ORIENTED_EDGE ( 'NONE', *, *, #799, .F. ) ;
#5933 = ADVANCED_FACE ( 'NONE', ( #7070 ), #9205, .T. ) ;
#5934 = ORIENTED_EDGE ( 'NONE', *, *, #7696, .F. ) ;
#5935 = VECTOR ( 'NONE', #9584, 1000.000000000000000 ) ;
#5936 = EDGE_CURVE ( 'NONE', #1454, #9217, #7028, .T. ) ;
#5937 = EDGE_CURVE ( 'NONE', #4029, #4539, #6126, .T. ) ;
#5938 = DIRECTION ( 'NONE',  ( -6.938893903907228378E-15, 0.000000000000000000, 1.000000000000000000 ) ) ;
#5939 = LINE ( 'NONE', #9615, #6290 ) ;
#5940 = CARTESIAN_POINT ( 'NONE',  ( -8.766843969807039727, 4.349999999999999645, 0.9499999999999999556 ) ) ;
#5941 = DIRECTION ( 'NONE',  ( -0.4226182617406998299, 9.470714366131889598E-16, 0.9063077870366497146 ) ) ;
#5942 = CARTESIAN_POINT ( 'NONE',  ( 0.000000000000000000, 5.599999999999999645, 0.000000000000000000 ) ) ;
#5943 = ORIENTED_EDGE ( 'NONE', *, *, #5009, .F. ) ;
#5944 = ORIENTED_EDGE ( 'NONE', *, *, #2094, .F. ) ;
#5945 = DIRECTION ( 'NONE',  ( 8.673617379884089706E-16, -7.086709786881680907E-31, 1.000000000000000000 ) ) ;
#5946 = VERTEX_POINT ( 'NONE', #986 ) ;
#5947 = DIRECTION ( 'NONE',  ( 0.000000000000000000, 0.000000000000000000, 1.000000000000000000 ) ) ;
#5948 = DIRECTION ( 'NONE',  ( 0.8191520442889960174, -5.800009312744909635E-16, 0.5735764363510399422 ) ) ;
#5949 = CARTESIAN_POINT ( 'NONE',  ( -8.643747326116061558, 4.215122673692735411, -1.054951736030002030 ) ) ;
#5950 = FACE_OUTER_BOUND ( 'NONE', #6714, .T. ) ;
#5951 = EDGE_CURVE ( 'NONE', #4216, #2569, #7668, .T. ) ;
#5953 = VERTEX_POINT ( 'NONE', #2464 ) ;
#5952 = ORIENTED_EDGE ( 'NONE', *, *, #7086, .T. ) ;
#5954 = LINE ( 'NONE', #2140, #1590 ) ;
#5955 = VECTOR ( 'NONE', #712, 1000.000000000000000 ) ;
#5956 = DIRECTION ( 'NONE',  ( 1.000000000000000000, -4.248302390147255473E-15, 0.000000000000000000 ) ) ;
#5957 = CARTESIAN_POINT ( 'NONE',  ( -11.25000000000000000, 1.500000000000000000, 2.100000000000000089 ) ) ;
#5958 = ORIENTED_EDGE ( 'NONE', *, *, #7787, .F. ) ;
#5959 = LINE ( 'NONE', #8898, #9153 ) ;
#5960 = VECTOR ( 'NONE', #9415, 1000.000000000000114 ) ;
#5962 = VERTEX_POINT ( 'NONE', #9300 ) ;
#5961 = ORIENTED_EDGE ( 'NONE', *, *, #7203, .F. ) ;
#5963 = EDGE_CURVE ( 'NONE', #8264, #3253, #9156, .T. ) ;
#5964 = LINE ( 'NONE', #5127, #5541 ) ;
#5965 = ORIENTED_EDGE ( 'NONE', *, *, #4841, .F. ) ;
#5966 = DIRECTION ( 'NONE',  ( 1.000000000000000000, 0.000000000000000000, 0.000000000000000000 ) ) ;
#5967 = VECTOR ( 'NONE', #6433, 1000.000000000000000 ) ;
#5968 = ORIENTED_EDGE ( 'NONE', *, *, #1688, .T. ) ;
#5969 = CIRCLE ( 'NONE', #8504, 8.000000000000000000 ) ;
#5970 = CARTESIAN_POINT ( 'NONE',  ( -8.521752727684591022, 4.349999999999999645, -1.236036465452655886 ) ) ;
#5971 = ORIENTED_EDGE ( 'NONE', *, *, #167, .T. ) ;
#5972 = DIRECTION ( 'NONE',  ( 0.000000000000000000, 1.000000000000000000, 0.000000000000000000 ) ) ;
#5973 = COLOUR_RGB ( '',0.7921568627450980005, 0.8196078431372548767, 0.9333333333333333481 ) ;
#5974 = LINE ( 'NONE', #7273, #1614 ) ;
#5975 = ADVANCED_FACE ( 'NONE', ( #8413 ), #1623, .F. ) ;
#5976 = DIRECTION ( 'NONE',  ( -7.279101552726930441E-16, -1.000000000000000000, 0.000000000000000000 ) ) ;
#5977 = FACE_OUTER_BOUND ( 'NONE', #7409, .T. ) ;
#5978 = CYLINDRICAL_SURFACE ( 'NONE', #4890, 7.649999999999999467 ) ;
#5979 = AXIS2_PLACEMENT_3D ( 'NONE', #9228, #7840, #1741 ) ;
#5980 = EDGE_LOOP ( 'NONE', ( #8518, #6133 ) ) ;
#5981 = AXIS2_PLACEMENT_3D ( 'NONE', #1138, #5598, #4202 ) ;
#5982 = ORIENTED_EDGE ( 'NONE', *, *, #8334, .F. ) ;
#5983 = CARTESIAN_POINT ( 'NONE',  ( 3.899999999999999911, 5.599999999999999645, -6.984983894040130536 ) ) ;
#5985 = CARTESIAN_POINT ( 'NONE',  ( -3.520000000000000018, 1.300000000000000044, -0.1499999999999999944 ) ) ;
#5984 = CIRCLE ( 'NONE', #1868, 6.100000000000000533 ) ;
#5986 = DIRECTION ( 'NONE',  ( -1.000000000000000000, 7.279101552726930441E-16, 0.000000000000000000 ) ) ;
#5987 = DIRECTION ( 'NONE',  ( 1.000000000000000000, 0.000000000000000000, -9.757819552369560416E-15 ) ) ;
#5988 = DIRECTION ( 'NONE',  ( -0.000000000000000000, 1.000000000000000000, 0.000000000000000000 ) ) ;
#5989 = ORIENTED_EDGE ( 'NONE', *, *, #3420, .T. ) ;
#5990 = VERTEX_POINT ( 'NONE', #6978 ) ;
#5991 = PLANE ( 'NONE',  #5763 ) ;
#5992 = ORIENTED_EDGE ( 'NONE', *, *, #7159, .T. ) ;
#5993 = ADVANCED_FACE ( 'NONE', ( #200 ), #3206, .F. ) ;
#5994 = FACE_OUTER_BOUND ( 'NONE', #8470, .T. ) ;
#5995 = CARTESIAN_POINT ( 'NONE',  ( 8.766843969807048609, 4.349999999999999645, 2.600000000000000089 ) ) ;
#5996 = CARTESIAN_POINT ( 'NONE',  ( -8.498759174235939184, 3.100000000000000089, -1.007357643635093947 ) ) ;
#5997 = CARTESIAN_POINT ( 'NONE',  ( -3.819999999999999840, 1.399999999999999911, -0.8750000000000000000 ) ) ;
#5998 = ADVANCED_FACE ( 'NONE', ( #5536 ), #8563, .F. ) ;
#5999 = VERTEX_POINT ( 'NONE', #3503 ) ;
#6000 = DIRECTION ( 'NONE',  ( 0.000000000000000000, 0.000000000000000000, -1.000000000000000000 ) ) ;
#6001 = AXIS2_PLACEMENT_3D ( 'NONE', #8673, #4056, #9372 ) ;
#6002 = CARTESIAN_POINT ( 'NONE',  ( -8.468900674862208433, 4.214999999999999858, -1.050000000000000044 ) ) ;
#6003 = DIRECTION ( 'NONE',  ( 0.000000000000000000, 1.000000000000000000, 0.000000000000000000 ) ) ;
#6004 = VERTEX_POINT ( 'NONE', #4291 ) ;
#6005 = VECTOR ( 'NONE', #2014, 1000.000000000000000 ) ;
#6006 = EDGE_CURVE ( 'NONE', #2403, #6152, #3814, .T. ) ;
#6007 = CARTESIAN_POINT ( 'NONE',  ( 0.000000000000000000, 1.399999999999999911, -0.1499999999999999944 ) ) ;
#6008 = AXIS2_PLACEMENT_3D ( 'NONE', #9390, #1254, #1800 ) ;
#6010 = ORIENTED_EDGE ( 'NONE', *, *, #8414, .T. ) ;
#6009 = EDGE_LOOP ( 'NONE', ( #7132, #7358, #5961, #7860, #4466, #5865 ) ) ;
#6011 = LINE ( 'NONE', #8298, #5336 ) ;
#6012 = CARTESIAN_POINT ( 'NONE',  ( 7.266843969807050385, 0.1685063394027645212, -2.600000000000000089 ) ) ;
#6013 = AXIS2_PLACEMENT_3D ( 'NONE', #58, #6983, #5 ) ;
#6014 = ORIENTED_EDGE ( 'NONE', *, *, #2428, .T. ) ;
#6015 = PLANE ( 'NONE',  #9373 ) ;
#6016 = VECTOR ( 'NONE', #6155, 1000.000000000000114 ) ;
#6017 = EDGE_LOOP ( 'NONE', ( #427, #2412, #8491, #3988 ) ) ;
#6018 = CIRCLE ( 'NONE', #2693, 9.000000000000000000 ) ;
#6019 = CARTESIAN_POINT ( 'NONE',  ( 12.14999999999999858, 4.999999999999940492, -2.850000000000000089 ) ) ;
#6020 = EDGE_LOOP ( 'NONE', ( #86, #1956, #8559, #979 ) ) ;
#6021 = FACE_OUTER_BOUND ( 'NONE', #5171, .T. ) ;
#6022 = DIRECTION ( 'NONE',  ( -1.014997778497068052E-15, -1.000000000000000000, 0.000000000000000000 ) ) ;
#6023 = VECTOR ( 'NONE', #1990, 1000.000000000000000 ) ;
#6024 = LINE ( 'NONE', #2203, #25 ) ;
#6025 = FACE_OUTER_BOUND ( 'NONE', #8637, .T. ) ;
#6026 = ADVANCED_FACE ( 'NONE', ( #1272 ), #4140, .F. ) ;
#6027 = DIRECTION ( 'NONE',  ( 5.329070518200749816E-15, 0.000000000000000000, 1.000000000000000000 ) ) ;
#6028 = AXIS2_PLACEMENT_3D ( 'NONE', #9601, #2058, #540 ) ;
#6029 = ORIENTED_EDGE ( 'NONE', *, *, #3821, .F. ) ;
#6030 = ORIENTED_EDGE ( 'NONE', *, *, #8967, .T. ) ;
#6031 = AXIS2_PLACEMENT_3D ( 'NONE', #7643, #3073, #162 ) ;
#6032 = ADVANCED_FACE ( 'NONE', ( #7960 ), #2705, .T. ) ;
#6033 = CARTESIAN_POINT ( 'NONE',  ( -8.639716776450390157, 1.899999999999999911, -1.067566344340553863 ) ) ;
#6034 = VECTOR ( 'NONE', #7368, 1000.000000000000000 ) ;
#6035 = CYLINDRICAL_SURFACE ( 'NONE', #5191, 0.09999999999999939493 ) ;
#6036 = DIRECTION ( 'NONE',  ( 0.000000000000000000, 0.000000000000000000, -1.000000000000000000 ) ) ;
#6037 = CARTESIAN_POINT ( 'NONE',  ( 11.40000000000000036, -1.908195823574490013E-14, -2.100000000000000089 ) ) ;
#6038 = DIRECTION ( 'NONE',  ( 0.000000000000000000, 1.000000000000000000, 0.000000000000000000 ) ) ;
#6039 = VERTEX_POINT ( 'NONE', #7904 ) ;
#6040 = ORIENTED_EDGE ( 'NONE', *, *, #5359, .T. ) ;
#6041 = CARTESIAN_POINT ( 'NONE',  ( -8.516843969807039727, -4.336808689942020103E-15, 0.9499999999999999556 ) ) ;
#6042 = ORIENTED_EDGE ( 'NONE', *, *, #5507, .T. ) ;
#6043 = ADVANCED_FACE ( 'NONE', ( #5678 ), #6519, .T. ) ;
#6044 = AXIS2_PLACEMENT_3D ( 'NONE', #1720, #4738, #5338 ) ;
#6045 = EDGE_CURVE ( 'NONE', #584, #4858, #1861, .T. ) ;
#6046 = DIRECTION ( 'NONE',  ( 0.000000000000000000, 0.000000000000000000, -1.000000000000000000 ) ) ;
#6047 = CARTESIAN_POINT ( 'NONE',  ( -11.25000000000000000, 0.2000000000000000111, 2.600000000000000089 ) ) ;
#6048 = AXIS2_PLACEMENT_3D ( 'NONE', #9304, #4241, #4195 ) ;
#6049 = ADVANCED_FACE ( 'NONE', ( #7120 ), #5827, .F. ) ;
#6050 = LINE ( 'NONE', #8434, #9660 ) ;
#6051 = LINE ( 'NONE', #6846, #2131 ) ;
#6052 = EDGE_CURVE ( 'NONE', #6951, #2183, #5087, .T. ) ;
#6053 = FILL_AREA_STYLE ('',( #3441 ) ) ;
#6055 = ADVANCED_FACE ( 'NONE', ( #9505 ), #1125, .F. ) ;
#6054 = ORIENTED_EDGE ( 'NONE', *, *, #8117, .F. ) ;
#6056 = CYLINDRICAL_SURFACE ( 'NONE', #9518, 0.5000000000000000000 ) ;
#6057 = EDGE_CURVE ( 'NONE', #8514, #984, #8760, .T. ) ;
#6058 = CARTESIAN_POINT ( 'NONE',  ( -9.066843969807040438, 4.450000000000000178, 2.600000000000000089 ) ) ;
#6059 = DIRECTION ( 'NONE',  ( 0.000000000000000000, 0.000000000000000000, 1.000000000000000000 ) ) ;
#6060 = ORIENTED_EDGE ( 'NONE', *, *, #7858, .T. ) ;
#6061 = CARTESIAN_POINT ( 'NONE',  ( 5.518151864528549666, 1.600000000000000089, 2.600000000000000089 ) ) ;
#6063 = ORIENTED_EDGE ( 'NONE', *, *, #3178, .F. ) ;
#6062 = ORIENTED_EDGE ( 'NONE', *, *, #479, .T. ) ;
#6064 = DIRECTION ( 'NONE',  ( -1.000000000000000000, 0.000000000000000000, 0.000000000000000000 ) ) ;
#6065 = CARTESIAN_POINT ( 'NONE',  ( -8.616823312751650477, 4.215176955976859041, 1.144714655929649938 ) ) ;
#6066 = EDGE_LOOP ( 'NONE', ( #3100, #4781, #880, #1174 ) ) ;
#6067 = CARTESIAN_POINT ( 'NONE',  ( -8.666843969807048964, 1.600000000000000089, 1.250000000000000000 ) ) ;
#6068 =( BOUNDED_SURFACE ( )  B_SPLINE_SURFACE ( 3, 1, ( 
 ( #7181, #8071 ),
 ( #4153, #2768 ),
 ( #2618, #5790 ),
 ( #6425, #404 ) ),
 .UNSPECIFIED., .F., .F., .F. ) 
 B_SPLINE_SURFACE_WITH_KNOTS ( ( 4, 4 ),
 ( 2, 2 ),
 ( 0.000000000000000000, 1.000000000000000000 ),
 ( 0.000000000000000000, 1.000000000000000000 ),
 .UNSPECIFIED. ) 
 GEOMETRIC_REPRESENTATION_ITEM ( )  RATIONAL_B_SPLINE_SURFACE ( (
 ( 1.000000000000000000, 1.000000000000000000),
 ( 0.7902440648583459737, 0.7902440648583459737),
 ( 0.7902440648583459737, 0.7902440648583459737),
 ( 1.000000000000000000, 1.000000000000000000) ) ) 
 REPRESENTATION_ITEM ( '' )  SURFACE ( )  );
#6069 = EDGE_LOOP ( 'NONE', ( #4256, #4378, #7288, #941, #983, #9083 ) ) ;
#6070 = DIRECTION ( 'NONE',  ( 0.000000000000000000, -1.000000000000000000, 0.000000000000000000 ) ) ;
#6071 = VERTEX_POINT ( 'NONE', #1077 ) ;
#6072 = CARTESIAN_POINT ( 'NONE',  ( -9.066843969807040438, 4.599999999999999645, 2.600000000000000089 ) ) ;
#6073 = CARTESIAN_POINT ( 'NONE',  ( -9.747716655431519328, 4.349999999999999645, 4.715518912566449394 ) ) ;
#6074 = CARTESIAN_POINT ( 'NONE',  ( -8.479266904141425698, 4.215000000000008740, 1.035195490317473599 ) ) ;
#6075 = LINE ( 'NONE', #5435, #4903 ) ;
#6076 = ORIENTED_EDGE ( 'NONE', *, *, #5618, .T. ) ;
#6077 = VECTOR ( 'NONE', #1780, 1000.000000000000000 ) ;
#6078 = ORIENTED_EDGE ( 'NONE', *, *, #4710, .T. ) ;
#6079 = DIRECTION ( 'NONE',  ( -0.000000000000000000, 1.000000000000000000, 0.000000000000000000 ) ) ;
#6080 = LINE ( 'NONE', #297, #6518 ) ;
#6081 = CARTESIAN_POINT ( 'NONE',  ( 3.239200190963484953E-15, 4.450000000000000178, -0.9499999999999999556 ) ) ;
#6082 = LINE ( 'NONE', #793, #3834 ) ;
#6083 = CARTESIAN_POINT ( 'NONE',  ( 0.1128719699524154130, 3.068919730828284731, -1.097380245167865809 ) ) ;
#6084 = DIRECTION ( 'NONE',  ( 2.386447251697950186E-15, -1.000000000000000000, 4.419400650795435930E-15 ) ) ;
#6085 = ORIENTED_EDGE ( 'NONE', *, *, #8138, .T. ) ;
#6086 = EDGE_CURVE ( 'NONE', #7986, #2461, #4090, .T. ) ;
#6087 = ORIENTED_EDGE ( 'NONE', *, *, #2518, .F. ) ;
#6088 = AXIS2_PLACEMENT_3D ( 'NONE', #45, #6022, #1519 ) ;
#6089 = CARTESIAN_POINT ( 'NONE',  ( 8.066223822781958930, 0.2000000000000000111, -2.000000000000000000 ) ) ;
#6090 = EDGE_CURVE ( 'NONE', #3504, #9014, #3965, .T. ) ;
#6091 = ORIENTED_EDGE ( 'NONE', *, *, #6360, .F. ) ;
#6092 = CARTESIAN_POINT ( 'NONE',  ( 0.000000000000000000, 1.600000000000000089, 2.600000000000000089 ) ) ;
#6093 = CIRCLE ( 'NONE', #99, 0.5000000000000004441 ) ;
#6094 = CARTESIAN_POINT ( 'NONE',  ( -6.713483409786810796, 4.349999999999999645, 3.768918119361345020 ) ) ;
#6095 = PLANE ( 'NONE',  #3321 ) ;
#6096 = LINE ( 'NONE', #1003, #1030 ) ;
#6097 = ADVANCED_FACE ( 'NONE', ( #3399 ), #2006, .F. ) ;
#6098 = CARTESIAN_POINT ( 'NONE',  ( 11.25000000000000000, 0.2500000000000000000, 1.750000000000000000 ) ) ;
#6099 = ORIENTED_EDGE ( 'NONE', *, *, #247, .F. ) ;
#6100 = DIRECTION ( 'NONE',  ( 0.000000000000000000, 0.000000000000000000, -1.000000000000000000 ) ) ;
#6101 = EDGE_CURVE ( 'NONE', #8988, #9719, #8702, .T. ) ;
#6102 = LINE ( 'NONE', #1402, #764 ) ;
#6103 = PLANE ( 'NONE',  #8528 ) ;
#6104 = VERTEX_POINT ( 'NONE', #5633 ) ;
#6105 = CARTESIAN_POINT ( 'NONE',  ( -8.666843969807048964, 1.300000000000000044, 1.250000000000000000 ) ) ;
#6106 = ADVANCED_FACE ( 'NONE', ( #8804 ), #4877, .F. ) ;
#6108 = VERTEX_POINT ( 'NONE', #1515 ) ;
#6107 = EDGE_LOOP ( 'NONE', ( #7665, #4683, #5356, #6211 ) ) ;
#6109 = DIRECTION ( 'NONE',  ( 1.000000000000000000, 0.000000000000000000, 8.260587980841929905E-16 ) ) ;
#6110 = CARTESIAN_POINT ( 'NONE',  ( 8.466843969807049675, 0.2000000000000000111, -2.000000000000000000 ) ) ;
#6111 = ORIENTED_EDGE ( 'NONE', *, *, #441, .F. ) ;
#6112 = CARTESIAN_POINT ( 'NONE',  ( -8.595332766854788531, 4.215129277476970415, -1.130953279175730186 ) ) ;
#6113 = CIRCLE ( 'NONE', #7223, 9.000000000000000000 ) ;
#6114 = DIRECTION ( 'NONE',  ( 0.000000000000000000, 0.000000000000000000, -1.000000000000000000 ) ) ;
#6115 = ORIENTED_EDGE ( 'NONE', *, *, #4839, .T. ) ;
#6116 = LINE ( 'NONE', #9196, #6687 ) ;
#6117 = DIRECTION ( 'NONE',  ( 0.000000000000000000, 0.000000000000000000, 1.000000000000000000 ) ) ;
#6118 = VERTEX_POINT ( 'NONE', #775 ) ;
#6119 = PLANE ( 'NONE',  #975 ) ;
#6120 = EDGE_CURVE ( 'NONE', #9384, #7940, #1467, .T. ) ;
#6121 = CARTESIAN_POINT ( 'NONE',  ( 0.000000000000000000, 1.399999999999999911, 0.000000000000000000 ) ) ;
#6122 = ORIENTED_EDGE ( 'NONE', *, *, #6146, .F. ) ;
#6123 = ORIENTED_EDGE ( 'NONE', *, *, #5732, .T. ) ;
#6124 = VECTOR ( 'NONE', #3866, 1000.000000000000000 ) ;
#6125 = CARTESIAN_POINT ( 'NONE',  ( 0.000000000000000000, -16.05340546095174759, 0.000000000000000000 ) ) ;
#6126 = LINE ( 'NONE', #4686, #4919 ) ;
#6127 = LINE ( 'NONE', #9157, #4310 ) ;
#6128 = CARTESIAN_POINT ( 'NONE',  ( 12.14999999999999858, 39.49734969922095473, 3.500000000000000000 ) ) ;
#6129 = DIRECTION ( 'NONE',  ( -1.000000000000000000, 0.000000000000000000, 0.000000000000000000 ) ) ;
#6130 = VECTOR ( 'NONE', #4089, 1000.000000000000000 ) ;
#6131 = DIRECTION ( 'NONE',  ( 0.000000000000000000, 0.000000000000000000, -1.000000000000000000 ) ) ;
#6132 = DIRECTION ( 'NONE',  ( -1.000000000000000000, 1.014997778497068052E-15, -8.850629979473498616E-17 ) ) ;
#6133 = ORIENTED_EDGE ( 'NONE', *, *, #4778, .F. ) ;
#6134 = VECTOR ( 'NONE', #8365, 1000.000000000000000 ) ;
#6135 = ORIENTED_EDGE ( 'NONE', *, *, #6293, .F. ) ;
#6136 = CARTESIAN_POINT ( 'NONE',  ( 7.933315826311220675, 5.599999999999999645, 4.250000000000000000 ) ) ;
#6137 = ORIENTED_EDGE ( 'NONE', *, *, #4889, .T. ) ;
#6138 = AXIS2_PLACEMENT_3D ( 'NONE', #5866, #2980, #4423 ) ;
#6139 = CARTESIAN_POINT ( 'NONE',  ( 8.066223822781958930, 0.2000000000000000111, -2.600000000000000089 ) ) ;
#6140 = CARTESIAN_POINT ( 'NONE',  ( -7.933315826311220675, 39.49734969922095473, -4.250000000000000000 ) ) ;
#6141 = CARTESIAN_POINT ( 'NONE',  ( 0.000000000000000000, 1.399999999999999911, -5.485000000000000320 ) ) ;
#6142 = DIRECTION ( 'NONE',  ( 0.000000000000000000, 1.000000000000000000, 0.000000000000000000 ) ) ;
#6143 = DIRECTION ( 'NONE',  ( 0.2588190451025245697, 0.9659258262890672020, 0.000000000000000000 ) ) ;
#6144 = ORIENTED_EDGE ( 'NONE', *, *, #3577, .T. ) ;
#6145 = CARTESIAN_POINT ( 'NONE',  ( -7.977353375844240979, 3.012132034355975208, 1.752002295312004909 ) ) ;
#6146 = EDGE_CURVE ( 'NONE', #9744, #1123, #8256, .T. ) ;
#6147 = ADVANCED_FACE ( 'NONE', ( #4487 ), #8909, .F. ) ;
#6148 = CARTESIAN_POINT ( 'NONE',  ( -11.40000000000000036, 0.2500000000000109912, -1.750000000000000000 ) ) ;
#6149 = DIRECTION ( 'NONE',  ( 0.000000000000000000, -1.000000000000000000, 0.000000000000000000 ) ) ;
#6150 = ORIENTED_EDGE ( 'NONE', *, *, #2836, .F. ) ;
#6151 = DIRECTION ( 'NONE',  ( 1.000000000000000000, 0.000000000000000000, 4.446310337143589687E-16 ) ) ;
#6153 = ORIENTED_EDGE ( 'NONE', *, *, #4177, .T. ) ;
#6152 = VERTEX_POINT ( 'NONE', #1365 ) ;
#6154 = CARTESIAN_POINT ( 'NONE',  ( -8.666843969807059622, 4.315000000000000391, -0.9499999999999999556 ) ) ;
#6155 = DIRECTION ( 'NONE',  ( 0.5735764363510417185, -2.436726145482274414E-15, 0.8191520442889946851 ) ) ;
#6156 = ORIENTED_EDGE ( 'NONE', *, *, #1636, .T. ) ;
#6157 = DIRECTION ( 'NONE',  ( 0.000000000000000000, -1.000000000000000000, 0.000000000000000000 ) ) ;
#6158 = DIRECTION ( 'NONE',  ( 0.000000000000000000, 0.000000000000000000, 1.000000000000000000 ) ) ;
#6159 = VERTEX_POINT ( 'NONE', #8111 ) ;
#6160 = EDGE_CURVE ( 'NONE', #4770, #5639, #41, .T. ) ;
#6161 = CARTESIAN_POINT ( 'NONE',  ( 8.616843969807041148, 0.2000000000000000111, 4.000000000000000000 ) ) ;
#6162 = DIRECTION ( 'NONE',  ( 0.000000000000000000, -1.000000000000000000, 0.000000000000000000 ) ) ;
#6163 = EDGE_CURVE ( 'NONE', #4928, #4971, #7511, .T. ) ;
#6164 = ORIENTED_EDGE ( 'NONE', *, *, #531, .T. ) ;
#6165 = AXIS2_PLACEMENT_3D ( 'NONE', #8775, #6387, #4847 ) ;
#6166 = DIRECTION ( 'NONE',  ( 0.000000000000000000, 1.000000000000000000, 0.000000000000000000 ) ) ;
#6167 = CARTESIAN_POINT ( 'NONE',  ( 9.866843969807048254, 4.700000000000000178, -0.3250000000000000111 ) ) ;
#6168 = AXIS2_PLACEMENT_3D ( 'NONE', #2698, #5722, #1903 ) ;
#6169 = ORIENTED_EDGE ( 'NONE', *, *, #1834, .T. ) ;
#6170 = ORIENTED_EDGE ( 'NONE', *, *, #372, .T. ) ;
#6171 = EDGE_CURVE ( 'NONE', #9230, #22, #6620, .T. ) ;
#6172 = AXIS2_PLACEMENT_3D ( 'NONE', #350, #1130, #4740 ) ;
#6173 = EDGE_CURVE ( 'NONE', #3249, #8918, #2901, .T. ) ;
#6174 = DIRECTION ( 'NONE',  ( 0.000000000000000000, 1.000000000000000000, 0.000000000000000000 ) ) ;
#6175 = DIRECTION ( 'NONE',  ( 1.000000000000000000, 0.000000000000000000, 0.000000000000000000 ) ) ;
#6176 = VECTOR ( 'NONE', #8639, 1000.000000000000000 ) ;
#6177 = DIRECTION ( 'NONE',  ( -0.4055797876726384699, -0.7071067811865430208, 0.5792279653395749905 ) ) ;
#6178 = CYLINDRICAL_SURFACE ( 'NONE', #7572, 6.100000000000000533 ) ;
#6179 = LINE ( 'NONE', #2316, #7799 ) ;
#6180 = DIRECTION ( 'NONE',  ( 0.9648134530529778319, -0.2585209855922324662, -0.04797812852133719747 ) ) ;
#6181 = VECTOR ( 'NONE', #1226, 1000.000000000000000 ) ;
#6182 = FACE_BOUND ( 'NONE', #3980, .T. ) ;
#6183 = EDGE_LOOP ( 'NONE', ( #645, #5436, #665, #2849 ) ) ;
#6184 = ORIENTED_EDGE ( 'NONE', *, *, #5126, .T. ) ;
#6185 = STYLED_ITEM ( 'NONE', ( #3592 ), #9270 ) ;
#6186 = CARTESIAN_POINT ( 'NONE',  ( 0.000000000000000000, 5.599999999999999645, 0.000000000000000000 ) ) ;
#6187 = ORIENTED_EDGE ( 'NONE', *, *, #2846, .T. ) ;
#6188 = ADVANCED_FACE ( 'NONE', ( #1414 ), #731, .F. ) ;
#6189 = AXIS2_PLACEMENT_3D ( 'NONE', #6536, #4252, #406 ) ;
#6190 = LINE ( 'NONE', #5552, #4053 ) ;
#6191 = DIRECTION ( 'NONE',  ( -0.9659258262890674240, 0.2588190451025237371, 0.000000000000000000 ) ) ;
#6192 = EDGE_CURVE ( 'NONE', #3799, #4454, #3739, .T. ) ;
#6193 = LINE ( 'NONE', #6890, #8224 ) ;
#6194 = CARTESIAN_POINT ( 'NONE',  ( -9.866843969807048254, 4.349999999999999645, 0.6250000000000000000 ) ) ;
#6195 = FACE_OUTER_BOUND ( 'NONE', #3452, .T. ) ;
#6196 = ORIENTED_EDGE ( 'NONE', *, *, #3868, .T. ) ;
#6197 = CARTESIAN_POINT ( 'NONE',  ( -11.15000000000000036, 4.349999999999999645, -2.100000000000000089 ) ) ;
#6198 = VECTOR ( 'NONE', #4593, 1000.000000000000000 ) ;
#6199 = AXIS2_PLACEMENT_3D ( 'NONE', #7552, #918, #2495 ) ;
#6200 = VECTOR ( 'NONE', #8366, 1000.000000000000000 ) ;
#6201 = CARTESIAN_POINT ( 'NONE',  ( -7.167387715921189617, 1.899999999999999911, -2.908753138060674814 ) ) ;
#6202 = DIRECTION ( 'NONE',  ( -1.000000000000000000, 0.000000000000000000, 0.000000000000000000 ) ) ;
#6203 = ORIENTED_EDGE ( 'NONE', *, *, #3353, .T. ) ;
#6204 = CARTESIAN_POINT ( 'NONE',  ( -4.297588409752299832, 1.399999999999999911, -4.329056925054545424 ) ) ;
#6205 = VECTOR ( 'NONE', #5881, 1000.000000000000000 ) ;
#6207 = VERTEX_POINT ( 'NONE', #2942 ) ;
#6206 = VERTEX_POINT ( 'NONE', #5922 ) ;
#6208 = CARTESIAN_POINT ( 'NONE',  ( -8.660685763962202799, 4.225427225898169326, -1.005012580728036786 ) ) ;
#6209 = AXIS2_PLACEMENT_3D ( 'NONE', #2597, #428, #9492 ) ;
#6210 = EDGE_CURVE ( 'NONE', #7233, #7197, #9050, .T. ) ;
#6211 = ORIENTED_EDGE ( 'NONE', *, *, #5823, .T. ) ;
#6212 = LINE ( 'NONE', #7607, #5890 ) ;
#6213 = ADVANCED_FACE ( 'NONE', ( #4433 ), #3972, .F. ) ;
#6214 = LINE ( 'NONE', #279, #1450 ) ;
#6215 = ORIENTED_EDGE ( 'NONE', *, *, #9753, .T. ) ;
#6216 = CARTESIAN_POINT ( 'NONE',  ( 8.466843969807049675, 1.600000000000000089, -2.599999999999914824 ) ) ;
#6217 = PLANE ( 'NONE',  #9061 ) ;
#6218 = VERTEX_POINT ( 'NONE', #585 ) ;
#6219 = CARTESIAN_POINT ( 'NONE',  ( 0.000000000000000000, 1.399999999999999911, 1.250000000000000000 ) ) ;
#6220 = CARTESIAN_POINT ( 'NONE',  ( -8.266843969807050385, 5.000000000000000000, 0.000000000000000000 ) ) ;
#6221 = EDGE_LOOP ( 'NONE', ( #7287, #9129, #2266, #8917 ) ) ;
#6223 = EDGE_CURVE ( 'NONE', #6597, #8274, #3696, .T. ) ;
#6222 = ORIENTED_EDGE ( 'NONE', *, *, #5013, .F. ) ;
#6224 = EDGE_CURVE ( 'NONE', #7903, #2852, #5248, .T. ) ;
#6225 = CARTESIAN_POINT ( 'NONE',  ( 8.466843969807069215, 1.600000000000000089, 2.000000000000000000 ) ) ;
#6226 = CARTESIAN_POINT ( 'NONE',  ( -12.14999999999999858, 4.299999999999999822, -2.600000000000000089 ) ) ;
#6227 = ADVANCED_FACE ( 'NONE', ( #4384 ), #2854, .T. ) ;
#6228 = CARTESIAN_POINT ( 'NONE',  ( 9.866843969807048254, 5.000000000000000000, 0.3250000000000000111 ) ) ;
#6229 = CARTESIAN_POINT ( 'NONE',  ( -8.516843969807039727, 4.315000000000000391, 0.9499999999999999556 ) ) ;
#6230 = DIRECTION ( 'NONE',  ( 0.000000000000000000, -1.000000000000000000, 0.000000000000000000 ) ) ;
#6231 = CARTESIAN_POINT ( 'NONE',  ( -9.747716655431501565, 1.899999999999975042, -4.715518912566440513 ) ) ;
#6232 = ORIENTED_EDGE ( 'NONE', *, *, #3471, .F. ) ;
#6233 = EDGE_CURVE ( 'NONE', #234, #4971, #9049, .T. ) ;
#6234 = AXIS2_PLACEMENT_3D ( 'NONE', #8371, #9116, #1439 ) ;
#6235 = ORIENTED_EDGE ( 'NONE', *, *, #1096, .T. ) ;
#6236 = EDGE_CURVE ( 'NONE', #1645, #4238, #5282, .T. ) ;
#6237 = CYLINDRICAL_SURFACE ( 'NONE', #2595, 6.100000000000000533 ) ;
#6238 = ORIENTED_EDGE ( 'NONE', *, *, #4112, .F. ) ;
#6239 = DIRECTION ( 'NONE',  ( 0.8191520442889946851, -5.800009312744919496E-16, -0.5735764363510417185 ) ) ;
#6240 = FACE_OUTER_BOUND ( 'NONE', #8131, .T. ) ;
#6241 = LINE ( 'NONE', #4701, #9499 ) ;
#6242 = CARTESIAN_POINT ( 'NONE',  ( 5.332682251925390027, 0.2000000000000000111, -7.250000000000000000 ) ) ;
#6243 = DIRECTION ( 'NONE',  ( 0.000000000000000000, -1.000000000000000000, 0.000000000000000000 ) ) ;
#6244 = EDGE_LOOP ( 'NONE', ( #1987, #4335, #6669, #7465, #5968, #5844, #5420, #9802, #631, #4917, #1328, #511 ) ) ;
#6245 = ADVANCED_FACE ( 'NONE', ( #7418 ), #635, .T. ) ;
#6246 = FACE_OUTER_BOUND ( 'NONE', #4067, .T. ) ;
#6247 = CIRCLE ( 'NONE', #8790, 0.5000000000000004441 ) ;
#6248 = DIRECTION ( 'NONE',  ( -1.000000000000000000, 0.000000000000000000, 0.000000000000000000 ) ) ;
#6249 = ADVANCED_FACE ( 'NONE', ( #8494 ), #5545, .T. ) ;
#6250 = DIRECTION ( 'NONE',  ( 0.000000000000000000, -1.000000000000000000, 0.000000000000000000 ) ) ;
#6251 = EDGE_LOOP ( 'NONE', ( #1879, #9392, #7246, #8661 ) ) ;
#6252 = DIRECTION ( 'NONE',  ( -0.000000000000000000, 1.000000000000000000, 0.000000000000000000 ) ) ;
#6254 = EDGE_LOOP ( 'NONE', ( #8025, #2511, #9426, #7267, #7985, #4766 ) ) ;
#6253 = ORIENTED_EDGE ( 'NONE', *, *, #1932, .F. ) ;
#6255 = CARTESIAN_POINT ( 'NONE',  ( -8.521752727684591022, 4.349999999999999645, -1.236036465452655886 ) ) ;
#6256 = FACE_OUTER_BOUND ( 'NONE', #8856, .T. ) ;
#6257 = VERTEX_POINT ( 'NONE', #2402 ) ;
#6258 = FACE_OUTER_BOUND ( 'NONE', #9041, .T. ) ;
#6259 = FACE_OUTER_BOUND ( 'NONE', #1501, .T. ) ;
#6260 = EDGE_LOOP ( 'NONE', ( #1424, #6751, #5992, #124 ) ) ;
#6261 = DIRECTION ( 'NONE',  ( -2.168404344971020306E-15, 8.375202475405620104E-31, -1.000000000000000000 ) ) ;
#6262 = CARTESIAN_POINT ( 'NONE',  ( -6.639278890389650023, 5.482709875410599842, -4.250000000000000000 ) ) ;
#6263 = EDGE_CURVE ( 'NONE', #5962, #395, #6961, .T. ) ;
#6264 = ORIENTED_EDGE ( 'NONE', *, *, #8114, .T. ) ;
#6265 = FACE_OUTER_BOUND ( 'NONE', #7037, .T. ) ;
#6266 = LINE ( 'NONE', #7663, #2366 ) ;
#6267 = ORIENTED_EDGE ( 'NONE', *, *, #1610, .F. ) ;
#6268 = VERTEX_POINT ( 'NONE', #4774 ) ;
#6269 = AXIS2_PLACEMENT_3D ( 'NONE', #1343, #4362, #7392 ) ;
#6270 = CARTESIAN_POINT ( 'NONE',  ( 11.25000000000000000, 4.349999999999999645, 0.000000000000000000 ) ) ;
#6271 = CARTESIAN_POINT ( 'NONE',  ( 0.000000000000000000, 1.399999999999999911, 0.000000000000000000 ) ) ;
#6272 = EDGE_CURVE ( 'NONE', #6629, #1998, #7706, .T. ) ;
#6273 = ORIENTED_EDGE ( 'NONE', *, *, #9086, .T. ) ;
#6274 = PLANE ( 'NONE',  #2876 ) ;
#6275 = DIRECTION ( 'NONE',  ( 0.000000000000000000, 1.000000000000000000, 0.000000000000000000 ) ) ;
#6276 = DIRECTION ( 'NONE',  ( 0.000000000000000000, 0.000000000000000000, 1.000000000000000000 ) ) ;
#6277 = PLANE ( 'NONE',  #3955 ) ;
#6278 = AXIS2_PLACEMENT_3D ( 'NONE', #4397, #7523, #5892 ) ;
#6279 = ORIENTED_EDGE ( 'NONE', *, *, #930, .F. ) ;
#6280 = PLANE ( 'NONE',  #233 ) ;
#6281 = ORIENTED_EDGE ( 'NONE', *, *, #9720, .T. ) ;
#6282 = AXIS2_PLACEMENT_3D ( 'NONE', #1147, #7189, #4058 ) ;
#6283 = DIRECTION ( 'NONE',  ( -1.000000000000000000, 1.014997778497068052E-15, 0.000000000000000000 ) ) ;
#6285 = AXIS2_PLACEMENT_3D ( 'NONE', #806, #6889, #7682 ) ;
#6284 = DIRECTION ( 'NONE',  ( -0.4226182617406998299, 1.262761915484251618E-15, -0.9063077870366497146 ) ) ;
#6286 = LINE ( 'NONE', #7141, #4901 ) ;
#6287 = LINE ( 'NONE', #2437, #7361 ) ;
#6288 = LINE ( 'NONE', #4610, #8572 ) ;
#6289 = LINE ( 'NONE', #9321, #9358 ) ;
#6290 = VECTOR ( 'NONE', #2816, 1000.000000000000000 ) ;
#6291 = EDGE_CURVE ( 'NONE', #2960, #3161, #135, .T. ) ;
#6292 = FACE_OUTER_BOUND ( 'NONE', #111, .T. ) ;
#6293 = EDGE_CURVE ( 'NONE', #2343, #4866, #9239, .T. ) ;
#6294 = CARTESIAN_POINT ( 'NONE',  ( 7.741843969807050030, 1.875000000000024869, 0.2750000000000220046 ) ) ;
#6295 = ORIENTED_EDGE ( 'NONE', *, *, #3551, .T. ) ;
#6296 = PLANE ( 'NONE',  #1400 ) ;
#6297 = VECTOR ( 'NONE', #3104, 1000.000000000000000 ) ;
#6299 = ORIENTED_EDGE ( 'NONE', *, *, #6052, .T. ) ;
#6298 = ORIENTED_EDGE ( 'NONE', *, *, #1968, .T. ) ;
#6300 = DIRECTION ( 'NONE',  ( 0.000000000000000000, 1.000000000000000000, 0.000000000000000000 ) ) ;
#6301 = DIRECTION ( 'NONE',  ( 0.000000000000000000, 1.000000000000000000, 0.000000000000000000 ) ) ;
#6302 = ORIENTED_EDGE ( 'NONE', *, *, #367, .F. ) ;
#6303 = LINE ( 'NONE', #5520, #9214 ) ;
#6304 = AXIS2_PLACEMENT_3D ( 'NONE', #171, #6250, #1010 ) ;
#6305 = EDGE_CURVE ( 'NONE', #2555, #4327, #5426, .T. ) ;
#6306 = CARTESIAN_POINT ( 'NONE',  ( -3.819999999999999840, 1.300000000000000044, 0.8750000000000000000 ) ) ;
#6307 = VERTEX_POINT ( 'NONE', #7804 ) ;
#6308 = LINE ( 'NONE', #5576, #5895 ) ;
#6309 = CARTESIAN_POINT ( 'NONE',  ( 0.000000000000000000, 5.000000000000000000, 0.000000000000000000 ) ) ;
#6310 = ORIENTED_EDGE ( 'NONE', *, *, #8410, .T. ) ;
#6311 = DIRECTION ( 'NONE',  ( 0.9659258262890672020, -0.2588190451025245697, 0.000000000000000000 ) ) ;
#6312 = CARTESIAN_POINT ( 'NONE',  ( -3.899999999999999911, 1.600000000000000089, 7.250000000000000000 ) ) ;
#6313 = ORIENTED_EDGE ( 'NONE', *, *, #2106, .T. ) ;
#6314 = VECTOR ( 'NONE', #2571, 1000.000000000000114 ) ;
#6315 = EDGE_LOOP ( 'NONE', ( #722, #5378, #1620, #7103 ) ) ;
#6316 = CARTESIAN_POINT ( 'NONE',  ( -11.25000000000000000, 0.2000000000000000111, -2.600000000000000089 ) ) ;
#6317 = DIRECTION ( 'NONE',  ( 0.000000000000000000, 1.000000000000000000, 0.000000000000000000 ) ) ;
#6318 = ORIENTED_EDGE ( 'NONE', *, *, #5628, .T. ) ;
#6319 = CIRCLE ( 'NONE', #6968, 0.5000000000000004441 ) ;
#6320 = CARTESIAN_POINT ( 'NONE',  ( -6.777720855862980009, 5.000000000000000000, 4.250000000000000000 ) ) ;
#6321 = PRODUCT_DEFINITION_SHAPE ( 'NONE', 'NONE',  #5428 ) ;
#6322 = DIRECTION ( 'NONE',  ( 2.102695122396129226E-15, 0.000000000000000000, 1.000000000000000000 ) ) ;
#6323 = VECTOR ( 'NONE', #3843, 1000.000000000000114 ) ;
#6324 = DIRECTION ( 'NONE',  ( 0.1760260005402189964, -0.04716602469163280048, 0.9832549075639557268 ) ) ;
#6325 = DIRECTION ( 'NONE',  ( -1.000000000000000000, 0.000000000000000000, 0.000000000000000000 ) ) ;
#6326 = VERTEX_POINT ( 'NONE', #9144 ) ;
#6327 = AXIS2_PLACEMENT_3D ( 'NONE', #9793, #8303, #690 ) ;
#6328 = CARTESIAN_POINT ( 'NONE',  ( -7.290260522564540047, 1.899999999999999911, 2.994789603513335230 ) ) ;
#6329 = EDGE_CURVE ( 'NONE', #9117, #7205, #4447, .T. ) ;
#6330 = CARTESIAN_POINT ( 'NONE',  ( -4.297588409752299832, 1.399999999999999911, 4.329056925054540095 ) ) ;
#6331 = EDGE_LOOP ( 'NONE', ( #2517, #8280, #582, #8442 ) ) ;
#6332 = VECTOR ( 'NONE', #5941, 1000.000000000000114 ) ;
#6333 = AXIS2_PLACEMENT_3D ( 'NONE', #6197, #6000, #2287 ) ;
#6334 = PLANE ( 'NONE',  #8014 ) ;
#6335 = AXIS2_PLACEMENT_3D ( 'NONE', #9458, #352, #4197 ) ;
#6336 = DIRECTION ( 'NONE',  ( 7.279101552726930441E-16, 1.000000000000000000, 0.000000000000000000 ) ) ;
#6337 = DIRECTION ( 'NONE',  ( -9.611185121925931303E-16, 1.000000000000000000, 1.196577425512930062E-15 ) ) ;
#6338 = CIRCLE ( 'NONE', #7294, 0.8250000000000001776 ) ;
#6339 = FACE_OUTER_BOUND ( 'NONE', #2184, .T. ) ;
#6340 = DIRECTION ( 'NONE',  ( 0.000000000000000000, -1.000000000000000000, 0.000000000000000000 ) ) ;
#6341 = AXIS2_PLACEMENT_3D ( 'NONE', #6542, #4210, #4405 ) ;
#6342 = DIRECTION ( 'NONE',  ( 1.000000000000000000, 0.000000000000000000, -1.495451272393797817E-16 ) ) ;
#6343 = ADVANCED_FACE ( 'NONE', ( #6861 ), #827, .F. ) ;
#6344 = CARTESIAN_POINT ( 'NONE',  ( 7.733182394472060488E-16, 1.600000000000000089, 4.250000000000000000 ) ) ;
#6345 = AXIS2_PLACEMENT_3D ( 'NONE', #3051, #3794, #6820 ) ;
#6346 = ADVANCED_FACE ( 'NONE', ( #6259 ), #1707, .T. ) ;
#6347 = EDGE_CURVE ( 'NONE', #5223, #5154, #1739, .T. ) ;
#6348 = FACE_OUTER_BOUND ( 'NONE', #2727, .T. ) ;
#6349 = DIRECTION ( 'NONE',  ( 0.000000000000000000, 0.000000000000000000, 1.000000000000000000 ) ) ;
#6350 = EDGE_CURVE ( 'NONE', #9669, #4088, #3141, .T. ) ;
#6351 = ORIENTED_EDGE ( 'NONE', *, *, #2518, .T. ) ;
#6352 = ADVANCED_FACE ( 'NONE', ( #88 ), #9193, .F. ) ;
#6353 = DIRECTION ( 'NONE',  ( 0.000000000000000000, 0.000000000000000000, -1.000000000000000000 ) ) ;
#6355 = ORIENTED_EDGE ( 'NONE', *, *, #3987, .T. ) ;
#6354 = ORIENTED_EDGE ( 'NONE', *, *, #8276, .F. ) ;
#6356 = LINE ( 'NONE', #9386, #4063 ) ;
#6357 = DIRECTION ( 'NONE',  ( 1.000000000000000000, 0.000000000000000000, 1.445602896647339903E-16 ) ) ;
#6358 = AXIS2_PLACEMENT_3D ( 'NONE', #244, #3251, #3152 ) ;
#6359 = ORIENTED_EDGE ( 'NONE', *, *, #6617, .T. ) ;
#6360 = EDGE_CURVE ( 'NONE', #7629, #8357, #6214, .T. ) ;
#6361 = LINE ( 'NONE', #7204, #6963 ) ;
#6362 = ORIENTED_EDGE ( 'NONE', *, *, #9375, .T. ) ;
#6363 = CIRCLE ( 'NONE', #2722, 0.5999999999999998668 ) ;
#6364 = DIRECTION ( 'NONE',  ( 0.000000000000000000, 0.000000000000000000, 1.000000000000000000 ) ) ;
#6365 = CYLINDRICAL_SURFACE ( 'NONE', #7730, 0.2500000000000002220 ) ;
#6366 = LINE ( 'NONE', #9395, #5935 ) ;
#6367 = CIRCLE ( 'NONE', #368, 0.09999999999999939493 ) ;
#6368 = ORIENTED_EDGE ( 'NONE', *, *, #580, .F. ) ;
#6369 = DIRECTION ( 'NONE',  ( 0.000000000000000000, -1.000000000000000000, 0.000000000000000000 ) ) ;
#6370 = CARTESIAN_POINT ( 'NONE',  ( -7.290260522564540047, 4.349999999999999645, -2.994789603513335230 ) ) ;
#6371 = ORIENTED_EDGE ( 'NONE', *, *, #3245, .F. ) ;
#6372 = ORIENTED_EDGE ( 'NONE', *, *, #3340, .T. ) ;
#6373 = PLANE ( 'NONE',  #3916 ) ;
#6374 = CARTESIAN_POINT ( 'NONE',  ( 11.15000000000000036, 4.450000000000000178, 2.600000000000000089 ) ) ;
#6375 = ORIENTED_EDGE ( 'NONE', *, *, #3442, .F. ) ;
#6376 = DIRECTION ( 'NONE',  ( 0.000000000000000000, 0.000000000000000000, 1.000000000000000000 ) ) ;
#6377 = EDGE_CURVE ( 'NONE', #3813, #2350, #8349, .T. ) ;
#6378 = CARTESIAN_POINT ( 'NONE',  ( -8.666843969807048964, 4.349999999999999645, -2.600000000000000089 ) ) ;
#6379 = DIRECTION ( 'NONE',  ( 0.4055797876726384699, 0.7071067811865429098, 0.5792279653395752126 ) ) ;
#6380 = DIRECTION ( 'NONE',  ( 0.000000000000000000, 0.000000000000000000, 1.000000000000000000 ) ) ;
#6381 = ORIENTED_EDGE ( 'NONE', *, *, #4802, .F. ) ;
#6382 = CARTESIAN_POINT ( 'NONE',  ( -8.621631980879289614, 4.216094314104419816, -1.093394109087749921 ) ) ;
#6383 = ORIENTED_EDGE ( 'NONE', *, *, #369, .F. ) ;
#6384 = CARTESIAN_POINT ( 'NONE',  ( -8.266843969807050385, 1.600000000000000089, 3.500000000000000000 ) ) ;
#6385 = CARTESIAN_POINT ( 'NONE',  ( 0.000000000000000000, 5.000000000000000000, 0.000000000000000000 ) ) ;
#6386 = CARTESIAN_POINT ( 'NONE',  ( -3.819999999999999840, -7.269011204192789677, 0.1499999999999999944 ) ) ;
#6387 = DIRECTION ( 'NONE',  ( -0.000000000000000000, 1.000000000000000000, 0.000000000000000000 ) ) ;
#6388 = FACE_BOUND ( 'NONE', #9006, .T. ) ;
#6389 = EDGE_CURVE ( 'NONE', #9340, #2155, #7752, .T. ) ;
#6390 = CARTESIAN_POINT ( 'NONE',  ( 7.741843969807039372, 0.4869809856503239942, -2.587001303458699830 ) ) ;
#6391 = FACE_OUTER_BOUND ( 'NONE', #8553, .T. ) ;
#6392 = DIRECTION ( 'NONE',  ( -7.477256361969000177E-17, 0.000000000000000000, -1.000000000000000000 ) ) ;
#6393 = CARTESIAN_POINT ( 'NONE',  ( -3.819999999999999840, -7.269011204192789677, -0.8750000000000000000 ) ) ;
#6394 = EDGE_CURVE ( 'NONE', #3748, #7748, #232, .T. ) ;
#6395 = ORIENTED_EDGE ( 'NONE', *, *, #1758, .F. ) ;
#6396 = CARTESIAN_POINT ( 'NONE',  ( -8.595332766854788531, 4.215129277476970415, -1.130953279175730186 ) ) ;
#6398 = ORIENTED_EDGE ( 'NONE', *, *, #3741, .F. ) ;
#6397 = ORIENTED_EDGE ( 'NONE', *, *, #9010, .F. ) ;
#6399 = DIRECTION ( 'NONE',  ( 0.000000000000000000, -1.000000000000000000, 0.000000000000000000 ) ) ;
#6400 = CARTESIAN_POINT ( 'NONE',  ( 8.100375399510909347, 0.7733832102757189908, -2.000000000000000000 ) ) ;
#6401 = VECTOR ( 'NONE', #2087, 1000.000000000000000 ) ;
#6402 = VERTEX_POINT ( 'NONE', #3838 ) ;
#6403 = DIRECTION ( 'NONE',  ( 0.000000000000000000, 1.000000000000000000, 0.000000000000000000 ) ) ;
#6404 = ORIENTED_EDGE ( 'NONE', *, *, #535, .F. ) ;
#6405 = LINE ( 'NONE', #9436, #5899 ) ;
#6407 = CIRCLE ( 'NONE', #573, 7.649999999999999467 ) ;
#6406 = DIRECTION ( 'NONE',  ( 8.850629979473498616E-17, -6.442463442619710214E-32, -1.000000000000000000 ) ) ;
#6409 = ORIENTED_EDGE ( 'NONE', *, *, #1564, .F. ) ;
#6408 = ORIENTED_EDGE ( 'NONE', *, *, #2952, .F. ) ;
#6410 = PLANE ( 'NONE',  #3337 ) ;
#6411 = DIRECTION ( 'NONE',  ( 0.000000000000000000, 0.000000000000000000, 1.000000000000000000 ) ) ;
#6412 = ORIENTED_EDGE ( 'NONE', *, *, #787, .F. ) ;
#6413 = ORIENTED_EDGE ( 'NONE', *, *, #2465, .F. ) ;
#6414 = CARTESIAN_POINT ( 'NONE',  ( 7.741843969807050030, 4.750000000000000000, -2.000000000000000000 ) ) ;
#6415 = VERTEX_POINT ( 'NONE', #3342 ) ;
#6416 = CARTESIAN_POINT ( 'NONE',  ( -9.266843969807039727, 4.315000000000000391, 0.9499999999999999556 ) ) ;
#6417 = EDGE_CURVE ( 'NONE', #5908, #1580, #6481, .T. ) ;
#6418 = DIRECTION ( 'NONE',  ( 0.000000000000000000, 0.000000000000000000, 1.000000000000000000 ) ) ;
#6419 = DIRECTION ( 'NONE',  ( -0.000000000000000000, 1.000000000000000000, 0.000000000000000000 ) ) ;
#6420 = DIRECTION ( 'NONE',  ( 0.000000000000000000, 0.000000000000000000, -1.000000000000000000 ) ) ;
#6421 = ORIENTED_EDGE ( 'NONE', *, *, #3821, .T. ) ;
#6422 = AXIS2_PLACEMENT_3D ( 'NONE', #258, #6283, #307 ) ;
#6423 = CYLINDRICAL_SURFACE ( 'NONE', #1738, 6.100000000000000533 ) ;
#6424 = ORIENTED_EDGE ( 'NONE', *, *, #2135, .F. ) ;
#6425 = CARTESIAN_POINT ( 'NONE',  ( -8.596013001855828506, 4.215183462985574891, 1.129981802914880040 ) ) ;
#6426 = CIRCLE ( 'NONE', #2162, 0.5000000000000004441 ) ;
#6427 = CARTESIAN_POINT ( 'NONE',  ( 11.44999999999999929, 0.2000000000000000111, 2.600000000000000089 ) ) ;
#6428 = CARTESIAN_POINT ( 'NONE',  ( 8.616843969807041148, 1.600000000000000089, 4.000000000000000000 ) ) ;
#6429 = DIRECTION ( 'NONE',  ( -0.5735764363510417185, 2.764992862514373901E-16, 0.8191520442889946851 ) ) ;
#6430 = DIRECTION ( 'NONE',  ( 7.279101552726930441E-16, 1.000000000000000000, 0.000000000000000000 ) ) ;
#6431 = ORIENTED_EDGE ( 'NONE', *, *, #6448, .F. ) ;
#6432 = ORIENTED_EDGE ( 'NONE', *, *, #2828, .T. ) ;
#6433 = DIRECTION ( 'NONE',  ( 0.000000000000000000, 1.000000000000000000, 0.000000000000000000 ) ) ;
#6434 = AXIS2_PLACEMENT_3D ( 'NONE', #9319, #8584, #7044 ) ;
#6435 = PLANE ( 'NONE',  #5238 ) ;
#6436 = CARTESIAN_POINT ( 'NONE',  ( -7.462333453469850220, 1.899999999999999911, -2.749043990226635259 ) ) ;
#6437 = CARTESIAN_POINT ( 'NONE',  ( -5.226582641783249272, 5.481007602317289340, 5.899999999999999467 ) ) ;
#6438 = ORIENTED_EDGE ( 'NONE', *, *, #2548, .F. ) ;
#6439 = LINE ( 'NONE', #9479, #8364 ) ;
#6440 = EDGE_CURVE ( 'NONE', #222, #7386, #3385, .T. ) ;
#6441 = EDGE_LOOP ( 'NONE', ( #7928, #1814, #2144, #9612, #7151, #4188, #2917, #8651, #5918 ) ) ;
#6443 = ORIENTED_EDGE ( 'NONE', *, *, #965, .T. ) ;
#6442 = ORIENTED_EDGE ( 'NONE', *, *, #2697, .T. ) ;
#6444 = VECTOR ( 'NONE', #8481, 1000.000000000000000 ) ;
#6445 = CARTESIAN_POINT ( 'NONE',  ( -8.666843969807048964, -7.269011204192789677, -1.250000000000000000 ) ) ;
#6446 = VECTOR ( 'NONE', #7533, 1000.000000000000000 ) ;
#6447 = LINE ( 'NONE', #5570, #6494 ) ;
#6448 = EDGE_CURVE ( 'NONE', #1616, #8157, #8691, .T. ) ;
#6449 = ORIENTED_EDGE ( 'NONE', *, *, #3575, .F. ) ;
#6450 = EDGE_CURVE ( 'NONE', #3446, #2272, #6361, .T. ) ;
#6451 = AXIS2_PLACEMENT_3D ( 'NONE', #149, #4543, #4079 ) ;
#6452 = DIRECTION ( 'NONE',  ( 1.000000000000000000, 0.000000000000000000, 0.000000000000000000 ) ) ;
#6453 = ORIENTED_EDGE ( 'NONE', *, *, #5165, .F. ) ;
#6454 = DIRECTION ( 'NONE',  ( 0.000000000000000000, 0.000000000000000000, -1.000000000000000000 ) ) ;
#6455 = CARTESIAN_POINT ( 'NONE',  ( 8.466843969807049675, 1.600000000000000089, -2.000000000000000000 ) ) ;
#6457 = ORIENTED_EDGE ( 'NONE', *, *, #2930, .T. ) ;
#6456 = ORIENTED_EDGE ( 'NONE', *, *, #1499, .T. ) ;
#6458 = DIRECTION ( 'NONE',  ( 0.2588190451025246253, 0.9659258262890674240, 0.000000000000000000 ) ) ;
#6459 = DIRECTION ( 'NONE',  ( 0.000000000000000000, -1.000000000000000000, 0.000000000000000000 ) ) ;
#6460 = ORIENTED_EDGE ( 'NONE', *, *, #5579, .T. ) ;
#6461 = VECTOR ( 'NONE', #9326, 1000.000000000000000 ) ;
#6462 = ORIENTED_EDGE ( 'NONE', *, *, #3134, .F. ) ;
#6463 = EDGE_CURVE ( 'NONE', #9658, #748, #194, .T. ) ;
#6464 = DIRECTION ( 'NONE',  ( 0.000000000000000000, -1.000000000000000000, 0.000000000000000000 ) ) ;
#6465 = VERTEX_POINT ( 'NONE', #8642 ) ;
#6466 = EDGE_CURVE ( 'NONE', #6918, #1616, #6992, .T. ) ;
#6467 = CARTESIAN_POINT ( 'NONE',  ( 0.000000000000000000, 1.399999999999999911, 0.000000000000000000 ) ) ;
#6468 = CARTESIAN_POINT ( 'NONE',  ( -11.15000000000000036, 4.349999999999999645, -2.100000000000000089 ) ) ;
#6469 = FACE_OUTER_BOUND ( 'NONE', #7215, .T. ) ;
#6470 = DIRECTION ( 'NONE',  ( 0.4226182617407006625, -2.992350285788162121E-16, 0.9063077870366493816 ) ) ;
#6471 = ORIENTED_EDGE ( 'NONE', *, *, #7692, .F. ) ;
#6472 = LINE ( 'NONE', #1086, #5687 ) ;
#6473 = ADVANCED_FACE ( 'NONE', ( #1895 ), #2744, .T. ) ;
#6474 = EDGE_LOOP ( 'NONE', ( #8787, #3396, #4788, #1221 ) ) ;
#6475 = EDGE_CURVE ( 'NONE', #2013, #9434, #8255, .T. ) ;
#6476 = AXIS2_PLACEMENT_3D ( 'NONE', #9317, #5646, #7184 ) ;
#6477 = CIRCLE ( 'NONE', #8234, 6.100000000000000533 ) ;
#6478 = DIRECTION ( 'NONE',  ( 1.000000000000000000, 0.000000000000000000, -9.757819552369560416E-15 ) ) ;
#6479 = CARTESIAN_POINT ( 'NONE',  ( -1.931937314617169887, 0.2000000000000000111, 5.799999999999999822 ) ) ;
#6480 = DIRECTION ( 'NONE',  ( 1.000000000000000000, 0.000000000000000000, 8.850629979473498616E-17 ) ) ;
#6481 = CIRCLE ( 'NONE', #2210, 9.000000000000000000 ) ;
#6482 = CARTESIAN_POINT ( 'NONE',  ( 7.078975818093590000, 1.202357830327491994, -0.5742379875259430166 ) ) ;
#6483 = CARTESIAN_POINT ( 'NONE',  ( -5.266843969807050385, 1.399999999999999911, -1.250000000000000000 ) ) ;
#6484 = VERTEX_POINT ( 'NONE', #4179 ) ;
#6485 = VERTEX_POINT ( 'NONE', #7310 ) ;
#6486 = AXIS2_PLACEMENT_3D ( 'NONE', #2317, #6131, #3805 ) ;
#6487 = CARTESIAN_POINT ( 'NONE',  ( -11.40000000000000036, 1.500000000000000000, 1.750000000000000000 ) ) ;
#6488 = AXIS2_PLACEMENT_3D ( 'NONE', #684, #630, #8251 ) ;
#6489 = VECTOR ( 'NONE', #2368, 1000.000000000000000 ) ;
#6490 = EDGE_CURVE ( 'NONE', #7494, #322, #2689, .T. ) ;
#6491 = CIRCLE ( 'NONE', #9195, 8.000000000000000000 ) ;
#6492 = CARTESIAN_POINT ( 'NONE',  ( 0.000000000000000000, 5.599999999999999645, 0.000000000000000000 ) ) ;
#6493 = CARTESIAN_POINT ( 'NONE',  ( -6.360817557515700216, 5.599999999999999645, -4.250000000000000000 ) ) ;
#6494 = VECTOR ( 'NONE', #7055, 1000.000000000000000 ) ;
#6495 = DIRECTION ( 'NONE',  ( 0.000000000000000000, 1.000000000000000000, 0.000000000000000000 ) ) ;
#6496 = VERTEX_POINT ( 'NONE', #7253 ) ;
#6498 = ORIENTED_EDGE ( 'NONE', *, *, #6972, .F. ) ;
#6497 = ORIENTED_EDGE ( 'NONE', *, *, #2716, .F. ) ;
#6499 = AXIS2_PLACEMENT_3D ( 'NONE', #883, #6175, #3940 ) ;
#6500 = APPLICATION_PROTOCOL_DEFINITION ( 'draft international standard', 'automotive_design', 1998, #4181 ) ;
#6501 = DIRECTION ( 'NONE',  ( 1.014997778497068052E-15, 1.000000000000000000, 0.000000000000000000 ) ) ;
#6502 = COLOUR_RGB ( '',1.000000000000000000, 1.000000000000000000, 1.000000000000000000 ) ;
#6503 = ORIENTED_EDGE ( 'NONE', *, *, #4851, .T. ) ;
#6504 = VECTOR ( 'NONE', #2499, 1000.000000000000000 ) ;
#6505 = CARTESIAN_POINT ( 'NONE',  ( -2.669227416313564749, 1.600000000000000089, -5.485000000000000320 ) ) ;
#6506 = ORIENTED_EDGE ( 'NONE', *, *, #5789, .F. ) ;
#6507 = CARTESIAN_POINT ( 'NONE',  ( -3.819999999999999840, -7.269011204192789677, -0.1499999999999999944 ) ) ;
#6508 = CARTESIAN_POINT ( 'NONE',  ( 3.899999999999999911, 1.600000000000000089, -5.637851296924620099E-16 ) ) ;
#6509 = ADVANCED_FACE ( 'NONE', ( #1163 ), #5766, .F. ) ;
#6511 = ORIENTED_EDGE ( 'NONE', *, *, #7858, .F. ) ;
#6510 = ORIENTED_EDGE ( 'NONE', *, *, #9091, .F. ) ;
#6512 = DIRECTION ( 'NONE',  ( 0.000000000000000000, 0.000000000000000000, 1.000000000000000000 ) ) ;
#6513 = EDGE_CURVE ( 'NONE', #8650, #763, #7947, .T. ) ;
#6514 = CARTESIAN_POINT ( 'NONE',  ( -4.649999999999999467, 1.600000000000000089, 4.250000000000000000 ) ) ;
#6515 = ORIENTED_EDGE ( 'NONE', *, *, #4417, .F. ) ;
#6516 = PLANE ( 'NONE',  #7825 ) ;
#6517 = ORIENTED_EDGE ( 'NONE', *, *, #714, .T. ) ;
#6518 = VECTOR ( 'NONE', #2512, 1000.000000000000000 ) ;
#6519 = CYLINDRICAL_SURFACE ( 'NONE', #2703, 0.2499999999999975020 ) ;
#6520 = CIRCLE ( 'NONE', #7789, 7.649999999999999467 ) ;
#6521 = VERTEX_POINT ( 'NONE', #4128 ) ;
#6522 = DIRECTION ( 'NONE',  ( 0.2588190451025250693, 0.9659258262890672020, 4.869511760623541654E-31 ) ) ;
#6523 = CARTESIAN_POINT ( 'NONE',  ( 4.869548233666040282, 5.599999999999999645, -5.899999999999999467 ) ) ;
#6524 = PLANE ( 'NONE',  #953 ) ;
#6525 = CARTESIAN_POINT ( 'NONE',  ( 4.649999999999999467, 1.600000000000000089, -5.899999999999999467 ) ) ;
#6526 = ORIENTED_EDGE ( 'NONE', *, *, #8958, .F. ) ;
#6527 = VECTOR ( 'NONE', #2992, 1000.000000000000000 ) ;
#6528 = DIRECTION ( 'NONE',  ( 0.000000000000000000, 1.000000000000000000, 0.000000000000000000 ) ) ;
#6529 = CIRCLE ( 'NONE', #3682, 0.2500000000000002220 ) ;
#6531 = EDGE_CURVE ( 'NONE', #89, #776, #8053, .T. ) ;
#6530 = ORIENTED_EDGE ( 'NONE', *, *, #276, .F. ) ;
#6532 = ADVANCED_FACE ( 'NONE', ( #527 ), #2551, .T. ) ;
#6533 = DIRECTION ( 'NONE',  ( 7.279101552726930441E-16, 1.000000000000000000, 0.000000000000000000 ) ) ;
#6534 = EDGE_CURVE ( 'NONE', #240, #2552, #426, .T. ) ;
#6535 = CARTESIAN_POINT ( 'NONE',  ( 11.15000000000000036, 4.349999999999999645, 2.600000000000000089 ) ) ;
#6536 = CARTESIAN_POINT ( 'NONE',  ( -2.399999999999999911, 1.399999999999999911, 0.000000000000000000 ) ) ;
#6537 = FACE_OUTER_BOUND ( 'NONE', #8257, .T. ) ;
#6538 = CARTESIAN_POINT ( 'NONE',  ( 3.348386714254389738E-15, 4.599999999999999645, 0.9499999999999999556 ) ) ;
#6540 = ORIENTED_EDGE ( 'NONE', *, *, #231, .T. ) ;
#6539 = EDGE_CURVE ( 'NONE', #3770, #1943, #5715, .T. ) ;
#6541 = EDGE_LOOP ( 'NONE', ( #6637, #2385, #4757, #7178 ) ) ;
#6542 = CARTESIAN_POINT ( 'NONE',  ( 3.166215352912765013, 2.354306455190145364, 1.220617149911503940 ) ) ;
#6543 = DIRECTION ( 'NONE',  ( 0.000000000000000000, 0.000000000000000000, 1.000000000000000000 ) ) ;
#6544 = CYLINDRICAL_SURFACE ( 'NONE', #2979, 0.2999999999999997113 ) ;
#6545 = FACE_OUTER_BOUND ( 'NONE', #5480, .T. ) ;
#6546 = FACE_OUTER_BOUND ( 'NONE', #1293, .T. ) ;
#6547 = EDGE_CURVE ( 'NONE', #6496, #4484, #1947, .T. ) ;
#6548 = ORIENTED_EDGE ( 'NONE', *, *, #7814, .T. ) ;
#6550 = VERTEX_POINT ( 'NONE', #6505 ) ;
#6549 = ORIENTED_EDGE ( 'NONE', *, *, #3098, .F. ) ;
#6551 = CARTESIAN_POINT ( 'NONE',  ( 0.000000000000000000, 1.600000000000000089, -5.485000000000000320 ) ) ;
#6552 = AXIS2_PLACEMENT_3D ( 'NONE', #2254, #7414, #686 ) ;
#6553 = CARTESIAN_POINT ( 'NONE',  ( 1.982223503636745043, 1.199999999999999956, 2.600000000000000089 ) ) ;
#6554 = ADVANCED_FACE ( 'NONE', ( #3487 ), #9542, .T. ) ;
#6555 = LINE ( 'NONE', #292, #2967 ) ;
#6556 = CARTESIAN_POINT ( 'NONE',  ( 6.639278890389659793, 5.482709875410590072, 4.250000000000000000 ) ) ;
#6557 = ORIENTED_EDGE ( 'NONE', *, *, #6417, .F. ) ;
#6558 = DIRECTION ( 'NONE',  ( -1.000000000000000000, 4.336808689942119499E-15, 0.000000000000000000 ) ) ;
#6559 = FACE_OUTER_BOUND ( 'NONE', #2874, .T. ) ;
#6561 = ORIENTED_EDGE ( 'NONE', *, *, #1214, .T. ) ;
#6560 = ORIENTED_EDGE ( 'NONE', *, *, #8732, .T. ) ;
#6562 = CARTESIAN_POINT ( 'NONE',  ( -11.44999999999999929, 0.2000000000000000111, -2.000000000000000000 ) ) ;
#6563 = VECTOR ( 'NONE', #7300, 1000.000000000000114 ) ;
#6564 = EDGE_CURVE ( 'NONE', #1561, #1946, #4629, .T. ) ;
#6565 = FACE_OUTER_BOUND ( 'NONE', #5658, .T. ) ;
#6566 = ORIENTED_EDGE ( 'NONE', *, *, #5582, .T. ) ;
#6567 = DIRECTION ( 'NONE',  ( -1.000000000000000000, 7.279101552726930441E-16, 0.000000000000000000 ) ) ;
#6568 = ORIENTED_EDGE ( 'NONE', *, *, #5229, .T. ) ;
#6569 = AXIS2_PLACEMENT_3D ( 'NONE', #6587, #5988, #1337 ) ;
#6570 = DIRECTION ( 'NONE',  ( 0.000000000000000000, -1.000000000000000000, 0.000000000000000000 ) ) ;
#6571 = EDGE_CURVE ( 'NONE', #9014, #6118, #8146, .T. ) ;
#6572 = EDGE_CURVE ( 'NONE', #5524, #8970, #4111, .T. ) ;
#6573 = EDGE_LOOP ( 'NONE', ( #6709, #8167, #8854, #4504 ) ) ;
#6574 = DIRECTION ( 'NONE',  ( 0.000000000000000000, 0.000000000000000000, 1.000000000000000000 ) ) ;
#6575 = DIRECTION ( 'NONE',  ( 0.000000000000000000, 0.000000000000000000, -1.000000000000000000 ) ) ;
#6576 = DIRECTION ( 'NONE',  ( 0.000000000000000000, -1.000000000000000000, 0.000000000000000000 ) ) ;
#6577 = CARTESIAN_POINT ( 'NONE',  ( -9.866843969807048254, 4.349999999999999645, -0.6250000000000000000 ) ) ;
#6578 = ORIENTED_EDGE ( 'NONE', *, *, #7390, .T. ) ;
#6579 = CARTESIAN_POINT ( 'NONE',  ( -3.449999999999999734, 1.600000000000000089, 5.850000000000000533 ) ) ;
#6580 = VERTEX_POINT ( 'NONE', #3774 ) ;
#6581 = ORIENTED_EDGE ( 'NONE', *, *, #2442, .T. ) ;
#6582 = ADVANCED_FACE ( 'NONE', ( #5813 ), #4475, .T. ) ;
#6583 = CARTESIAN_POINT ( 'NONE',  ( 9.866843969807048254, 4.700000000000000178, 0.000000000000000000 ) ) ;
#6584 = LINE ( 'NONE', #4354, #5345 ) ;
#6585 = LINE ( 'NONE', #9616, #7483 ) ;
#6586 = LINE ( 'NONE', #509, #9517 ) ;
#6587 = CARTESIAN_POINT ( 'NONE',  ( 0.000000000000000000, 4.599999999999999645, 2.600000000000000089 ) ) ;
#6588 = ORIENTED_EDGE ( 'NONE', *, *, #1004, .T. ) ;
#6589 = ORIENTED_EDGE ( 'NONE', *, *, #5349, .F. ) ;
#6590 = LINE ( 'NONE', #9623, #4963 ) ;
#6591 = CIRCLE ( 'NONE', #2941, 0.6250000000000000000 ) ;
#6592 = EDGE_CURVE ( 'NONE', #3664, #692, #8896, .T. ) ;
#6593 = PLANE ( 'NONE',  #744 ) ;
#6594 = CARTESIAN_POINT ( 'NONE',  ( -8.558979279838439425, 4.215065624796144661, 1.107675521854669887 ) ) ;
#6595 = CARTESIAN_POINT ( 'NONE',  ( 12.14999999999999858, 5.000000000000000000, 2.850000000000000089 ) ) ;
#6596 = FACE_OUTER_BOUND ( 'NONE', #7810, .T. ) ;
#6597 = VERTEX_POINT ( 'NONE', #2977 ) ;
#6599 = ORIENTED_EDGE ( 'NONE', *, *, #8279, .F. ) ;
#6598 = VERTEX_POINT ( 'NONE', #575 ) ;
#6600 = EDGE_CURVE ( 'NONE', #3842, #9137, #2892, .T. ) ;
#6601 = DIRECTION ( 'NONE',  ( -1.819572328111074956E-16, 0.000000000000000000, 1.000000000000000000 ) ) ;
#6602 = ADVANCED_FACE ( 'NONE', ( #2188 ), #2143, .F. ) ;
#6603 = EDGE_CURVE ( 'NONE', #863, #3878, #2853, .T. ) ;
#6604 = VECTOR ( 'NONE', #4718, 1000.000000000000000 ) ;
#6605 = CARTESIAN_POINT ( 'NONE',  ( 4.869548233666040282, 5.599999999999999645, -5.899999999999999467 ) ) ;
#6606 = DIRECTION ( 'NONE',  ( 0.000000000000000000, -1.000000000000000000, 0.000000000000000000 ) ) ;
#6607 = ORIENTED_EDGE ( 'NONE', *, *, #3935, .F. ) ;
#6608 = AXIS2_PLACEMENT_3D ( 'NONE', #5361, #7593, #77 ) ;
#6609 = CARTESIAN_POINT ( 'NONE',  ( -11.25000000000000000, 0.2500000000000109912, 2.600000000000000089 ) ) ;
#6610 = CIRCLE ( 'NONE', #7556, 0.5000000000000000000 ) ;
#6612 = ORIENTED_EDGE ( 'NONE', *, *, #6263, .T. ) ;
#6611 = VERTEX_POINT ( 'NONE', #5120 ) ;
#6613 = CYLINDRICAL_SURFACE ( 'NONE', #2230, 0.5000000000000004441 ) ;
#6614 = LINE ( 'NONE', #2847, #7444 ) ;
#6615 = VERTEX_POINT ( 'NONE', #3728 ) ;
#6616 = DIRECTION ( 'NONE',  ( 0.000000000000000000, 0.000000000000000000, 1.000000000000000000 ) ) ;
#6617 = EDGE_CURVE ( 'NONE', #1746, #436, #1113, .T. ) ;
#6618 = VERTEX_POINT ( 'NONE', #2244 ) ;
#6619 = VECTOR ( 'NONE', #4868, 1000.000000000000114 ) ;
#6620 = LINE ( 'NONE', #9096, #3949 ) ;
#6621 = ORIENTED_EDGE ( 'NONE', *, *, #5053, .F. ) ;
#6622 = CARTESIAN_POINT ( 'NONE',  ( -9.866843969807048254, 4.599999999999999645, 0.000000000000000000 ) ) ;
#6623 = DIRECTION ( 'NONE',  ( 0.000000000000000000, 0.000000000000000000, 1.000000000000000000 ) ) ;
#6624 = LINE ( 'NONE', #3507, #3485 ) ;
#6625 = DIRECTION ( 'NONE',  ( 0.000000000000000000, 1.000000000000000000, 0.000000000000000000 ) ) ;
#6626 = ORIENTED_EDGE ( 'NONE', *, *, #110, .F. ) ;
#6627 = CARTESIAN_POINT ( 'NONE',  ( -9.866843969807048254, 5.000000000000000000, 0.000000000000000000 ) ) ;
#6628 = ORIENTED_EDGE ( 'NONE', *, *, #6981, .F. ) ;
#6629 = VERTEX_POINT ( 'NONE', #5957 ) ;
#6630 = PLANE ( 'NONE',  #8339 ) ;
#6631 = LINE ( 'NONE', #8921, #2812 ) ;
#6632 = DIRECTION ( 'NONE',  ( 1.000000000000000000, 0.000000000000000000, -7.477256361969000177E-17 ) ) ;
#6633 = DIRECTION ( 'NONE',  ( 0.9659258262890672020, -0.2588190451025245697, 1.927470528863118950E-15 ) ) ;
#6634 = LINE ( 'NONE', #9667, #5074 ) ;
#6635 = VERTEX_POINT ( 'NONE', #1309 ) ;
#6636 = ADVANCED_FACE ( 'NONE', ( #2789 ), #4326, .T. ) ;
#6637 = ORIENTED_EDGE ( 'NONE', *, *, #6305, .T. ) ;
#6638 = DIRECTION ( 'NONE',  ( 0.2588190451025245697, 0.9659258262890672020, 0.000000000000000000 ) ) ;
#6639 = VECTOR ( 'NONE', #2356, 1000.000000000000000 ) ;
#6640 = PLANE ( 'NONE',  #8179 ) ;
#6641 = CARTESIAN_POINT ( 'NONE',  ( 8.466843969807069215, 0.2000000000000000111, 2.000000000000000000 ) ) ;
#6642 = AXIS2_PLACEMENT_3D ( 'NONE', #7231, #7091, #4993 ) ;
#6643 = PLANE ( 'NONE',  #7907 ) ;
#6644 = DIRECTION ( 'NONE',  ( 0.000000000000000000, 0.000000000000000000, 1.000000000000000000 ) ) ;
#6645 = ORIENTED_EDGE ( 'NONE', *, *, #1349, .F. ) ;
#6647 = ORIENTED_EDGE ( 'NONE', *, *, #4112, .T. ) ;
#6646 = ORIENTED_EDGE ( 'NONE', *, *, #8410, .F. ) ;
#6648 = DIRECTION ( 'NONE',  ( 1.000000000000000000, 0.000000000000000000, 0.000000000000000000 ) ) ;
#6649 = AXIS2_PLACEMENT_3D ( 'NONE', #9685, #1356, #4420 ) ;
#6650 = EDGE_CURVE ( 'NONE', #10, #1465, #8244, .T. ) ;
#6651 = EDGE_CURVE ( 'NONE', #8647, #1249, #1453, .T. ) ;
#6652 = TOROIDAL_SURFACE ( 'NONE', #656, 0.05139320225002090570, 0.2999999999999999889 ) ;
#6653 = EDGE_CURVE ( 'NONE', #6930, #2508, #4476, .T. ) ;
#6654 = VECTOR ( 'NONE', #1050, 1000.000000000000000 ) ;
#6655 = EDGE_CURVE ( 'NONE', #4454, #692, #9036, .T. ) ;
#6656 = CARTESIAN_POINT ( 'NONE',  ( -3.449999999999999734, 1.300000000000000044, 5.850000000000000533 ) ) ;
#6657 = DIRECTION ( 'NONE',  ( 1.000000000000000000, 0.000000000000000000, 0.000000000000000000 ) ) ;
#6658 = ORIENTED_EDGE ( 'NONE', *, *, #7809, .F. ) ;
#6660 = VECTOR ( 'NONE', #3556, 1000.000000000000000 ) ;
#6659 = FACE_OUTER_BOUND ( 'NONE', #1977, .T. ) ;
#6662 = EDGE_LOOP ( 'NONE', ( #628, #1633 ) ) ;
#6661 = EDGE_LOOP ( 'NONE', ( #7, #4898, #8198, #4432 ) ) ;
#6663 = VECTOR ( 'NONE', #9496, 1000.000000000000000 ) ;
#6664 = EDGE_CURVE ( 'NONE', #6986, #8636, #9229, .T. ) ;
#6665 = PLANE ( 'NONE',  #4582 ) ;
#6666 = ORIENTED_EDGE ( 'NONE', *, *, #769, .F. ) ;
#6667 = CARTESIAN_POINT ( 'NONE',  ( -8.816843969807040438, 4.599999999999999645, 0.9499999999999999556 ) ) ;
#6668 = EDGE_CURVE ( 'NONE', #3434, #7927, #626, .T. ) ;
#6669 = ORIENTED_EDGE ( 'NONE', *, *, #7506, .T. ) ;
#6670 = VECTOR ( 'NONE', #7922, 1000.000000000000000 ) ;
#6671 = DIRECTION ( 'NONE',  ( 1.000000000000000000, 0.000000000000000000, 0.000000000000000000 ) ) ;
#6672 = ORIENTED_EDGE ( 'NONE', *, *, #6895, .F. ) ;
#6673 = LINE ( 'NONE', #1470, #5102 ) ;
#6674 = DIRECTION ( 'NONE',  ( 0.000000000000000000, -1.000000000000000000, 0.000000000000000000 ) ) ;
#6675 = CARTESIAN_POINT ( 'NONE',  ( -8.595332766854788531, 4.215129277476970415, -1.130953279175730186 ) ) ;
#6676 = DIRECTION ( 'NONE',  ( 0.000000000000000000, 0.000000000000000000, 1.000000000000000000 ) ) ;
#6677 = LINE ( 'NONE', #8263, #8537 ) ;
#6678 = ORIENTED_EDGE ( 'NONE', *, *, #9399, .T. ) ;
#6679 = VECTOR ( 'NONE', #4341, 1000.000000000000000 ) ;
#6680 = VERTEX_POINT ( 'NONE', #3033 ) ;
#6681 = VECTOR ( 'NONE', #6807, 1000.000000000000000 ) ;
#6682 = AXIS2_PLACEMENT_3D ( 'NONE', #9360, #3454, #6275 ) ;
#6683 = EDGE_CURVE ( 'NONE', #4908, #3308, #2190, .T. ) ;
#6684 = CYLINDRICAL_SURFACE ( 'NONE', #9059, 0.2500000000000002220 ) ;
#6685 = CARTESIAN_POINT ( 'NONE',  ( -7.733182394472060488E-16, 5.599999999999999645, 4.250000000000000000 ) ) ;
#6686 = CARTESIAN_POINT ( 'NONE',  ( -4.545000000000000817, 1.300000000000000044, -0.1499999999999999944 ) ) ;
#6687 = VECTOR ( 'NONE', #6964, 1000.000000000000000 ) ;
#6688 = DIRECTION ( 'NONE',  ( 0.000000000000000000, -1.000000000000000000, 0.000000000000000000 ) ) ;
#6689 = LINE ( 'NONE', #5196, #2772 ) ;
#6690 = ORIENTED_EDGE ( 'NONE', *, *, #1557, .F. ) ;
#6691 = AXIS2_PLACEMENT_3D ( 'NONE', #1257, #7312, #6558 ) ;
#6692 = EDGE_LOOP ( 'NONE', ( #7509, #8090, #9037, #7486, #6882, #2564, #3415, #8149, #5174, #2117, #7745, #4564, #8168, #8341 ) ) ;
#6693 = LINE ( 'NONE', #9165, #3068 ) ;
#6694 = ORIENTED_EDGE ( 'NONE', *, *, #5505, .T. ) ;
#6695 = LINE ( 'NONE', #8928, #8488 ) ;
#6696 = LINE ( 'NONE', #7440, #9777 ) ;
#6697 = EDGE_CURVE ( 'NONE', #1701, #4863, #5020, .T. ) ;
#6698 = CARTESIAN_POINT ( 'NONE',  ( 7.741843969807069570, 4.750000000000000000, 2.000000000000000000 ) ) ;
#6699 = LINE ( 'NONE', #2235, #7834 ) ;
#6701 = ORIENTED_EDGE ( 'NONE', *, *, #1378, .T. ) ;
#6700 = EDGE_LOOP ( 'NONE', ( #2222, #3110, #5213, #9801 ) ) ;
#6702 =( LENGTH_UNIT ( ) NAMED_UNIT ( * ) SI_UNIT ( .MILLI., .METRE. ) );
#6703 = CARTESIAN_POINT ( 'NONE',  ( 8.766843969807048609, 4.349999999999999645, 2.600000000000000089 ) ) ;
#6704 = EDGE_CURVE ( 'NONE', #858, #4858, #3463, .T. ) ;
#6705 = CARTESIAN_POINT ( 'NONE',  ( -7.462333453469850220, 1.899999999999999911, 2.749043990226635259 ) ) ;
#6706 = CARTESIAN_POINT ( 'NONE',  ( 0.000000000000000000, 5.000000000000000000, 0.000000000000000000 ) ) ;
#6707 = ORIENTED_EDGE ( 'NONE', *, *, #4884, .T. ) ;
#6708 = DIRECTION ( 'NONE',  ( 2.457115405066300128E-16, 0.000000000000000000, 1.000000000000000000 ) ) ;
#6710 = ORIENTED_EDGE ( 'NONE', *, *, #4408, .F. ) ;
#6709 = ORIENTED_EDGE ( 'NONE', *, *, #9435, .T. ) ;
#6711 = CARTESIAN_POINT ( 'NONE',  ( -6.777720855862980009, 1.600000000000000089, -4.250000000000000000 ) ) ;
#6712 = ORIENTED_EDGE ( 'NONE', *, *, #7085, .T. ) ;
#6713 = FACE_OUTER_BOUND ( 'NONE', #4785, .T. ) ;
#6714 = EDGE_LOOP ( 'NONE', ( #6457, #6122, #4559, #439 ) ) ;
#6715 = DIRECTION ( 'NONE',  ( -1.000000000000000000, 0.000000000000000000, 0.000000000000000000 ) ) ;
#6716 = VERTEX_POINT ( 'NONE', #2391 ) ;
#6717 = CARTESIAN_POINT ( 'NONE',  ( -3.449999999999999734, 1.300000000000000044, 4.100000000000000533 ) ) ;
#6718 = CARTESIAN_POINT ( 'NONE',  ( 11.15000000000000036, 4.599999999999999645, -2.100000000000000089 ) ) ;
#6719 = EDGE_CURVE ( 'NONE', #3338, #634, #5969, .T. ) ;
#6720 = LINE ( 'NONE', #5136, #5077 ) ;
#6721 = DIRECTION ( 'NONE',  ( -1.000000000000000000, 7.279101552726930441E-16, -8.257015431095450418E-63 ) ) ;
#6722 = DIRECTION ( 'NONE',  ( 0.000000000000000000, -1.000000000000000000, 0.000000000000000000 ) ) ;
#6723 = ORIENTED_EDGE ( 'NONE', *, *, #4934, .T. ) ;
#6724 = ORIENTED_EDGE ( 'NONE', *, *, #3862, .F. ) ;
#6725 = AXIS2_PLACEMENT_3D ( 'NONE', #8137, #3722, #5158 ) ;
#6726 = EDGE_CURVE ( 'NONE', #2552, #4886, #221, .T. ) ;
#6727 = CYLINDRICAL_SURFACE ( 'NONE', #4458, 0.2500000000000002220 ) ;
#6728 = CARTESIAN_POINT ( 'NONE',  ( -3.899999999999999911, 1.300000000000000044, -5.485000000000000320 ) ) ;
#6729 = CARTESIAN_POINT ( 'NONE',  ( -12.14999999999999858, 0.2000000000000000111, -3.500000000000000000 ) ) ;
#6730 = CYLINDRICAL_SURFACE ( 'NONE', #2532, 0.2999999999999997113 ) ;
#6731 = LINE ( 'NONE', #2915, #6975 ) ;
#6732 = EDGE_LOOP ( 'NONE', ( #4567, #3150, #4368, #1146 ) ) ;
#6733 = ORIENTED_EDGE ( 'NONE', *, *, #7258, .F. ) ;
#6734 = CARTESIAN_POINT ( 'NONE',  ( 5.402777063696039939, 5.599999999999999645, 5.899999999999999467 ) ) ;
#6735 = ORIENTED_EDGE ( 'NONE', *, *, #5431, .T. ) ;
#6736 = LINE ( 'NONE', #7583, #5955 ) ;
#6737 = CARTESIAN_POINT ( 'NONE',  ( 3.140333448402504501, 2.257713872561240009, -1.220617149911500166 ) ) ;
#6738 = CARTESIAN_POINT ( 'NONE',  ( 10.49184396980704115, 4.599999999999999645, 7.654042494670961551E-17 ) ) ;
#6739 = DIRECTION ( 'NONE',  ( 0.000000000000000000, 0.000000000000000000, 1.000000000000000000 ) ) ;
#6740 = ORIENTED_EDGE ( 'NONE', *, *, #4482, .F. ) ;
#6741 = B_SPLINE_CURVE_WITH_KNOTS ( 'NONE', 3,
 ( #1761, #236, #6262, #3346 ),
 .UNSPECIFIED., .F., .F.,
 ( 4, 4 ),
 ( 0.000000000000000000, 0.0005443421352172089171 ),
 .UNSPECIFIED. ) ;
#6742 = DIRECTION ( 'NONE',  ( -1.000000000000000000, 0.000000000000000000, -5.069866942725969642E-16 ) ) ;
#6743 = CIRCLE ( 'NONE', #3267, 3.000000000000000000 ) ;
#6744 = CARTESIAN_POINT ( 'NONE',  ( -8.489382675201824213, 4.218234648145283927, -1.020748672040892480 ) ) ;
#6745 = DIRECTION ( 'NONE',  ( 0.000000000000000000, 0.000000000000000000, -1.000000000000000000 ) ) ;
#6746 = EDGE_CURVE ( 'NONE', #550, #2155, #5498, .T. ) ;
#6747 = EDGE_LOOP ( 'NONE', ( #7173, #9079, #5476, #6302 ) ) ;
#6748 = CARTESIAN_POINT ( 'NONE',  ( -7.933315826311220675, 1.600000000000000089, -4.250000000000000000 ) ) ;
#6749 = VECTOR ( 'NONE', #702, 1000.000000000000000 ) ;
#6751 = ORIENTED_EDGE ( 'NONE', *, *, #5927, .T. ) ;
#6750 = ORIENTED_EDGE ( 'NONE', *, *, #3966, .T. ) ;
#6752 = LINE ( 'NONE', #1553, #6921 ) ;
#6753 = EDGE_CURVE ( 'NONE', #9402, #3693, #6785, .T. ) ;
#6754 = DIRECTION ( 'NONE',  ( -3.469446951953635094E-15, -1.000000000000000000, 5.404395252106749787E-30 ) ) ;
#6755 = EDGE_LOOP ( 'NONE', ( #2248, #2259, #9180, #2794 ) ) ;
#6756 = CARTESIAN_POINT ( 'NONE',  ( -11.15000000000000036, 4.450000000000000178, -2.100000000000000089 ) ) ;
#6757 = EDGE_LOOP ( 'NONE', ( #3038, #9506, #8123, #2832, #4496, #6621, #6690, #7459 ) ) ;
#6758 = CARTESIAN_POINT ( 'NONE',  ( 0.000000000000000000, 5.599999999999999645, 0.000000000000000000 ) ) ;
#6759 = ORIENTED_EDGE ( 'NONE', *, *, #8230, .T. ) ;
#6760 = CARTESIAN_POINT ( 'NONE',  ( -11.25000000000000000, 4.349999999999999645, 2.600000000000000089 ) ) ;
#6761 = DIRECTION ( 'NONE',  ( -0.9648134530529778319, 0.2585209855922324662, 0.04797812852133719747 ) ) ;
#6762 = CARTESIAN_POINT ( 'NONE',  ( -8.527118168758461181, 4.214999999999999858, 1.051670137241580871 ) ) ;
#6763 = FACE_OUTER_BOUND ( 'NONE', #4217, .T. ) ;
#6764 = ADVANCED_FACE ( 'NONE', ( #8336 ), #1597, .F. ) ;
#6765 = DIRECTION ( 'NONE',  ( 0.000000000000000000, -1.000000000000000000, 0.000000000000000000 ) ) ;
#6766 = AXIS2_PLACEMENT_3D ( 'NONE', #2441, #4062, #7740 ) ;
#6767 = ORIENTED_EDGE ( 'NONE', *, *, #4456, .F. ) ;
#6768 = VECTOR ( 'NONE', #1232, 1000.000000000000114 ) ;
#6770 = EDGE_CURVE ( 'NONE', #2506, #2100, #3969, .T. ) ;
#6769 = VERTEX_POINT ( 'NONE', #5463 ) ;
#6771 = EDGE_CURVE ( 'NONE', #2138, #2369, #5415, .T. ) ;
#6772 = ADVANCED_FACE ( 'NONE', ( #8441 ), #1644, .F. ) ;
#6773 = EDGE_CURVE ( 'NONE', #3311, #8285, #3776, .T. ) ;
#6774 = FACE_OUTER_BOUND ( 'NONE', #8141, .T. ) ;
#6776 = DIRECTION ( 'NONE',  ( 0.000000000000000000, 0.000000000000000000, -1.000000000000000000 ) ) ;
#6775 = VECTOR ( 'NONE', #1311, 1000.000000000000000 ) ;
#6777 = CARTESIAN_POINT ( 'NONE',  ( -4.545000000000000817, 1.300000000000000044, 0.1499999999999999944 ) ) ;
#6778 = CARTESIAN_POINT ( 'NONE',  ( 3.899999999999999911, 1.600000000000000089, 5.637851296924620099E-16 ) ) ;
#6779 = CARTESIAN_POINT ( 'NONE',  ( 3.088569639381999909, 2.064528707303424859, -1.220617149911500166 ) ) ;
#6780 = ORIENTED_EDGE ( 'NONE', *, *, #9323, .F. ) ;
#6781 = ORIENTED_EDGE ( 'NONE', *, *, #3768, .T. ) ;
#6782 = EDGE_CURVE ( 'NONE', #5334, #7726, #3139, .T. ) ;
#6783 = FACE_OUTER_BOUND ( 'NONE', #9385, .T. ) ;
#6784 = ORIENTED_EDGE ( 'NONE', *, *, #4289, .F. ) ;
#6785 = CIRCLE ( 'NONE', #6304, 0.8250000000000001776 ) ;
#6786 = DIRECTION ( 'NONE',  ( -0.000000000000000000, 1.000000000000000000, 0.000000000000000000 ) ) ;
#6787 = CARTESIAN_POINT ( 'NONE',  ( 3.449999999999999734, 1.600000000000000089, 5.850000000000000533 ) ) ;
#6788 = DIRECTION ( 'NONE',  ( 0.000000000000000000, 1.000000000000000000, 0.000000000000000000 ) ) ;
#6789 = DIRECTION ( 'NONE',  ( -0.8191520442889962395, 5.800009312744910621E-16, -0.5735764363510400532 ) ) ;
#6790 = FACE_OUTER_BOUND ( 'NONE', #4961, .T. ) ;
#6791 = ORIENTED_EDGE ( 'NONE', *, *, #3782, .T. ) ;
#6792 = CARTESIAN_POINT ( 'NONE',  ( -11.40000000000000036, 0.2500000000000109912, 2.600000000000000089 ) ) ;
#6793 = CLOSED_SHELL ( 'NONE', ( #2433, #9366, #3700, #1366, #7631, #5495, #6343, #1689, #1789, #2288, #6352, #5056, #9131, #8351, #2430, #1992, #6245, #672, #2060, #904, #8783, #8509, #2181, #6227, #1812, #7269, #5246, #7296, #2694, #8227, #9423, #5086, #970, #5199, #7342, #7760, #3238, #2785, #5179, #3264, #3216, #3320, #6764, #1109, #7034, #74, #3524, #3298, #9266, #5605, #5279, #8590 ) ) ;
#6794 = VECTOR ( 'NONE', #4364, 1000.000000000000000 ) ;
#6795 = DIRECTION ( 'NONE',  ( 0.000000000000000000, 0.000000000000000000, 1.000000000000000000 ) ) ;
#6796 = DIRECTION ( 'NONE',  ( 0.000000000000000000, 0.000000000000000000, -1.000000000000000000 ) ) ;
#6797 = EDGE_LOOP ( 'NONE', ( #373, #4218, #1179, #8113 ) ) ;
#6798 = AXIS2_PLACEMENT_3D ( 'NONE', #5583, #4927, #6411 ) ;
#6799 = DIRECTION ( 'NONE',  ( 0.000000000000000000, 0.000000000000000000, -1.000000000000000000 ) ) ;
#6800 = VECTOR ( 'NONE', #1205, 1000.000000000000000 ) ;
#6802 = ORIENTED_EDGE ( 'NONE', *, *, #2238, .T. ) ;
#6801 = ORIENTED_EDGE ( 'NONE', *, *, #2662, .F. ) ;
#6803 = DIRECTION ( 'NONE',  ( 0.2588190451025239036, 0.9659258262890675351, 0.000000000000000000 ) ) ;
#6804 = CARTESIAN_POINT ( 'NONE',  ( -9.747716655431501565, 1.899999999999999911, -4.715518912566440513 ) ) ;
#6805 = VECTOR ( 'NONE', #1575, 1000.000000000000000 ) ;
#6806 = VERTEX_POINT ( 'NONE', #3180 ) ;
#6807 = DIRECTION ( 'NONE',  ( 7.279101552726930441E-16, 1.000000000000000000, 0.000000000000000000 ) ) ;
#6808 = VECTOR ( 'NONE', #6301, 1000.000000000000000 ) ;
#6809 = ORIENTED_EDGE ( 'NONE', *, *, #6726, .F. ) ;
#6810 = VECTOR ( 'NONE', #3946, 1000.000000000000000 ) ;
#6811 = CARTESIAN_POINT ( 'NONE',  ( -9.266843969807039727, 4.315000000000000391, -1.050000000000000044 ) ) ;
#6812 = ADVANCED_FACE ( 'NONE', ( #2292 ), #4563, .F. ) ;
#6813 = EDGE_LOOP ( 'NONE', ( #5982, #9632, #1063, #9194 ) ) ;
#6814 = AXIS2_PLACEMENT_3D ( 'NONE', #7064, #1169, #9292 ) ;
#6815 = DIRECTION ( 'NONE',  ( -1.000000000000000000, 0.000000000000000000, 0.000000000000000000 ) ) ;
#6816 = DIRECTION ( 'NONE',  ( -1.000000000000000000, 1.269309860470833935E-15, 0.000000000000000000 ) ) ;
#6817 = ADVANCED_FACE ( 'NONE', ( #7647 ), #6103, .T. ) ;
#6818 = VECTOR ( 'NONE', #6638, 1000.000000000000227 ) ;
#6819 = CARTESIAN_POINT ( 'NONE',  ( -11.15000000000000036, 4.450000000000000178, 2.600000000000000089 ) ) ;
#6820 = DIRECTION ( 'NONE',  ( 0.000000000000000000, 0.000000000000000000, 1.000000000000000000 ) ) ;
#6821 =( BOUNDED_CURVE ( )  B_SPLINE_CURVE ( 3, ( #4680, #6074, #779, #8308 ),
 .UNSPECIFIED., .F., .F. ) 
 B_SPLINE_CURVE_WITH_KNOTS ( ( 4, 4 ),
 ( 1.570796326794889897, 2.011331456612940105 ),
 .UNSPECIFIED. ) 
 CURVE ( )  GEOMETRIC_REPRESENTATION_ITEM ( )  RATIONAL_B_SPLINE_CURVE ( ( 1.000000000000000000, 0.9838926825395519771, 0.9838926825395519771, 1.000000000000000000 ) ) 
 REPRESENTATION_ITEM ( '' )  );
#6822 = CARTESIAN_POINT ( 'NONE',  ( -8.163325866132991493, 1.600000000000000089, 3.789473684210525217 ) ) ;
#6823 = CIRCLE ( 'NONE', #3501, 6.100000000000000533 ) ;
#6824 = ORIENTED_EDGE ( 'NONE', *, *, #1932, .T. ) ;
#6825 = VERTEX_POINT ( 'NONE', #3422 ) ;
#6826 = FACE_BOUND ( 'NONE', #2409, .T. ) ;
#6827 = EDGE_CURVE ( 'NONE', #4486, #8939, #1939, .T. ) ;
#6828 = DIRECTION ( 'NONE',  ( 0.000000000000000000, 0.000000000000000000, -1.000000000000000000 ) ) ;
#6829 = FACE_OUTER_BOUND ( 'NONE', #2249, .T. ) ;
#6830 = CARTESIAN_POINT ( 'NONE',  ( 12.14999999999999858, 5.000000000000000000, 0.000000000000000000 ) ) ;
#6831 = CARTESIAN_POINT ( 'NONE',  ( 0.6955301195574401518, 2.912796950178205169, 0.8916732152004989143 ) ) ;
#6832 = LINE ( 'NONE', #4598, #1124 ) ;
#6833 = VERTEX_POINT ( 'NONE', #5757 ) ;
#6834 = ORIENTED_EDGE ( 'NONE', *, *, #2233, .F. ) ;
#6835 = ADVANCED_FACE ( 'NONE', ( #2734 ), #5703, .F. ) ;
#6836 = VECTOR ( 'NONE', #146, 1000.000000000000000 ) ;
#6837 = CARTESIAN_POINT ( 'NONE',  ( 5.048905886026750167, 5.364168724084639628, 5.899999999999999467 ) ) ;
#6839 = EDGE_CURVE ( 'NONE', #4171, #3329, #3474, .T. ) ;
#6838 = ORIENTED_EDGE ( 'NONE', *, *, #1910, .T. ) ;
#6840 = EDGE_CURVE ( 'NONE', #3707, #8157, #8589, .T. ) ;
#6841 = CIRCLE ( 'NONE', #3036, 0.8000000000000003775 ) ;
#6842 = DIRECTION ( 'NONE',  ( 0.2588190451025250693, 0.9659258262890672020, 0.000000000000000000 ) ) ;
#6843 = DIRECTION ( 'NONE',  ( 0.000000000000000000, 1.000000000000000000, 0.000000000000000000 ) ) ;
#6844 = AXIS2_PLACEMENT_3D ( 'NONE', #202, #9208, #7771 ) ;
#6845 = DIRECTION ( 'NONE',  ( -0.000000000000000000, 1.000000000000000000, 0.000000000000000000 ) ) ;
#6846 = CARTESIAN_POINT ( 'NONE',  ( 11.25000000000000000, 0.2000000000000000111, -2.600000000000000089 ) ) ;
#6847 = CARTESIAN_POINT ( 'NONE',  ( -8.516843969807059267, 3.618212859344260196E-14, 2.600000000000000089 ) ) ;
#6848 = ORIENTED_EDGE ( 'NONE', *, *, #6173, .T. ) ;
#6849 = CARTESIAN_POINT ( 'NONE',  ( -8.516843969807039727, -4.336808689942020103E-15, -0.9499999999999999556 ) ) ;
#6850 = DIRECTION ( 'NONE',  ( 1.000000000000000000, 0.000000000000000000, 0.000000000000000000 ) ) ;
#6851 = EDGE_CURVE ( 'NONE', #1156, #4826, #4064, .T. ) ;
#6852 = CARTESIAN_POINT ( 'NONE',  ( 3.138211660730990005, 2.051227167772314619, -1.220617149911500166 ) ) ;
#6853 = ORIENTED_EDGE ( 'NONE', *, *, #186, .T. ) ;
#6854 = DIRECTION ( 'NONE',  ( 0.000000000000000000, 0.000000000000000000, -1.000000000000000000 ) ) ;
#6856 = ORIENTED_EDGE ( 'NONE', *, *, #4035, .F. ) ;
#6855 = ORIENTED_EDGE ( 'NONE', *, *, #7935, .T. ) ;
#6857 = CARTESIAN_POINT ( 'NONE',  ( 11.40000000000000036, 1.500000000000000000, -2.100000000000000089 ) ) ;
#6858 = CARTESIAN_POINT ( 'NONE',  ( -6.284114884038090487, 3.100000000000000089, 4.431714491667164246 ) ) ;
#6859 = ORIENTED_EDGE ( 'NONE', *, *, #1568, .T. ) ;
#6860 = DIRECTION ( 'NONE',  ( 1.000000000000000000, 0.000000000000000000, 7.228014483236697541E-16 ) ) ;
#6861 = FACE_OUTER_BOUND ( 'NONE', #2108, .T. ) ;
#6862 = ORIENTED_EDGE ( 'NONE', *, *, #1487, .T. ) ;
#6863 = CARTESIAN_POINT ( 'NONE',  ( 0.000000000000000000, 1.399999999999999911, -0.8750000000000000000 ) ) ;
#6864 = ADVANCED_FACE ( 'NONE', ( #8682 ), #9297, .T. ) ;
#6865 = CARTESIAN_POINT ( 'NONE',  ( 6.360817557515700216, 5.599999999999999645, -4.250000000000000000 ) ) ;
#6866 = VERTEX_POINT ( 'NONE', #1100 ) ;
#6867 = DIRECTION ( 'NONE',  ( 0.000000000000000000, 0.000000000000000000, 1.000000000000000000 ) ) ;
#6868 = CYLINDRICAL_SURFACE ( 'NONE', #3157, 0.7999999999999994893 ) ;
#6869 = ORIENTED_EDGE ( 'NONE', *, *, #6057, .F. ) ;
#6870 = VECTOR ( 'NONE', #3261, 1000.000000000000000 ) ;
#6871 = ORIENTED_EDGE ( 'NONE', *, *, #580, .T. ) ;
#6872 = ADVANCED_FACE ( 'NONE', ( #416 ), #3759, .T. ) ;
#6873 = ADVANCED_FACE ( 'NONE', ( #5000 ), #318, .F. ) ;
#6874 = FACE_OUTER_BOUND ( 'NONE', #8843, .T. ) ;
#6875 = CARTESIAN_POINT ( 'NONE',  ( -3.520000000000000018, 1.300000000000000044, -0.1499999999999999944 ) ) ;
#6876 = CARTESIAN_POINT ( 'NONE',  ( 8.066223822781958930, 0.2000000000000000111, 2.000000000000000000 ) ) ;
#6877 = DIRECTION ( 'NONE',  ( 0.000000000000000000, 0.000000000000000000, 1.000000000000000000 ) ) ;
#6878 = DIRECTION ( 'NONE',  ( 0.000000000000000000, 1.000000000000000000, 0.000000000000000000 ) ) ;
#6879 = DIRECTION ( 'NONE',  ( 0.000000000000000000, 1.000000000000000000, 0.000000000000000000 ) ) ;
#6880 = CARTESIAN_POINT ( 'NONE',  ( -11.40000000000000036, -1.734723475976804925E-15, 2.100000000000000089 ) ) ;
#6881 = EDGE_LOOP ( 'NONE', ( #9642, #7471, #6740, #60, #9610, #6238 ) ) ;
#6882 = ORIENTED_EDGE ( 'NONE', *, *, #9774, .F. ) ;
#6883 = AXIS2_PLACEMENT_3D ( 'NONE', #8829, #4080, #7112 ) ;
#6884 = ADVANCED_FACE ( 'NONE', ( #1153 ), #5607, .F. ) ;
#6885 = CARTESIAN_POINT ( 'NONE',  ( -8.099027312146018787, 3.100000000000000089, 1.578233905710134888 ) ) ;
#6886 = EDGE_LOOP ( 'NONE', ( #1504, #7872 ) ) ;
#6887 = DIRECTION ( 'NONE',  ( 0.000000000000000000, -1.000000000000000000, 0.000000000000000000 ) ) ;
#6888 = VECTOR ( 'NONE', #1482, 1000.000000000000000 ) ;
#6889 = DIRECTION ( 'NONE',  ( -0.9063077870366498257, 6.417115896461450403E-16, 0.4226182617406998854 ) ) ;
#6890 = CARTESIAN_POINT ( 'NONE',  ( -5.332682251925390027, 0.2000000000000000111, -7.250000000000000000 ) ) ;
#6891 = LINE ( 'NONE', #115, #8158 ) ;
#6892 = LINE ( 'NONE', #8436, #3118 ) ;
#6893 = ORIENTED_EDGE ( 'NONE', *, *, #2351, .T. ) ;
#6894 = CARTESIAN_POINT ( 'NONE',  ( -8.266843969807050385, 5.000000000000000000, -3.500000000000000000 ) ) ;
#6895 = EDGE_CURVE ( 'NONE', #3350, #5223, #9482, .T. ) ;
#6896 = DIRECTION ( 'NONE',  ( -1.000000000000000000, 0.000000000000000000, 0.000000000000000000 ) ) ;
#6897 = DIRECTION ( 'NONE',  ( 0.000000000000000000, 0.000000000000000000, 1.000000000000000000 ) ) ;
#6898 = ORIENTED_EDGE ( 'NONE', *, *, #7691, .T. ) ;
#6899 = CARTESIAN_POINT ( 'NONE',  ( -9.866843969807048254, 5.000000000000000000, -0.3250000000000000111 ) ) ;
#6901 = ORIENTED_EDGE ( 'NONE', *, *, #6726, .T. ) ;
#6900 = ORIENTED_EDGE ( 'NONE', *, *, #7258, .T. ) ;
#6902 = CARTESIAN_POINT ( 'NONE',  ( -8.664573060654802816, 4.240175738629557323, -0.9836323783243463570 ) ) ;
#6903 = FACE_OUTER_BOUND ( 'NONE', #4428, .T. ) ;
#6904 = EDGE_CURVE ( 'NONE', #353, #4393, #8210, .T. ) ;
#6905 = EDGE_LOOP ( 'NONE', ( #2105, #3203, #7260, #2470 ) ) ;
#6906 = EDGE_CURVE ( 'NONE', #6618, #550, #9477, .T. ) ;
#6907 = LINE ( 'NONE', #871, #831 ) ;
#6908 = AXIS2_PLACEMENT_3D ( 'NONE', #1152, #3576, #3473 ) ;
#6909 = CARTESIAN_POINT ( 'NONE',  ( 7.741843969807069570, -1.647987302177964846E-14, 7.834142447702459935E-14 ) ) ;
#6910 = ORIENTED_EDGE ( 'NONE', *, *, #2213, .T. ) ;
#6911 = CARTESIAN_POINT ( 'NONE',  ( 4.649999999999999467, 1.600000000000000089, 4.250000000000000000 ) ) ;
#6912 = DIRECTION ( 'NONE',  ( 0.8191520442889946851, -5.800009312744919496E-16, 0.5735764363510417185 ) ) ;
#6913 = ORIENTED_EDGE ( 'NONE', *, *, #4617, .T. ) ;
#6914 = FACE_OUTER_BOUND ( 'NONE', #4280, .T. ) ;
#6915 = VECTOR ( 'NONE', #7836, 1000.000000000000000 ) ;
#6916 = CARTESIAN_POINT ( 'NONE',  ( -8.266843969807050385, 1.600000000000000089, -3.500000000000000000 ) ) ;
#6917 = EDGE_CURVE ( 'NONE', #692, #127, #7049, .T. ) ;
#6918 = VERTEX_POINT ( 'NONE', #2534 ) ;
#6919 = ORIENTED_EDGE ( 'NONE', *, *, #227, .F. ) ;
#6920 = ADVANCED_FACE ( 'NONE', ( #5564 ), #1791, .T. ) ;
#6921 = VECTOR ( 'NONE', #1603, 1000.000000000000000 ) ;
#6922 = CYLINDRICAL_SURFACE ( 'NONE', #2560, 0.5000000000000004441 ) ;
#6923 = DIRECTION ( 'NONE',  ( 7.279101552726930441E-16, 1.000000000000000000, 0.000000000000000000 ) ) ;
#6924 = DIRECTION ( 'NONE',  ( 0.000000000000000000, 0.000000000000000000, -1.000000000000000000 ) ) ;
#6925 = CARTESIAN_POINT ( 'NONE',  ( -11.15000000000000036, 4.349999999999999645, 2.600000000000000089 ) ) ;
#6926 = CARTESIAN_POINT ( 'NONE',  ( -8.266843969807050385, 1.600000000000000089, -2.600000000000000089 ) ) ;
#6927 = VECTOR ( 'NONE', #5956, 1000.000000000000000 ) ;
#6928 = DIRECTION ( 'NONE',  ( -1.445602896647339903E-16, 0.000000000000000000, 1.000000000000000000 ) ) ;
#6929 = CARTESIAN_POINT ( 'NONE',  ( 4.649999999999999467, 1.399999999999999911, 5.074999999999999289 ) ) ;
#6930 = VERTEX_POINT ( 'NONE', #7098 ) ;
#6931 = CIRCLE ( 'NONE', #9783, 8.000000000000000000 ) ;
#6932 = ORIENTED_EDGE ( 'NONE', *, *, #8529, .F. ) ;
#6933 = CARTESIAN_POINT ( 'NONE',  ( 11.40000000000000036, 1.500000000000000000, 2.600000000000000089 ) ) ;
#6934 = VERTEX_POINT ( 'NONE', #7886 ) ;
#6935 = VECTOR ( 'NONE', #2217, 1000.000000000000000 ) ;
#6936 = LINE ( 'NONE', #6139, #4211 ) ;
#6937 = DIRECTION ( 'NONE',  ( 0.000000000000000000, 0.000000000000000000, 1.000000000000000000 ) ) ;
#6938 = EDGE_CURVE ( 'NONE', #2429, #7776, #7148, .T. ) ;
#6939 = DIRECTION ( 'NONE',  ( 7.279101552726909733E-16, 1.000000000000000000, 0.000000000000000000 ) ) ;
#6940 = CARTESIAN_POINT ( 'NONE',  ( 5.332682251925390027, 5.599999999999999645, -7.250000000000000000 ) ) ;
#6941 = CARTESIAN_POINT ( 'NONE',  ( 0.7359680642409179852, 2.746670208495180177, 2.600000000000000089 ) ) ;
#6942 = ORIENTED_EDGE ( 'NONE', *, *, #6917, .T. ) ;
#6943 = CARTESIAN_POINT ( 'NONE',  ( -1.619600095481739913E-15, 4.450000000000000178, 2.600000000000000089 ) ) ;
#6944 = CIRCLE ( 'NONE', #5522, 0.2750000000000000222 ) ;
#6945 = PLANE ( 'NONE',  #5326 ) ;
#6946 = DIRECTION ( 'NONE',  ( 1.000000000000000000, 0.000000000000000000, 0.000000000000000000 ) ) ;
#6947 = ORIENTED_EDGE ( 'NONE', *, *, #7989, .F. ) ;
#6948 = FACE_OUTER_BOUND ( 'NONE', #8331, .T. ) ;
#6949 = EDGE_CURVE ( 'NONE', #5123, #4840, #2878, .T. ) ;
#6951 = VERTEX_POINT ( 'NONE', #662 ) ;
#6950 = VERTEX_POINT ( 'NONE', #2232 ) ;
#6952 = CARTESIAN_POINT ( 'NONE',  ( -8.653952729276827682, 4.216147627671246845, -1.029923933197153252 ) ) ;
#6953 = CARTESIAN_POINT ( 'NONE',  ( 7.741843969807050030, 4.750000000000000000, -2.599999999999914824 ) ) ;
#6954 = EDGE_CURVE ( 'NONE', #8379, #6496, #8181, .T. ) ;
#6955 = EDGE_LOOP ( 'NONE', ( #3510, #1802, #3130, #6404 ) ) ;
#6956 = LINE ( 'NONE', #5472, #3984 ) ;
#6957 = EDGE_CURVE ( 'NONE', #9104, #848, #3686, .T. ) ;
#6958 = EDGE_CURVE ( 'NONE', #7927, #3262, #6944, .T. ) ;
#6959 = AXIS2_PLACEMENT_3D ( 'NONE', #2948, #2862, #8862 ) ;
#6960 = EDGE_CURVE ( 'NONE', #8703, #7324, #9675, .T. ) ;
#6961 = LINE ( 'NONE', #9287, #6504 ) ;
#6962 = ORIENTED_EDGE ( 'NONE', *, *, #382, .T. ) ;
#6963 = VECTOR ( 'NONE', #330, 1000.000000000000227 ) ;
#6964 = DIRECTION ( 'NONE',  ( 0.000000000000000000, 0.000000000000000000, -1.000000000000000000 ) ) ;
#6965 = EDGE_CURVE ( 'NONE', #9534, #2702, #6696, .T. ) ;
#6966 = CARTESIAN_POINT ( 'NONE',  ( 7.353719082945159609E-16, 1.600000000000000089, 5.850000000000000533 ) ) ;
#6967 = ORIENTED_EDGE ( 'NONE', *, *, #3987, .F. ) ;
#6968 = AXIS2_PLACEMENT_3D ( 'NONE', #8974, #6788, #2179 ) ;
#6969 = LINE ( 'NONE', #46, #5871 ) ;
#6970 = DIRECTION ( 'NONE',  ( 0.000000000000000000, -1.000000000000000000, 0.000000000000000000 ) ) ;
#6971 = AXIS2_PLACEMENT_3D ( 'NONE', #5025, #9694, #4483 ) ;
#6972 = EDGE_CURVE ( 'NONE', #6104, #4367, #565, .T. ) ;
#6973 = ORIENTED_EDGE ( 'NONE', *, *, #372, .F. ) ;
#6974 = EDGE_LOOP ( 'NONE', ( #1743, #4330, #8444, #97 ) ) ;
#6975 = VECTOR ( 'NONE', #5295, 1000.000000000000000 ) ;
#6976 = CIRCLE ( 'NONE', #1740, 0.3250000000000000111 ) ;
#6977 = CARTESIAN_POINT ( 'NONE',  ( -8.398879921041238816, 4.349999999999999645, 1.149999999999999911 ) ) ;
#6978 = CARTESIAN_POINT ( 'NONE',  ( 3.937644094699915165, 1.599999999999999867, -4.658858120127169933 ) ) ;
#6979 = AXIS2_PLACEMENT_3D ( 'NONE', #2786, #1304, #4416 ) ;
#6980 = FACE_OUTER_BOUND ( 'NONE', #1448, .T. ) ;
#6981 = EDGE_CURVE ( 'NONE', #776, #1580, #3720, .T. ) ;
#6982 = DIRECTION ( 'NONE',  ( 0.000000000000000000, -1.000000000000000000, 0.000000000000000000 ) ) ;
#6983 = DIRECTION ( 'NONE',  ( 0.000000000000000000, 1.000000000000000000, 0.000000000000000000 ) ) ;
#6984 = AXIS2_PLACEMENT_3D ( 'NONE', #4155, #9417, #309 ) ;
#6985 = LINE ( 'NONE', #8368, #4748 ) ;
#6986 = VERTEX_POINT ( 'NONE', #9724 ) ;
#6987 = ORIENTED_EDGE ( 'NONE', *, *, #8535, .T. ) ;
#6988 = CIRCLE ( 'NONE', #2866, 0.6250000000000000000 ) ;
#6989 = DIRECTION ( 'NONE',  ( -1.014997778497068052E-15, -1.000000000000000000, 0.000000000000000000 ) ) ;
#6990 = ORIENTED_EDGE ( 'NONE', *, *, #7989, .T. ) ;
#6991 = ADVANCED_FACE ( 'NONE', ( #5261 ), #1393, .F. ) ;
#6992 = CIRCLE ( 'NONE', #2710, 0.8250000000000001776 ) ;
#6993 = LINE ( 'NONE', #1782, #7862 ) ;
#6994 = PLANE ( 'NONE',  #8671 ) ;
#6995 = DIRECTION ( 'NONE',  ( 1.000000000000000000, 0.000000000000000000, 0.000000000000000000 ) ) ;
#6996 = CARTESIAN_POINT ( 'NONE',  ( 11.15000000000000036, 4.450000000000000178, 2.600000000000000089 ) ) ;
#6997 = LINE ( 'NONE', #7587, #3021 ) ;
#6998 = VERTEX_POINT ( 'NONE', #1243 ) ;
#6999 = FACE_OUTER_BOUND ( 'NONE', #3606, .T. ) ;
#7000 = B_SPLINE_CURVE_WITH_KNOTS ( 'NONE', 3,
 ( #2791, #529, #2045, #3541, #5815, #4276, #9593, #4400, #2870, #1290, #9715, #8816 ),
 .UNSPECIFIED., .F., .F.,
 ( 4, 2, 2, 2, 2, 4 ),
 ( 0.000000000000000000, 0.2499999999999529265, 0.3749999999999293898, 0.4374999999999309441, 0.4999999999999324984, 1.000000000000000000 ),
 .UNSPECIFIED. ) ;
#7001 = VECTOR ( 'NONE', #2422, 1000.000000000000000 ) ;
#7002 = CIRCLE ( 'NONE', #5260, 0.5000000000000000000 ) ;
#7003 = VECTOR ( 'NONE', #7671, 1000.000000000000000 ) ;
#7004 = EDGE_CURVE ( 'NONE', #5733, #6268, #9770, .T. ) ;
#7005 = CARTESIAN_POINT ( 'NONE',  ( -6.161242077394740058, 3.100000000000000089, 4.345678026214510048 ) ) ;
#7006 = CARTESIAN_POINT ( 'NONE',  ( -8.516843969807039727, 4.349999999999999645, 0.9815298788878989988 ) ) ;
#7007 = ORIENTED_EDGE ( 'NONE', *, *, #1764, .F. ) ;
#7008 = CARTESIAN_POINT ( 'NONE',  ( 8.712008916671022618, 4.449999999999983302, 1.999123205996803598 ) ) ;
#7009 = CIRCLE ( 'NONE', #4468, 0.5000000000000004441 ) ;
#7011 = ORIENTED_EDGE ( 'NONE', *, *, #4329, .F. ) ;
#7010 = VERTEX_POINT ( 'NONE', #2826 ) ;
#7012 = LINE ( 'NONE', #5517, #4541 ) ;
#7013 = VECTOR ( 'NONE', #2218, 1000.000000000000000 ) ;
#7014 = CARTESIAN_POINT ( 'NONE',  ( 7.301739479699309143, 0.9677449166682510207, -2.600000000000000089 ) ) ;
#7015 = ORIENTED_EDGE ( 'NONE', *, *, #7871, .T. ) ;
#7016 = DIRECTION ( 'NONE',  ( -1.000000000000000000, -3.639550776363464727E-16, 0.000000000000000000 ) ) ;
#7017 = ADVANCED_FACE ( 'NONE', ( #8826 ), #6544, .F. ) ;
#7018 = DIRECTION ( 'NONE',  ( -0.000000000000000000, 1.000000000000000000, 0.000000000000000000 ) ) ;
#7019 = EDGE_LOOP ( 'NONE', ( #4944, #3493, #2758, #2600, #5588, #5719, #5916, #246 ) ) ;
#7020 = DIRECTION ( 'NONE',  ( 0.000000000000000000, 1.000000000000000000, 0.000000000000000000 ) ) ;
#7021 = DIRECTION ( 'NONE',  ( 0.000000000000000000, 0.000000000000000000, 1.000000000000000000 ) ) ;
#7022 = EDGE_LOOP ( 'NONE', ( #7375, #8788, #1978, #7278 ) ) ;
#7023 = LINE ( 'NONE', #8606, #5555 ) ;
#7024 = DIRECTION ( 'NONE',  ( 1.000000000000000000, 0.000000000000000000, 0.000000000000000000 ) ) ;
#7025 = ORIENTED_EDGE ( 'NONE', *, *, #3495, .T. ) ;
#7026 = ORIENTED_EDGE ( 'NONE', *, *, #4249, .F. ) ;
#7027 = DIRECTION ( 'NONE',  ( -1.000000000000000000, 0.000000000000000000, 1.257045997084641872E-16 ) ) ;
#7028 = LINE ( 'NONE', #1667, #8092 ) ;
#7029 = ORIENTED_EDGE ( 'NONE', *, *, #1438, .T. ) ;
#7030 = CARTESIAN_POINT ( 'NONE',  ( -3.899999999999999911, 1.600000000000000089, -6.984983894040130536 ) ) ;
#7031 = PLANE ( 'NONE',  #6844 ) ;
#7032 = FACE_OUTER_BOUND ( 'NONE', #7999, .T. ) ;
#7033 = CARTESIAN_POINT ( 'NONE',  ( 11.44999999999999929, 0.2000000000000000111, -2.600000000000000089 ) ) ;
#7034 = ADVANCED_FACE ( 'NONE', ( #7490 ), #5850, .F. ) ;
#7035 = VERTEX_POINT ( 'NONE', #516 ) ;
#7036 = DIRECTION ( 'NONE',  ( -1.000000000000000000, 1.014997778497068052E-15, 0.000000000000000000 ) ) ;
#7037 = EDGE_LOOP ( 'NONE', ( #2097, #448, #4383, #7245, #5281, #7954, #7166, #5723 ) ) ;
#7038 = ADVANCED_FACE ( 'NONE', ( #8883 ), #9582, .F. ) ;
#7039 = CARTESIAN_POINT ( 'NONE',  ( -3.899999999999999911, 1.300000000000000044, -7.250000000000000000 ) ) ;
#7040 = CARTESIAN_POINT ( 'NONE',  ( 11.25000000000000000, 0.2000000000000000111, 2.600000000000000089 ) ) ;
#7041 = CARTESIAN_POINT ( 'NONE',  ( 9.866843969807048254, 5.000000000000000000, -0.3250000000000000111 ) ) ;
#7042 = VECTOR ( 'NONE', #5456, 1000.000000000000000 ) ;
#7043 = DIRECTION ( 'NONE',  ( -0.9648134530529778319, 0.2585209855922324662, -0.04797812852133689215 ) ) ;
#7044 = DIRECTION ( 'NONE',  ( 1.046341144239978892E-14, -1.170249963952607920E-15, 1.000000000000000000 ) ) ;
#7045 = DIRECTION ( 'NONE',  ( 9.757819552369560416E-15, 0.000000000000000000, -1.000000000000000000 ) ) ;
#7046 = EDGE_CURVE ( 'NONE', #3246, #3970, #7489, .T. ) ;
#7047 = VECTOR ( 'NONE', #7232, 1000.000000000000000 ) ;
#7048 = LINE ( 'NONE', #1643, #7068 ) ;
#7049 = LINE ( 'NONE', #6294, #6461 ) ;
#7050 = VERTEX_POINT ( 'NONE', #8085 ) ;
#7051 = CARTESIAN_POINT ( 'NONE',  ( -9.266843969807039727, 3.100000000000000089, -0.9499999999999999556 ) ) ;
#7053 = ORIENTED_EDGE ( 'NONE', *, *, #9324, .T. ) ;
#7052 = ORIENTED_EDGE ( 'NONE', *, *, #8482, .T. ) ;
#7054 = CARTESIAN_POINT ( 'NONE',  ( -8.621631980879289614, 4.216094314104439356, 1.093394109087759913 ) ) ;
#7055 = DIRECTION ( 'NONE',  ( 1.000000000000000000, 0.000000000000000000, 0.000000000000000000 ) ) ;
#7056 = ORIENTED_EDGE ( 'NONE', *, *, #2767, .T. ) ;
#7057 = FACE_OUTER_BOUND ( 'NONE', #6221, .T. ) ;
#7058 = CARTESIAN_POINT ( 'NONE',  ( 11.15000000000000036, -1.908195823574490013E-14, -2.600000000000000089 ) ) ;
#7059 = ORIENTED_EDGE ( 'NONE', *, *, #7093, .T. ) ;
#7060 = CARTESIAN_POINT ( 'NONE',  ( 2.705666826572429962, 2.374182442857370123, 1.220617149911503940 ) ) ;
#7061 = DIRECTION ( 'NONE',  ( 1.000000000000000000, 0.000000000000000000, 0.000000000000000000 ) ) ;
#7062 = EDGE_CURVE ( 'NONE', #3878, #863, #1233, .T. ) ;
#7063 = VERTEX_POINT ( 'NONE', #5352 ) ;
#7064 = CARTESIAN_POINT ( 'NONE',  ( 0.000000000000000000, 5.000000000000000000, 0.000000000000000000 ) ) ;
#7065 = CARTESIAN_POINT ( 'NONE',  ( -7.933315826311220675, 39.49734969922095473, 4.250000000000000000 ) ) ;
#7066 = ORIENTED_EDGE ( 'NONE', *, *, #3566, .F. ) ;
#7067 = ORIENTED_EDGE ( 'NONE', *, *, #3149, .T. ) ;
#7068 = VECTOR ( 'NONE', #3275, 1000.000000000000114 ) ;
#7069 = CARTESIAN_POINT ( 'NONE',  ( -1.950240635371355283E-15, -1.040834085586083941E-14, -1.750000000000000000 ) ) ;
#7070 = FACE_OUTER_BOUND ( 'NONE', #4042, .T. ) ;
#7071 = ORIENTED_EDGE ( 'NONE', *, *, #4126, .F. ) ;
#7072 = CARTESIAN_POINT ( 'NONE',  ( 1.842530190005510082E-31, -1.597468094566410147E-15, 2.600000000000000089 ) ) ;
#7073 = EDGE_CURVE ( 'NONE', #6159, #1302, #4699, .T. ) ;
#7074 = DIRECTION ( 'NONE',  ( 0.000000000000000000, -1.000000000000000000, 0.000000000000000000 ) ) ;
#7075 = DIRECTION ( 'NONE',  ( 0.000000000000000000, 1.000000000000000000, 0.000000000000000000 ) ) ;
#7076 = CARTESIAN_POINT ( 'NONE',  ( -9.066843969807040438, 4.450000000000000178, 2.600000000000000089 ) ) ;
#7077 = AXIS2_PLACEMENT_3D ( 'NONE', #357, #8720, #3464 ) ;
#7078 = ORIENTED_EDGE ( 'NONE', *, *, #2074, .T. ) ;
#7079 = EDGE_CURVE ( 'NONE', #9163, #1645, #9075, .T. ) ;
#7080 = DIRECTION ( 'NONE',  ( 0.000000000000000000, 0.000000000000000000, 1.000000000000000000 ) ) ;
#7081 = DIRECTION ( 'NONE',  ( 0.000000000000000000, -1.000000000000000000, 0.000000000000000000 ) ) ;
#7083 = EDGE_CURVE ( 'NONE', #7512, #3544, #1635, .T. ) ;
#7082 = ORIENTED_EDGE ( 'NONE', *, *, #4104, .T. ) ;
#7084 = AXIS2_PLACEMENT_3D ( 'NONE', #6847, #2332, #3222 ) ;
#7085 = EDGE_CURVE ( 'NONE', #5990, #4232, #7249, .T. ) ;
#7086 = EDGE_CURVE ( 'NONE', #8966, #6218, #2281, .T. ) ;
#7087 = FACE_OUTER_BOUND ( 'NONE', #8034, .T. ) ;
#7089 = CARTESIAN_POINT ( 'NONE',  ( -8.666843969807059622, 4.315000000000000391, -0.9499999999999999556 ) ) ;
#7088 = VECTOR ( 'NONE', #4749, 1000.000000000000000 ) ;
#7090 = CARTESIAN_POINT ( 'NONE',  ( -6.360817557515700216, 5.000000000000000000, 4.250000000000000000 ) ) ;
#7091 = DIRECTION ( 'NONE',  ( 1.000000000000000000, 0.000000000000000000, 0.000000000000000000 ) ) ;
#7092 = DIRECTION ( 'NONE',  ( -1.104233602240389959E-15, 1.000000000000000000, 0.000000000000000000 ) ) ;
#7093 = EDGE_CURVE ( 'NONE', #4997, #9775, #6931, .T. ) ;
#7094 = DIRECTION ( 'NONE',  ( 4.248302390147255473E-15, 1.000000000000000000, 0.000000000000000000 ) ) ;
#7095 = CARTESIAN_POINT ( 'NONE',  ( 7.741843969807069570, 0.2000000000000000111, 2.600000000000000089 ) ) ;
#7096 = CIRCLE ( 'NONE', #2815, 0.6250000000000000000 ) ;
#7097 = LINE ( 'NONE', #5414, #2175 ) ;
#7098 = CARTESIAN_POINT ( 'NONE',  ( 8.616843969807050030, 0.2000000000000000111, -3.500000000000000000 ) ) ;
#7099 = ORIENTED_EDGE ( 'NONE', *, *, #7502, .F. ) ;
#7100 = CARTESIAN_POINT ( 'NONE',  ( -11.15000000000000036, 4.599999999999999645, 2.600000000000000089 ) ) ;
#7101 = CIRCLE ( 'NONE', #4087, 0.2500000000000002220 ) ;
#7103 = ORIENTED_EDGE ( 'NONE', *, *, #9301, .T. ) ;
#7102 = ORIENTED_EDGE ( 'NONE', *, *, #8792, .F. ) ;
#7104 = CARTESIAN_POINT ( 'NONE',  ( 0.000000000000000000, 5.599999999999999645, 0.000000000000000000 ) ) ;
#7105 = DIRECTION ( 'NONE',  ( -0.7071067811865475727, 0.000000000000000000, -0.7071067811865475727 ) ) ;
#7106 = ORIENTED_EDGE ( 'NONE', *, *, #2834, .T. ) ;
#7107 = ADVANCED_FACE ( 'NONE', ( #9221 ), #2475, .F. ) ;
#7108 = DIRECTION ( 'NONE',  ( 0.000000000000000000, 0.000000000000000000, 1.000000000000000000 ) ) ;
#7109 = VERTEX_POINT ( 'NONE', #897 ) ;
#7110 = DIRECTION ( 'NONE',  ( 0.000000000000000000, 0.000000000000000000, 1.000000000000000000 ) ) ;
#7111 = FACE_OUTER_BOUND ( 'NONE', #7856, .T. ) ;
#7112 = DIRECTION ( 'NONE',  ( 1.000000000000000000, 0.000000000000000000, -1.257045997084641872E-16 ) ) ;
#7113 = ORIENTED_EDGE ( 'NONE', *, *, #8358, .F. ) ;
#7114 = CARTESIAN_POINT ( 'NONE',  ( 5.332682251925390027, 39.49734969922095473, 7.250000000000000000 ) ) ;
#7115 = CARTESIAN_POINT ( 'NONE',  ( 11.40000000000000036, 0.2500000000000000000, 2.600000000000000089 ) ) ;
#7116 = ORIENTED_EDGE ( 'NONE', *, *, #2484, .T. ) ;
#7117 = ORIENTED_EDGE ( 'NONE', *, *, #8727, .F. ) ;
#7118 = EDGE_CURVE ( 'NONE', #7703, #8636, #3909, .T. ) ;
#7119 = DIRECTION ( 'NONE',  ( 1.445602896647339903E-16, 0.000000000000000000, -1.000000000000000000 ) ) ;
#7120 = FACE_OUTER_BOUND ( 'NONE', #5822, .T. ) ;
#7121 = EDGE_CURVE ( 'NONE', #6484, #8478, #7725, .T. ) ;
#7122 = ORIENTED_EDGE ( 'NONE', *, *, #1688, .F. ) ;
#7123 = VECTOR ( 'NONE', #4463, 1000.000000000000000 ) ;
#7124 = DIRECTION ( 'NONE',  ( 0.000000000000000000, 0.000000000000000000, 1.000000000000000000 ) ) ;
#7125 = DIRECTION ( 'NONE',  ( 1.000000000000000000, 0.000000000000000000, 0.000000000000000000 ) ) ;
#7126 = AXIS2_PLACEMENT_3D ( 'NONE', #1554, #4570, #8393 ) ;
#7127 = CARTESIAN_POINT ( 'NONE',  ( -8.666843969807020542, 1.899999999999999911, 0.9499999999999999556 ) ) ;
#7128 = CYLINDRICAL_SURFACE ( 'NONE', #6335, 6.100000000000000533 ) ;
#7129 = ORIENTED_EDGE ( 'NONE', *, *, #9396, .F. ) ;
#7130 = VECTOR ( 'NONE', #624, 1000.000000000000000 ) ;
#7131 = DIRECTION ( 'NONE',  ( 0.000000000000000000, -1.000000000000000000, 0.000000000000000000 ) ) ;
#7132 = ORIENTED_EDGE ( 'NONE', *, *, #4059, .F. ) ;
#7133 = AXIS2_PLACEMENT_3D ( 'NONE', #9409, #6419, #3359 ) ;
#7134 = ADVANCED_FACE ( 'NONE', ( #7732 ), #5303, .T. ) ;
#7135 = VECTOR ( 'NONE', #1451, 1000.000000000000227 ) ;
#7136 = CARTESIAN_POINT ( 'NONE',  ( 12.14999999999999858, 4.299999999999999822, -2.600000000000000089 ) ) ;
#7137 = AXIS2_PLACEMENT_3D ( 'NONE', #5832, #8207, #1419 ) ;
#7138 = DIRECTION ( 'NONE',  ( 0.000000000000000000, 0.000000000000000000, -1.000000000000000000 ) ) ;
#7139 = FACE_OUTER_BOUND ( 'NONE', #5876, .T. ) ;
#7140 = VECTOR ( 'NONE', #4533, 1000.000000000000000 ) ;
#7141 = CARTESIAN_POINT ( 'NONE',  ( -3.449999999999999734, -7.269011204192789677, 5.850000000000000533 ) ) ;
#7142 = CARTESIAN_POINT ( 'NONE',  ( 7.933315826311220675, 5.599999999999999645, -4.250000000000000000 ) ) ;
#7143 = LINE ( 'NONE', #9471, #2485 ) ;
#7144 = ADVANCED_FACE ( 'NONE', ( #943 ), #2435, .F. ) ;
#7145 = CARTESIAN_POINT ( 'NONE',  ( -11.40000000000000036, -1.734723475976804925E-15, -2.100000000000000089 ) ) ;
#7146 = CIRCLE ( 'NONE', #7774, 8.000000000000000000 ) ;
#7147 = LINE ( 'NONE', #8531, #9142 ) ;
#7148 = LINE ( 'NONE', #371, #2961 ) ;
#7149 = ORIENTED_EDGE ( 'NONE', *, *, #8802, .F. ) ;
#7150 = DIRECTION ( 'NONE',  ( 1.000000000000000000, 0.000000000000000000, 0.000000000000000000 ) ) ;
#7152 = ORIENTED_EDGE ( 'NONE', *, *, #2002, .T. ) ;
#7151 = ORIENTED_EDGE ( 'NONE', *, *, #701, .T. ) ;
#7153 = CARTESIAN_POINT ( 'NONE',  ( -9.866843969807048254, 4.450000000000000178, 0.000000000000000000 ) ) ;
#7154 = LINE ( 'NONE', #7800, #2383 ) ;
#7155 = AXIS2_PLACEMENT_3D ( 'NONE', #2062, #9704, #1517 ) ;
#7156 = AXIS2_PLACEMENT_3D ( 'NONE', #38, #826, #6860 ) ;
#7157 = ORIENTED_EDGE ( 'NONE', *, *, #8059, .T. ) ;
#7158 = VECTOR ( 'NONE', #5681, 1000.000000000000000 ) ;
#7159 = EDGE_CURVE ( 'NONE', #9230, #8675, #3219, .T. ) ;
#7160 = CARTESIAN_POINT ( 'NONE',  ( 6.777720855862989779, 5.599999999999999645, 4.250000000000000000 ) ) ;
#7161 = VERTEX_POINT ( 'NONE', #1491 ) ;
#7162 = VECTOR ( 'NONE', #1114, 1000.000000000000114 ) ;
#7163 = DIRECTION ( 'NONE',  ( 0.000000000000000000, 0.000000000000000000, 1.000000000000000000 ) ) ;
#7164 = CARTESIAN_POINT ( 'NONE',  ( -1.730109849710914971E-16, 1.500000000000000000, 0.000000000000000000 ) ) ;
#7165 = VECTOR ( 'NONE', #7206, 1000.000000000000114 ) ;
#7167 = ORIENTED_EDGE ( 'NONE', *, *, #9730, .T. ) ;
#7166 = ORIENTED_EDGE ( 'NONE', *, *, #749, .T. ) ;
#7168 = DIRECTION ( 'NONE',  ( 0.8191520442889947962, -5.800009312744911607E-16, 0.5735764363510417185 ) ) ;
#7169 = LINE ( 'NONE', #339, #2688 ) ;
#7170 = ORIENTED_EDGE ( 'NONE', *, *, #9263, .F. ) ;
#7171 = EDGE_LOOP ( 'NONE', ( #9602, #2136, #8191, #9736, #636, #2223, #9452 ) ) ;
#7172 = CARTESIAN_POINT ( 'NONE',  ( -6.284114884038100257, 4.449470046969834680E-15, 4.431714491667159805 ) ) ;
#7173 = ORIENTED_EDGE ( 'NONE', *, *, #3725, .T. ) ;
#7174 = FACE_OUTER_BOUND ( 'NONE', #2487, .T. ) ;
#7175 = CARTESIAN_POINT ( 'NONE',  ( 7.052333044873230428, 1.209496739896014139, 8.673617379884030542E-16 ) ) ;
#7176 = LINE ( 'NONE', #1081, #5861 ) ;
#7177 = CARTESIAN_POINT ( 'NONE',  ( 12.14999999999999858, 4.299999999999999822, -2.600000000000000089 ) ) ;
#7178 = ORIENTED_EDGE ( 'NONE', *, *, #2585, .T. ) ;
#7179 = DIRECTION ( 'NONE',  ( -1.000000000000000000, 0.000000000000000000, 0.000000000000000000 ) ) ;
#7180 = ORIENTED_EDGE ( 'NONE', *, *, #4027, .F. ) ;
#7181 = CARTESIAN_POINT ( 'NONE',  ( -8.521752727684591022, 4.315000000000000391, 1.236036465452655886 ) ) ;
#7182 = FACE_OUTER_BOUND ( 'NONE', #6886, .T. ) ;
#7183 = DIRECTION ( 'NONE',  ( 0.000000000000000000, 0.000000000000000000, -1.000000000000000000 ) ) ;
#7184 = DIRECTION ( 'NONE',  ( -0.9659258262890672020, 0.2588190451025245697, 0.000000000000000000 ) ) ;
#7185 = DIRECTION ( 'NONE',  ( 0.000000000000000000, 0.000000000000000000, -1.000000000000000000 ) ) ;
#7186 = ORIENTED_EDGE ( 'NONE', *, *, #5664, .F. ) ;
#7187 = ADVANCED_FACE ( 'NONE', ( #6240 ), #6994, .T. ) ;
#7188 = ORIENTED_EDGE ( 'NONE', *, *, #7615, .T. ) ;
#7189 = DIRECTION ( 'NONE',  ( 1.819572328111074956E-16, 0.000000000000000000, -1.000000000000000000 ) ) ;
#7190 = DIRECTION ( 'NONE',  ( 7.279101552726930441E-16, 1.000000000000000000, 0.000000000000000000 ) ) ;
#7191 = CARTESIAN_POINT ( 'NONE',  ( 4.649999999999999467, 0.2000000000000000111, -5.899999999999999467 ) ) ;
#7192 = CARTESIAN_POINT ( 'NONE',  ( -5.048905886026750167, 5.364168724084649398, 5.899999999999999467 ) ) ;
#7193 = VERTEX_POINT ( 'NONE', #7584 ) ;
#7194 = LINE ( 'NONE', #375, #3952 ) ;
#7195 = ORIENTED_EDGE ( 'NONE', *, *, #9443, .T. ) ;
#7197 = VERTEX_POINT ( 'NONE', #6787 ) ;
#7196 = ORIENTED_EDGE ( 'NONE', *, *, #7436, .F. ) ;
#7198 = DIRECTION ( 'NONE',  ( 0.000000000000000000, -1.000000000000000000, 0.000000000000000000 ) ) ;
#7199 = DIRECTION ( 'NONE',  ( 0.04634331343577540591, -0.01241765340969860042, -0.9988483864849510008 ) ) ;
#7200 = EDGE_CURVE ( 'NONE', #4732, #1197, #3449, .T. ) ;
#7201 = AXIS2_PLACEMENT_3D ( 'NONE', #2283, #5306, #8330 ) ;
#7202 = EDGE_LOOP ( 'NONE', ( #7757, #3074, #4224, #5107 ) ) ;
#7203 = EDGE_CURVE ( 'NONE', #7234, #3329, #113, .T. ) ;
#7204 = CARTESIAN_POINT ( 'NONE',  ( 6.949566295542329186, 0.7193949171829608913, 0.5742379875259449040 ) ) ;
#7205 = VERTEX_POINT ( 'NONE', #2378 ) ;
#7206 = DIRECTION ( 'NONE',  ( 0.4226182617406998299, 0.000000000000000000, 0.9063077870366497146 ) ) ;
#7207 = PLANE ( 'NONE',  #8041 ) ;
#7208 = ADVANCED_FACE ( 'NONE', ( #5405 ), #1045, .T. ) ;
#7210 = ORIENTED_EDGE ( 'NONE', *, *, #4805, .T. ) ;
#7209 = ORIENTED_EDGE ( 'NONE', *, *, #2233, .T. ) ;
#7211 = CARTESIAN_POINT ( 'NONE',  ( 6.327768495886669695E-17, -1.040834085586083941E-14, -2.000000000000000000 ) ) ;
#7212 = EDGE_CURVE ( 'NONE', #1795, #8543, #3315, .T. ) ;
#7213 = CARTESIAN_POINT ( 'NONE',  ( -4.297588409752295391, 1.600000000000000089, 4.329056925054540095 ) ) ;
#7214 = ORIENTED_EDGE ( 'NONE', *, *, #7083, .F. ) ;
#7215 = EDGE_LOOP ( 'NONE', ( #3426, #229, #5742, #1767 ) ) ;
#7216 = DIRECTION ( 'NONE',  ( 1.000000000000000000, 0.000000000000000000, 0.000000000000000000 ) ) ;
#7217 = VERTEX_POINT ( 'NONE', #6479 ) ;
#7218 = CARTESIAN_POINT ( 'NONE',  ( 8.666843969807048964, 4.599999999999999645, 2.600000000000000089 ) ) ;
#7219 = DIRECTION ( 'NONE',  ( 0.000000000000000000, 0.000000000000000000, 1.000000000000000000 ) ) ;
#7220 = CARTESIAN_POINT ( 'NONE',  ( 3.449999999999999734, 1.399999999999999911, -1.709941712034280011E-15 ) ) ;
#7221 = DIRECTION ( 'NONE',  ( 0.000000000000000000, -1.000000000000000000, 0.000000000000000000 ) ) ;
#7222 = ORIENTED_EDGE ( 'NONE', *, *, #2112, .T. ) ;
#7223 = AXIS2_PLACEMENT_3D ( 'NONE', #6492, #9424, #8882 ) ;
#7224 = CARTESIAN_POINT ( 'NONE',  ( -5.266843969807050385, 1.399999999999999911, 0.000000000000000000 ) ) ;
#7225 = ADVANCED_FACE ( 'NONE', ( #8577 ), #4798, .F. ) ;
#7226 = EDGE_LOOP ( 'NONE', ( #6701, #2286, #9500, #5767, #9283, #8753, #956, #6062 ) ) ;
#7227 = CARTESIAN_POINT ( 'NONE',  ( -8.521752727684591022, 4.315000000000000391, 1.236036465452655886 ) ) ;
#7228 = CIRCLE ( 'NONE', #8018, 0.09999999999999939493 ) ;
#7229 = LINE ( 'NONE', #4154, #2336 ) ;
#7230 = LINE ( 'NONE', #9466, #6670 ) ;
#7231 = CARTESIAN_POINT ( 'NONE',  ( -8.266843969807050385, 1.600000000000000089, 0.000000000000000000 ) ) ;
#7232 = DIRECTION ( 'NONE',  ( 0.000000000000000000, -1.000000000000000000, 0.000000000000000000 ) ) ;
#7233 = VERTEX_POINT ( 'NONE', #4102 ) ;
#7234 = VERTEX_POINT ( 'NONE', #7089 ) ;
#7235 = FACE_OUTER_BOUND ( 'NONE', #2592, .T. ) ;
#7236 = VECTOR ( 'NONE', #8629, 1000.000000000000114 ) ;
#7237 = CARTESIAN_POINT ( 'NONE',  ( -3.937644094699915165, 1.399999999999999911, -4.658858120127169933 ) ) ;
#7238 = VECTOR ( 'NONE', #5511, 1000.000000000000000 ) ;
#7239 = EDGE_CURVE ( 'NONE', #7398, #5624, #7877, .T. ) ;
#7240 = DIRECTION ( 'NONE',  ( 0.000000000000000000, 1.000000000000000000, 0.000000000000000000 ) ) ;
#7241 = DIRECTION ( 'NONE',  ( -1.000000000000000000, 0.000000000000000000, 0.000000000000000000 ) ) ;
#7242 = EDGE_CURVE ( 'NONE', #7359, #1454, #3268, .T. ) ;
#7243 = DIRECTION ( 'NONE',  ( 0.000000000000000000, 0.000000000000000000, 1.000000000000000000 ) ) ;
#7244 = ORIENTED_EDGE ( 'NONE', *, *, #2148, .T. ) ;
#7246 = ORIENTED_EDGE ( 'NONE', *, *, #3516, .F. ) ;
#7245 = ORIENTED_EDGE ( 'NONE', *, *, #6475, .T. ) ;
#7247 = VECTOR ( 'NONE', #3872, 1000.000000000000000 ) ;
#7248 = SURFACE_SIDE_STYLE ('',( #1352 ) ) ;
#7249 = CIRCLE ( 'NONE', #920, 6.100000000000000533 ) ;
#7250 = DIRECTION ( 'NONE',  ( 1.000000000000000000, 0.000000000000000000, 1.819572328111074956E-16 ) ) ;
#7251 = ORIENTED_EDGE ( 'NONE', *, *, #5823, .F. ) ;
#7252 = VECTOR ( 'NONE', #2294, 1000.000000000000114 ) ;
#7253 = CARTESIAN_POINT ( 'NONE',  ( -13.84999999999999964, 1.356982825456590027E-14, 1.750000000000000000 ) ) ;
#7254 = ORIENTED_EDGE ( 'NONE', *, *, #4772, .F. ) ;
#7255 = ADVANCED_FACE ( 'NONE', ( #259 ), #7781, .T. ) ;
#7256 = CARTESIAN_POINT ( 'NONE',  ( 0.07404911318703749634, 2.924030856884924923, -1.097380245167868029 ) ) ;
#7257 = CARTESIAN_POINT ( 'NONE',  ( 0.000000000000000000, 39.49734969922095473, 0.000000000000000000 ) ) ;
#7258 = EDGE_CURVE ( 'NONE', #1795, #6866, #9315, .T. ) ;
#7260 = ORIENTED_EDGE ( 'NONE', *, *, #3846, .T. ) ;
#7259 = ORIENTED_EDGE ( 'NONE', *, *, #2930, .F. ) ;
#7261 = SURFACE_STYLE_USAGE ( .BOTH. , #21 ) ;
#7262 = CARTESIAN_POINT ( 'NONE',  ( -10.49184396980704115, 4.450000000000000178, 7.654042494670961551E-17 ) ) ;
#7263 = EDGE_CURVE ( 'NONE', #6257, #7109, #4947, .T. ) ;
#7264 = ORIENTED_EDGE ( 'NONE', *, *, #8583, .F. ) ;
#7265 = DIRECTION ( 'NONE',  ( 1.000000000000000000, 0.000000000000000000, 0.000000000000000000 ) ) ;
#7266 = VECTOR ( 'NONE', #8229, 1000.000000000000000 ) ;
#7267 = ORIENTED_EDGE ( 'NONE', *, *, #8535, .F. ) ;
#7268 = EDGE_CURVE ( 'NONE', #8697, #8448, #1921, .T. ) ;
#7269 = ADVANCED_FACE ( 'NONE', ( #358 ), #2522, .T. ) ;
#7270 = DIRECTION ( 'NONE',  ( 0.000000000000000000, 0.000000000000000000, -1.000000000000000000 ) ) ;
#7271 = ORIENTED_EDGE ( 'NONE', *, *, #3450, .T. ) ;
#7272 = DIRECTION ( 'NONE',  ( 0.000000000000000000, 1.000000000000000000, 0.000000000000000000 ) ) ;
#7273 = CARTESIAN_POINT ( 'NONE',  ( 11.25000000000000000, 1.500000000000000000, -1.750000000000000000 ) ) ;
#7274 = PLANE ( 'NONE',  #2214 ) ;
#7275 = DIRECTION ( 'NONE',  ( 0.000000000000000000, 1.000000000000000000, 0.000000000000000000 ) ) ;
#7276 = ORIENTED_EDGE ( 'NONE', *, *, #2174, .T. ) ;
#7277 = DIRECTION ( 'NONE',  ( 0.000000000000000000, 1.000000000000000000, 0.000000000000000000 ) ) ;
#7278 = ORIENTED_EDGE ( 'NONE', *, *, #7290, .T. ) ;
#7279 = AXIS2_PLACEMENT_3D ( 'NONE', #7938, #4262, #2735 ) ;
#7280 = EDGE_CURVE ( 'NONE', #8100, #2357, #7229, .T. ) ;
#7281 = CARTESIAN_POINT ( 'NONE',  ( 11.15000000000000036, -1.908195823574490013E-14, -2.100000000000000089 ) ) ;
#7282 = DIRECTION ( 'NONE',  ( 0.000000000000000000, -1.000000000000000000, 0.000000000000000000 ) ) ;
#7283 = CYLINDRICAL_SURFACE ( 'NONE', #1600, 0.09999999999999939493 ) ;
#7284 = VECTOR ( 'NONE', #7610, 1000.000000000000000 ) ;
#7285 = DIRECTION ( 'NONE',  ( -0.5735764363510396091, 0.000000000000000000, -0.8191520442889963505 ) ) ;
#7286 = DIRECTION ( 'NONE',  ( 0.2588190451025245697, 0.9659258262890672020, 0.000000000000000000 ) ) ;
#7287 = ORIENTED_EDGE ( 'NONE', *, *, #3149, .F. ) ;
#7288 = ORIENTED_EDGE ( 'NONE', *, *, #7602, .F. ) ;
#7289 = AXIS2_PLACEMENT_3D ( 'NONE', #7468, #9561, #4440 ) ;
#7290 = EDGE_CURVE ( 'NONE', #1942, #8942, #4708, .T. ) ;
#7291 = CARTESIAN_POINT ( 'NONE',  ( 2.931712225608154920, 1.795975670527939938, 1.663081858315285100 ) ) ;
#7292 = CIRCLE ( 'NONE', #8069, 0.2500000000000002220 ) ;
#7293 = AXIS2_PLACEMENT_3D ( 'NONE', #6231, #3853, #2469 ) ;
#7294 = AXIS2_PLACEMENT_3D ( 'NONE', #4242, #4298, #3653 ) ;
#7295 = FACE_OUTER_BOUND ( 'NONE', #8395, .T. ) ;
#7296 = ADVANCED_FACE ( 'NONE', ( #8623 ), #2619, .T. ) ;
#7297 = DIRECTION ( 'NONE',  ( -1.000000000000000000, 0.000000000000000000, 0.000000000000000000 ) ) ;
#7298 = VECTOR ( 'NONE', #5214, 1000.000000000000000 ) ;
#7299 = DIRECTION ( 'NONE',  ( 0.8191520442889946851, -5.800009312744919496E-16, -0.5735764363510417185 ) ) ;
#7300 = DIRECTION ( 'NONE',  ( 0.8191520442889946851, -5.800009312744919496E-16, -0.5735764363510417185 ) ) ;
#7301 = EDGE_LOOP ( 'NONE', ( #1930, #6030, #2209, #797 ) ) ;
#7303 = VERTEX_POINT ( 'NONE', #1874 ) ;
#7302 = ORIENTED_EDGE ( 'NONE', *, *, #3621, .T. ) ;
#7304 = AXIS2_PLACEMENT_3D ( 'NONE', #4787, #3102, #2419 ) ;
#7305 = DIRECTION ( 'NONE',  ( 0.000000000000000000, 0.000000000000000000, -1.000000000000000000 ) ) ;
#7306 =( GEOMETRIC_REPRESENTATION_CONTEXT ( 3 ) GLOBAL_UNCERTAINTY_ASSIGNED_CONTEXT ( ( #2563 ) ) GLOBAL_UNIT_ASSIGNED_CONTEXT ( ( #3769, #9549, #5820 ) ) REPRESENTATION_CONTEXT ( 'NONE', 'WORKASPACE' ) );
#7307 = ADVANCED_FACE ( 'NONE', ( #7921 ), #451, .F. ) ;
#7308 = CYLINDRICAL_SURFACE ( 'NONE', #1074, 0.4500000000000000111 ) ;
#7309 = AXIS2_PLACEMENT_3D ( 'NONE', #184, #7018, #1560 ) ;
#7310 = CARTESIAN_POINT ( 'NONE',  ( -1.981937314617169932, 1.600000000000000089, 5.850000000000000533 ) ) ;
#7311 = ORIENTED_EDGE ( 'NONE', *, *, #242, .F. ) ;
#7312 = DIRECTION ( 'NONE',  ( -4.336808689942120288E-15, -1.000000000000000000, 0.000000000000000000 ) ) ;
#7313 = DIRECTION ( 'NONE',  ( 0.4226182617406998299, 0.000000000000000000, 0.9063077870366497146 ) ) ;
#7315 = ORIENTED_EDGE ( 'NONE', *, *, #671, .T. ) ;
#7314 = ORIENTED_EDGE ( 'NONE', *, *, #1090, .F. ) ;
#7316 = ADVANCED_FACE ( 'NONE', ( #1829, #7182 ), #405, .T. ) ;
#7317 = DIRECTION ( 'NONE',  ( 1.000000000000000000, 0.000000000000000000, 0.000000000000000000 ) ) ;
#7318 = ORIENTED_EDGE ( 'NONE', *, *, #3365, .T. ) ;
#7319 = PLANE ( 'NONE',  #9692 ) ;
#7320 = ORIENTED_EDGE ( 'NONE', *, *, #4456, .T. ) ;
#7321 = VECTOR ( 'NONE', #1175, 1000.000000000000000 ) ;
#7322 = DIRECTION ( 'NONE',  ( 1.000000000000000000, 0.000000000000000000, 0.000000000000000000 ) ) ;
#7323 = VECTOR ( 'NONE', #9747, 1000.000000000000000 ) ;
#7324 = VERTEX_POINT ( 'NONE', #3465 ) ;
#7325 = FACE_OUTER_BOUND ( 'NONE', #901, .T. ) ;
#7326 = CARTESIAN_POINT ( 'NONE',  ( 3.239200190963484953E-15, 4.450000000000000178, 2.600000000000000089 ) ) ;
#7327 = CARTESIAN_POINT ( 'NONE',  ( -8.482614338105751273, 4.215001140804290003, -1.058780432200730148 ) ) ;
#7328 = CARTESIAN_POINT ( 'NONE',  ( -7.167387715921189617, 4.349999999999999645, 2.908753138060674814 ) ) ;
#7329 = VERTEX_POINT ( 'NONE', #4251 ) ;
#7330 = FACE_OUTER_BOUND ( 'NONE', #6315, .T. ) ;
#7331 = VERTEX_POINT ( 'NONE', #4399 ) ;
#7332 = EDGE_LOOP ( 'NONE', ( #4726, #2439, #3831, #4198 ) ) ;
#7333 = LINE ( 'NONE', #7281, #1219 ) ;
#7334 = CARTESIAN_POINT ( 'NONE',  ( -12.14999999999999858, 4.299999999999999822, -2.600000000000000089 ) ) ;
#7335 = EDGE_CURVE ( 'NONE', #2702, #3384, #5100, .T. ) ;
#7336 = LINE ( 'NONE', #8270, #3996 ) ;
#7337 = DIRECTION ( 'NONE',  ( 0.000000000000000000, 0.000000000000000000, 1.000000000000000000 ) ) ;
#7338 = CARTESIAN_POINT ( 'NONE',  ( 5.518151864528549666, -16.05340546095174759, 2.600000000000000089 ) ) ;
#7339 = ORIENTED_EDGE ( 'NONE', *, *, #5160, .F. ) ;
#7340 = VERTEX_POINT ( 'NONE', #3515 ) ;
#7341 = EDGE_CURVE ( 'NONE', #3523, #3707, #6584, .T. ) ;
#7342 = ADVANCED_FACE ( 'NONE', ( #3615 ), #506, .T. ) ;
#7343 = CARTESIAN_POINT ( 'NONE',  ( -6.713483409786810796, 4.349999999999999645, -3.768918119361345020 ) ) ;
#7344 = DIRECTION ( 'NONE',  ( -0.9659258262890674240, 0.2588190451025236261, 0.000000000000000000 ) ) ;
#7345 = CARTESIAN_POINT ( 'NONE',  ( -8.571097196050919464, 4.215083280590655512, 1.115434647022069958 ) ) ;
#7346 = CARTESIAN_POINT ( 'NONE',  ( 12.14999999999999858, 4.349999999999999645, 2.600000000000000089 ) ) ;
#7347 = DIRECTION ( 'NONE',  ( -1.000000000000000000, 0.000000000000000000, 1.734723475976805517E-15 ) ) ;
#7348 = VERTEX_POINT ( 'NONE', #9568 ) ;
#7349 = EDGE_CURVE ( 'NONE', #3748, #2255, #1289, .T. ) ;
#7351 = ORIENTED_EDGE ( 'NONE', *, *, #5229, .F. ) ;
#7350 = ORIENTED_EDGE ( 'NONE', *, *, #1190, .T. ) ;
#7352 =( NAMED_UNIT ( * ) PLANE_ANGLE_UNIT ( ) SI_UNIT ( $, .RADIAN. ) );
#7353 = DIRECTION ( 'NONE',  ( 0.000000000000000000, -1.000000000000000000, 0.000000000000000000 ) ) ;
#7354 = LINE ( 'NONE', #5015, #7721 ) ;
#7355 = CARTESIAN_POINT ( 'NONE',  ( 0.000000000000000000, 1.600000000000000089, 0.000000000000000000 ) ) ;
#7356 = ORIENTED_EDGE ( 'NONE', *, *, #6448, .T. ) ;
#7357 = DIRECTION ( 'NONE',  ( -4.231032868236114925E-16, 1.000000000000000000, 0.000000000000000000 ) ) ;
#7359 = VERTEX_POINT ( 'NONE', #3709 ) ;
#7358 = ORIENTED_EDGE ( 'NONE', *, *, #2025, .F. ) ;
#7360 = DIRECTION ( 'NONE',  ( 0.000000000000000000, -1.000000000000000000, 0.000000000000000000 ) ) ;
#7361 = VECTOR ( 'NONE', #7092, 1000.000000000000000 ) ;
#7362 = CARTESIAN_POINT ( 'NONE',  ( -7.028793294321570073, 1.899999999999999911, -3.447664127344349794 ) ) ;
#7363 = ORIENTED_EDGE ( 'NONE', *, *, #4966, .F. ) ;
#7364 = CARTESIAN_POINT ( 'NONE',  ( -5.970552738231190482, 1.600000000000000089, 1.250000000000000000 ) ) ;
#7365 = ORIENTED_EDGE ( 'NONE', *, *, #4178, .T. ) ;
#7366 = ADVANCED_FACE ( 'NONE', ( #8815 ), #5840, .F. ) ;
#7367 = VECTOR ( 'NONE', #3270, 1000.000000000000000 ) ;
#7368 = DIRECTION ( 'NONE',  ( 0.000000000000000000, -0.7071067811865425767, 0.7071067811865525687 ) ) ;
#7369 = EDGE_CURVE ( 'NONE', #3292, #5615, #4448, .T. ) ;
#7370 = ORIENTED_EDGE ( 'NONE', *, *, #1307, .T. ) ;
#7371 = FACE_OUTER_BOUND ( 'NONE', #2855, .T. ) ;
#7372 = DIRECTION ( 'NONE',  ( 0.000000000000000000, 0.000000000000000000, -1.000000000000000000 ) ) ;
#7373 = DIRECTION ( 'NONE',  ( 0.000000000000000000, 1.000000000000000000, 0.000000000000000000 ) ) ;
#7374 = CARTESIAN_POINT ( 'NONE',  ( 1.981937314617169932, 1.300000000000000044, 5.850000000000000533 ) ) ;
#7375 = ORIENTED_EDGE ( 'NONE', *, *, #1881, .F. ) ;
#7376 = CARTESIAN_POINT ( 'NONE',  ( -4.869548233666040282, 5.599999999999999645, 5.899999999999999467 ) ) ;
#7377 = ORIENTED_EDGE ( 'NONE', *, *, #3562, .T. ) ;
#7378 = ORIENTED_EDGE ( 'NONE', *, *, #5880, .F. ) ;
#7379 = DIRECTION ( 'NONE',  ( 0.000000000000000000, -1.000000000000000000, 0.000000000000000000 ) ) ;
#7380 = LINE ( 'NONE', #8772, #8348 ) ;
#7381 = DIRECTION ( 'NONE',  ( -1.000000000000000000, 1.269309860470833935E-15, 0.000000000000000000 ) ) ;
#7382 = EDGE_CURVE ( 'NONE', #6618, #929, #5044, .T. ) ;
#7383 = DIRECTION ( 'NONE',  ( 0.000000000000000000, -1.000000000000000000, 0.000000000000000000 ) ) ;
#7384 = FACE_OUTER_BOUND ( 'NONE', #7778, .T. ) ;
#7385 = ORIENTED_EDGE ( 'NONE', *, *, #7341, .T. ) ;
#7386 = VERTEX_POINT ( 'NONE', #6728 ) ;
#7387 = EDGE_CURVE ( 'NONE', #7793, #5805, #5192, .T. ) ;
#7388 = EDGE_CURVE ( 'NONE', #9203, #2552, #6631, .T. ) ;
#7389 = DIRECTION ( 'NONE',  ( 0.9648134530529778319, -0.2585209855922324662, 0.04797812852133689215 ) ) ;
#7390 = EDGE_CURVE ( 'NONE', #1103, #8347, #5939, .T. ) ;
#7391 = AXIS2_PLACEMENT_3D ( 'NONE', #7488, #3069, #8374 ) ;
#7392 = DIRECTION ( 'NONE',  ( 0.000000000000000000, -0.9988514561099328670, 0.04791417981210539107 ) ) ;
#7393 = EDGE_CURVE ( 'NONE', #984, #7197, #7380, .T. ) ;
#7394 = DIRECTION ( 'NONE',  ( 0.2588190451025239036, 0.9659258262890675351, 0.000000000000000000 ) ) ;
#7395 = CARTESIAN_POINT ( 'NONE',  ( -9.866843969807048254, 4.700000000000000178, 0.6250000000000000000 ) ) ;
#7396 = CARTESIAN_POINT ( 'NONE',  ( 8.466843969807069215, 0.2000000000000000111, 2.000000000000000000 ) ) ;
#7397 = ORIENTED_EDGE ( 'NONE', *, *, #1438, .F. ) ;
#7399 = VERTEX_POINT ( 'NONE', #8072 ) ;
#7398 = VERTEX_POINT ( 'NONE', #8869 ) ;
#7400 = APPLICATION_PROTOCOL_DEFINITION ( 'draft international standard', 'automotive_design', 1998, #4372 ) ;
#7401 = CARTESIAN_POINT ( 'NONE',  ( 7.733182394472060488E-16, 1.600000000000000089, -4.250000000000000000 ) ) ;
#7402 = AXIS2_PLACEMENT_3D ( 'NONE', #9172, #811, #2525 ) ;
#7403 = CARTESIAN_POINT ( 'NONE',  ( 2.990069434805145310, 1.780338903451070154, -0.7711353759932739749 ) ) ;
#7404 = DIRECTION ( 'NONE',  ( -0.9497513090414942960, 0.2544850962680738626, -0.1822355254921413370 ) ) ;
#7405 = ORIENTED_EDGE ( 'NONE', *, *, #9555, .T. ) ;
#7406 = VECTOR ( 'NONE', #4829, 1000.000000000000000 ) ;
#7407 = FACE_OUTER_BOUND ( 'NONE', #7551, .T. ) ;
#7408 = VECTOR ( 'NONE', #67, 1000.000000000000000 ) ;
#7410 = ORIENTED_EDGE ( 'NONE', *, *, #4841, .T. ) ;
#7409 = EDGE_LOOP ( 'NONE', ( #7555, #2916, #766, #2211, #6568, #9526 ) ) ;
#7411 = PRODUCT_DEFINITION_FORMATION_WITH_SPECIFIED_SOURCE ( 'ANY', '', #8464, .NOT_KNOWN. ) ;
#7412 = DIRECTION ( 'NONE',  ( 0.000000000000000000, -1.000000000000000000, 0.000000000000000000 ) ) ;
#7413 = ORIENTED_EDGE ( 'NONE', *, *, #2726, .T. ) ;
#7414 = DIRECTION ( 'NONE',  ( 0.000000000000000000, 1.000000000000000000, 0.000000000000000000 ) ) ;
#7415 = EDGE_CURVE ( 'NONE', #2508, #8941, #6610, .T. ) ;
#7416 = ORIENTED_EDGE ( 'NONE', *, *, #7981, .T. ) ;
#7417 = VECTOR ( 'NONE', #8148, 1000.000000000000000 ) ;
#7418 = FACE_OUTER_BOUND ( 'NONE', #3409, .T. ) ;
#7419 = ORIENTED_EDGE ( 'NONE', *, *, #491, .F. ) ;
#7420 = CARTESIAN_POINT ( 'NONE',  ( 11.44999999999999929, 0.2000000000000000111, 2.600000000000000089 ) ) ;
#7421 = DIRECTION ( 'NONE',  ( 0.000000000000000000, 0.000000000000000000, -1.000000000000000000 ) ) ;
#7422 = FACE_OUTER_BOUND ( 'NONE', #1017, .T. ) ;
#7423 = DIRECTION ( 'NONE',  ( 0.000000000000000000, 0.000000000000000000, 1.000000000000000000 ) ) ;
#7424 = DIRECTION ( 'NONE',  ( 0.000000000000000000, -1.000000000000000000, 0.000000000000000000 ) ) ;
#7425 = AXIS2_PLACEMENT_3D ( 'NONE', #6852, #4712, #4666 ) ;
#7426 = ORIENTED_EDGE ( 'NONE', *, *, #6329, .T. ) ;
#7427 = EDGE_LOOP ( 'NONE', ( #2055, #1462, #6279, #2137, #5397, #659, #1457, #4480, #7939, #2820, #7271, #8690, #8640, #6962, #4132, #2653, #1602, #5694, #7457, #3581, #8046 ) ) ;
#7428 = EDGE_CURVE ( 'NONE', #1484, #302, #9663, .T. ) ;
#7429 = CARTESIAN_POINT ( 'NONE',  ( -11.25000000000000000, 4.349999999999999645, -2.600000000000000089 ) ) ;
#7430 = DIRECTION ( 'NONE',  ( 0.000000000000000000, 0.000000000000000000, -1.000000000000000000 ) ) ;
#7431 = DIRECTION ( 'NONE',  ( 1.000000000000000000, 0.000000000000000000, 0.000000000000000000 ) ) ;
#7432 = CARTESIAN_POINT ( 'NONE',  ( -12.14999999999999858, 39.49734969922095473, 3.500000000000000000 ) ) ;
#7433 = CARTESIAN_POINT ( 'NONE',  ( 8.666843969807040082, 0.000000000000000000, 2.600000000000000089 ) ) ;
#7434 = ORIENTED_EDGE ( 'NONE', *, *, #110, .T. ) ;
#7435 = ORIENTED_EDGE ( 'NONE', *, *, #552, .T. ) ;
#7436 = EDGE_CURVE ( 'NONE', #520, #4346, #5661, .T. ) ;
#7437 = CARTESIAN_POINT ( 'NONE',  ( 3.119478957356415005, 2.263301816595599814, 0.7711353759932759733 ) ) ;
#7438 = VERTEX_POINT ( 'NONE', #8960 ) ;
#7439 = CARTESIAN_POINT ( 'NONE',  ( -8.427883466921471722, 4.215000000000006963, -1.108578643762691440 ) ) ;
#7440 = CARTESIAN_POINT ( 'NONE',  ( -4.545000000000000817, 1.399999999999999911, 0.000000000000000000 ) ) ;
#7441 = VECTOR ( 'NONE', #2587, 1000.000000000000000 ) ;
#7442 = DIRECTION ( 'NONE',  ( 1.000000000000000000, 0.000000000000000000, 1.626621985048335115E-15 ) ) ;
#7443 = DIRECTION ( 'NONE',  ( 1.000000000000000000, 0.000000000000000000, -1.495451272393797817E-16 ) ) ;
#7444 = VECTOR ( 'NONE', #2102, 1000.000000000000227 ) ;
#7446 = EDGE_LOOP ( 'NONE', ( #6144, #4823, #3240, #2599 ) ) ;
#7445 = EDGE_LOOP ( 'NONE', ( #7948, #2541, #877, #6381 ) ) ;
#7447 = LINE ( 'NONE', #5909, #3652 ) ;
#7448 = VECTOR ( 'NONE', #1371, 1000.000000000000000 ) ;
#7449 = VECTOR ( 'NONE', #1822, 1000.000000000000000 ) ;
#7450 = AXIS2_PLACEMENT_3D ( 'NONE', #5008, #2186, #8893 ) ;
#7451 = LINE ( 'NONE', #2291, #9463 ) ;
#7452 = CARTESIAN_POINT ( 'NONE',  ( 11.25000000000000000, 5.934797323341290215E-30, -2.100000000000000089 ) ) ;
#7453 = ORIENTED_EDGE ( 'NONE', *, *, #1512, .F. ) ;
#7455 = VECTOR ( 'NONE', #5092, 1000.000000000000000 ) ;
#7454 = DIRECTION ( 'NONE',  ( 0.000000000000000000, 0.000000000000000000, -1.000000000000000000 ) ) ;
#7457 = ORIENTED_EDGE ( 'NONE', *, *, #5534, .T. ) ;
#7456 = ORIENTED_EDGE ( 'NONE', *, *, #8579, .T. ) ;
#7458 = DIRECTION ( 'NONE',  ( 0.000000000000000000, 0.000000000000000000, 1.000000000000000000 ) ) ;
#7459 = ORIENTED_EDGE ( 'NONE', *, *, #4754, .F. ) ;
#7460 = EDGE_CURVE ( 'NONE', #3693, #8612, #5893, .T. ) ;
#7461 = DIRECTION ( 'NONE',  ( 8.503852285033471276E-15, -1.000000000000000000, 0.000000000000000000 ) ) ;
#7462 = ORIENTED_EDGE ( 'NONE', *, *, #7415, .T. ) ;
#7463 = VECTOR ( 'NONE', #932, 1000.000000000000000 ) ;
#7464 = DIRECTION ( 'NONE',  ( 0.000000000000000000, 1.000000000000000000, 0.000000000000000000 ) ) ;
#7465 = ORIENTED_EDGE ( 'NONE', *, *, #7696, .T. ) ;
#7466 = LINE ( 'NONE', #5829, #4621 ) ;
#7467 = CARTESIAN_POINT ( 'NONE',  ( -11.25000000000000000, 0.2000000000000000111, -2.600000000000000089 ) ) ;
#7468 = CARTESIAN_POINT ( 'NONE',  ( 3.166215352912754799, 2.354306455190145364, -1.220617149911500166 ) ) ;
#7469 = PLANE ( 'NONE',  #9672 ) ;
#7470 = CARTESIAN_POINT ( 'NONE',  ( -8.552697298549354343, 4.212030131101269781, 1.191843038252654363 ) ) ;
#7471 = ORIENTED_EDGE ( 'NONE', *, *, #374, .F. ) ;
#7472 = AXIS2_PLACEMENT_3D ( 'NONE', #5680, #6522, #8763 ) ;
#7473 = ORIENTED_EDGE ( 'NONE', *, *, #4151, .T. ) ;
#7474 = VECTOR ( 'NONE', #3939, 1000.000000000000000 ) ;
#7475 = AXIS2_PLACEMENT_3D ( 'NONE', #8951, #5135, #2157 ) ;
#7476 = DIRECTION ( 'NONE',  ( -3.469446951953635094E-15, -1.000000000000000000, 0.000000000000000000 ) ) ;
#7477 = CARTESIAN_POINT ( 'NONE',  ( -6.984701488429970517, 4.349999999999999645, -3.542219310216675243 ) ) ;
#7478 = CARTESIAN_POINT ( 'NONE',  ( -4.297588409752295391, 3.200000000000000178, 4.329056925054540095 ) ) ;
#7479 = AXIS2_PLACEMENT_3D ( 'NONE', #9146, #6261, #5474 ) ;
#7480 = PLANE ( 'NONE',  #4436 ) ;
#7481 = DIRECTION ( 'NONE',  ( 0.000000000000000000, 1.000000000000000000, 0.000000000000000000 ) ) ;
#7482 = VERTEX_POINT ( 'NONE', #649 ) ;
#7483 = VECTOR ( 'NONE', #1377, 1000.000000000000114 ) ;
#7484 = ORIENTED_EDGE ( 'NONE', *, *, #2880, .F. ) ;
#7485 = DIRECTION ( 'NONE',  ( 0.000000000000000000, 0.000000000000000000, -1.000000000000000000 ) ) ;
#7486 = ORIENTED_EDGE ( 'NONE', *, *, #9323, .T. ) ;
#7487 = EDGE_CURVE ( 'NONE', #5568, #7861, #3660, .T. ) ;
#7488 = CARTESIAN_POINT ( 'NONE',  ( -6.984701488429970517, 4.945520671293689899E-15, 3.542219310216675243 ) ) ;
#7489 = B_SPLINE_CURVE_WITH_KNOTS ( 'NONE', 3,
 ( #612, #5111, #3578, #1680 ),
 .UNSPECIFIED., .F., .F.,
 ( 4, 4 ),
 ( 0.000000000000000000, 1.000000000000000000 ),
 .UNSPECIFIED. ) ;
#7490 = FACE_OUTER_BOUND ( 'NONE', #707, .T. ) ;
#7491 = ADVANCED_FACE ( 'NONE', ( #2912 ), #700, .T. ) ;
#7492 = PLANE ( 'NONE',  #7592 ) ;
#7493 = DIRECTION ( 'NONE',  ( 1.000000000000000000, 0.000000000000000000, 0.000000000000000000 ) ) ;
#7495 = VERTEX_POINT ( 'NONE', #3754 ) ;
#7494 = VERTEX_POINT ( 'NONE', #2315 ) ;
#7496 = LINE ( 'NONE', #8332, #2226 ) ;
#7497 = LINE ( 'NONE', #720, #8510 ) ;
#7498 = CARTESIAN_POINT ( 'NONE',  ( 8.616843969807050030, 5.599999999999999645, -3.500000000000000000 ) ) ;
#7499 = VERTEX_POINT ( 'NONE', #2423 ) ;
#7500 = DIRECTION ( 'NONE',  ( -0.2242946045488349860, 0.9745213852811448474, 0.000000000000000000 ) ) ;
#7501 = VECTOR ( 'NONE', #3904, 1000.000000000000000 ) ;
#7502 = EDGE_CURVE ( 'NONE', #8675, #7976, #609, .T. ) ;
#7504 = ORIENTED_EDGE ( 'NONE', *, *, #2526, .F. ) ;
#7503 = ORIENTED_EDGE ( 'NONE', *, *, #1568, .F. ) ;
#7505 = DIRECTION ( 'NONE',  ( 0.8191520442889947962, -5.800009312744911607E-16, -0.5735764363510417185 ) ) ;
#7506 = EDGE_CURVE ( 'NONE', #5369, #9573, #3007, .T. ) ;
#7507 = ORIENTED_EDGE ( 'NONE', *, *, #9755, .T. ) ;
#7508 = CARTESIAN_POINT ( 'NONE',  ( -9.747716655431508670, 4.349999999999999645, -4.715518912566449394 ) ) ;
#7509 = ORIENTED_EDGE ( 'NONE', *, *, #701, .F. ) ;
#7510 = ADVANCED_FACE ( 'NONE', ( #6829 ), #6035, .F. ) ;
#7511 = LINE ( 'NONE', #7557, #13 ) ;
#7512 = VERTEX_POINT ( 'NONE', #7854 ) ;
#7513 = EDGE_CURVE ( 'NONE', #1387, #6680, #5984, .T. ) ;
#7514 = DIRECTION ( 'NONE',  ( 0.000000000000000000, -1.000000000000000000, 0.000000000000000000 ) ) ;
#7515 = EDGE_CURVE ( 'NONE', #7217, #8851, #5442, .T. ) ;
#7516 = DIRECTION ( 'NONE',  ( -1.819572328111074956E-16, 0.000000000000000000, -1.000000000000000000 ) ) ;
#7517 = FILL_AREA_STYLE ('',( #8261 ) ) ;
#7518 = CARTESIAN_POINT ( 'NONE',  ( -8.266843969807050385, 1.600000000000000089, 0.000000000000000000 ) ) ;
#7519 = CYLINDRICAL_SURFACE ( 'NONE', #2044, 7.649999999999999467 ) ;
#7520 = VERTEX_POINT ( 'NONE', #4645 ) ;
#7521 = ORIENTED_EDGE ( 'NONE', *, *, #9320, .F. ) ;
#7522 = AXIS2_PLACEMENT_3D ( 'NONE', #7835, #3221, #4801 ) ;
#7523 = DIRECTION ( 'NONE',  ( -1.000000000000000000, 0.000000000000000000, 0.000000000000000000 ) ) ;
#7524 = DIRECTION ( 'NONE',  ( 0.000000000000000000, -1.000000000000000000, 0.000000000000000000 ) ) ;
#7525 = PLANE ( 'NONE',  #1621 ) ;
#7526 = DIRECTION ( 'NONE',  ( 1.000000000000000000, -4.248302390147255473E-15, 0.000000000000000000 ) ) ;
#7527 = FACE_OUTER_BOUND ( 'NONE', #8643, .T. ) ;
#7528 = ORIENTED_EDGE ( 'NONE', *, *, #930, .T. ) ;
#7529 = ORIENTED_EDGE ( 'NONE', *, *, #9047, .F. ) ;
#7530 = DIRECTION ( 'NONE',  ( -1.000000000000000000, 0.000000000000000000, 8.673617379884027583E-16 ) ) ;
#7531 = ORIENTED_EDGE ( 'NONE', *, *, #9787, .T. ) ;
#7532 = FACE_OUTER_BOUND ( 'NONE', #3892, .T. ) ;
#7533 = DIRECTION ( 'NONE',  ( 0.000000000000000000, -1.000000000000000000, 0.000000000000000000 ) ) ;
#7534 = DIRECTION ( 'NONE',  ( -1.000000000000000000, -2.602085213965226419E-14, 0.000000000000000000 ) ) ;
#7535 = CARTESIAN_POINT ( 'NONE',  ( -8.221900118789369216, 2.799999999999999822, -1.664270371162789974 ) ) ;
#7536 = DIRECTION ( 'NONE',  ( 0.000000000000000000, 0.000000000000000000, 1.000000000000000000 ) ) ;
#7537 = ORIENTED_EDGE ( 'NONE', *, *, #8070, .F. ) ;
#7538 = DIRECTION ( 'NONE',  ( 0.7071067811865474617, 0.000000000000000000, -0.7071067811865474617 ) ) ;
#7539 = CIRCLE ( 'NONE', #1058, 0.4500000000000000111 ) ;
#7540 = EDGE_CURVE ( 'NONE', #1664, #6307, #301, .T. ) ;
#7541 = ADVANCED_FACE ( 'NONE', ( #3059 ), #2268, .T. ) ;
#7542 = CARTESIAN_POINT ( 'NONE',  ( -4.649999999999999467, 1.399999999999999911, -5.074999999999999289 ) ) ;
#7543 = DIRECTION ( 'NONE',  ( -0.000000000000000000, 1.000000000000000000, 0.000000000000000000 ) ) ;
#7544 = ORIENTED_EDGE ( 'NONE', *, *, #2484, .F. ) ;
#7545 = CARTESIAN_POINT ( 'NONE',  ( 11.25000000000000000, 1.500000000000000000, 1.750000000000000000 ) ) ;
#7546 = VECTOR ( 'NONE', #55, 1000.000000000000114 ) ;
#7548 = EDGE_LOOP ( 'NONE', ( #8121, #3042 ) ) ;
#7547 = VERTEX_POINT ( 'NONE', #9758 ) ;
#7549 = FACE_OUTER_BOUND ( 'NONE', #9513, .T. ) ;
#7550 = FACE_OUTER_BOUND ( 'NONE', #767, .T. ) ;
#7551 = EDGE_LOOP ( 'NONE', ( #6371, #5828, #8769, #4929, #1969, #9592, #571, #1261 ) ) ;
#7552 = CARTESIAN_POINT ( 'NONE',  ( 6.327768495886669695E-17, -1.040834085586083941E-14, 2.000000000000000000 ) ) ;
#7553 = VECTOR ( 'NONE', #2491, 1000.000000000000000 ) ;
#7554 = EDGE_CURVE ( 'NONE', #9184, #4732, #4594, .T. ) ;
#7555 = ORIENTED_EDGE ( 'NONE', *, *, #1340, .F. ) ;
#7556 = AXIS2_PLACEMENT_3D ( 'NONE', #2720, #7282, #2077 ) ;
#7557 = CARTESIAN_POINT ( 'NONE',  ( 5.332682251925390027, 39.49734969922095473, -7.250000000000000000 ) ) ;
#7558 = ORIENTED_EDGE ( 'NONE', *, *, #2417, .T. ) ;
#7559 = EDGE_CURVE ( 'NONE', #5244, #5334, #2956, .T. ) ;
#7560 = CARTESIAN_POINT ( 'NONE',  ( -8.521752727684591022, 4.315000000000000391, -1.236036465452655886 ) ) ;
#7561 = DIRECTION ( 'NONE',  ( 1.000000000000000000, 0.000000000000000000, -4.956352788505160310E-16 ) ) ;
#7562 = EDGE_CURVE ( 'NONE', #89, #1942, #792, .T. ) ;
#7563 = CARTESIAN_POINT ( 'NONE',  ( 7.741843969807050030, 1.600000000000000089, 0.000000000000000000 ) ) ;
#7564 = CARTESIAN_POINT ( 'NONE',  ( 9.866843969807048254, 4.349999999999999645, 0.6250000000000000000 ) ) ;
#7565 = DIRECTION ( 'NONE',  ( 0.000000000000000000, 1.000000000000000000, 0.000000000000000000 ) ) ;
#7566 = ORIENTED_EDGE ( 'NONE', *, *, #283, .T. ) ;
#7567 = ADVANCED_FACE ( 'NONE', ( #9110 ), #7625, .F. ) ;
#7568 = VECTOR ( 'NONE', #8045, 1000.000000000000114 ) ;
#7569 = EDGE_LOOP ( 'NONE', ( #5870, #2088, #1794, #730, #4137, #3302 ) ) ;
#7570 = EDGE_CURVE ( 'NONE', #3253, #3329, #3593, .T. ) ;
#7571 = LINE ( 'NONE', #9662, #6749 ) ;
#7573 = CARTESIAN_POINT ( 'NONE',  ( -8.576913193130726754, 4.215787583741297695, -1.083254946169112554 ) ) ;
#7572 = AXIS2_PLACEMENT_3D ( 'NONE', #9207, #9394, #1208 ) ;
#7574 = LINE ( 'NONE', #9065, #7003 ) ;
#7575 = DIRECTION ( 'NONE',  ( 0.000000000000000000, 0.000000000000000000, -1.000000000000000000 ) ) ;
#7576 = DIRECTION ( 'NONE',  ( 1.000000000000000000, 0.000000000000000000, -4.336808689942020891E-15 ) ) ;
#7577 = ORIENTED_EDGE ( 'NONE', *, *, #382, .F. ) ;
#7578 = ORIENTED_EDGE ( 'NONE', *, *, #892, .F. ) ;
#7579 = CARTESIAN_POINT ( 'NONE',  ( -7.977353375844240979, 3.012132034355975208, -1.752002295312004909 ) ) ;
#7580 = ORIENTED_EDGE ( 'NONE', *, *, #8583, .T. ) ;
#7581 = ADVANCED_FACE ( 'NONE', ( #5391 ), #6178, .F. ) ;
#7582 = VECTOR ( 'NONE', #1884, 1000.000000000000000 ) ;
#7583 = CARTESIAN_POINT ( 'NONE',  ( 4.649999999999999467, 5.599999999999999645, 4.250000000000000000 ) ) ;
#7584 = CARTESIAN_POINT ( 'NONE',  ( 3.899999999999999911, 1.600000000000000089, 6.984983894040130536 ) ) ;
#7585 = LINE ( 'NONE', #1637, #8068 ) ;
#7586 = DIRECTION ( 'NONE',  ( -1.000000000000000000, 0.000000000000000000, 0.000000000000000000 ) ) ;
#7587 = CARTESIAN_POINT ( 'NONE',  ( -8.266843969807050385, 1.600000000000000089, 2.600000000000000089 ) ) ;
#7588 = ORIENTED_EDGE ( 'NONE', *, *, #8094, .T. ) ;
#7589 = DIRECTION ( 'NONE',  ( 0.000000000000000000, 0.000000000000000000, -1.000000000000000000 ) ) ;
#7590 = AXIS2_PLACEMENT_3D ( 'NONE', #593, #9799, #2207 ) ;
#7591 = ADVANCED_FACE ( 'NONE', ( #6559 ), #6365, .F. ) ;
#7592 = AXIS2_PLACEMENT_3D ( 'NONE', #5904, #1346, #2086 ) ;
#7593 = DIRECTION ( 'NONE',  ( 0.000000000000000000, 1.000000000000000000, 0.000000000000000000 ) ) ;
#7594 = CARTESIAN_POINT ( 'NONE',  ( 10.05559403303142041, -1.833617474693654881, 2.000000000000000000 ) ) ;
#7595 = VERTEX_POINT ( 'NONE', #2792 ) ;
#7596 = VECTOR ( 'NONE', #2194, 1000.000000000000000 ) ;
#7597 = DIRECTION ( 'NONE',  ( 0.000000000000000000, -1.000000000000000000, 0.000000000000000000 ) ) ;
#7598 = AXIS2_PLACEMENT_3D ( 'NONE', #6758, #7464, #3647 ) ;
#7600 = EDGE_LOOP ( 'NONE', ( #7887, #8656, #7209, #5906 ) ) ;
#7599 = EDGE_LOOP ( 'NONE', ( #4721, #4097, #4713, #1154, #3797, #6060 ) ) ;
#7601 = CARTESIAN_POINT ( 'NONE',  ( -2.795000000000000373, 1.300000000000000044, -0.1499999999999999944 ) ) ;
#7602 = EDGE_CURVE ( 'NONE', #7386, #1840, #5816, .T. ) ;
#7603 = ADVANCED_FACE ( 'NONE', ( #7111 ), #7207, .T. ) ;
#7604 = CARTESIAN_POINT ( 'NONE',  ( 0.000000000000000000, 0.2000000000000000111, -2.600000000000000089 ) ) ;
#7605 = AXIS2_PLACEMENT_3D ( 'NONE', #9209, #4690, #203 ) ;
#7606 = EDGE_LOOP ( 'NONE', ( #8013, #9279, #6156, #4765 ) ) ;
#7607 = CARTESIAN_POINT ( 'NONE',  ( -9.866843969807048254, 4.349999999999999645, 0.6250000000000000000 ) ) ;
#7608 = VECTOR ( 'NONE', #1098, 1000.000000000000000 ) ;
#7609 = AXIS2_PLACEMENT_3D ( 'NONE', #6779, #8320, #559 ) ;
#7610 = DIRECTION ( 'NONE',  ( 0.000000000000000000, 0.000000000000000000, 1.000000000000000000 ) ) ;
#7611 = ORIENTED_EDGE ( 'NONE', *, *, #6954, .T. ) ;
#7612 = VECTOR ( 'NONE', #7618, 1000.000000000000114 ) ;
#7613 = DIRECTION ( 'NONE',  ( 0.000000000000000000, -1.000000000000000000, 0.000000000000000000 ) ) ;
#7614 = DIRECTION ( 'NONE',  ( 0.000000000000000000, 0.000000000000000000, 1.000000000000000000 ) ) ;
#7615 = EDGE_CURVE ( 'NONE', #6618, #1011, #1898, .T. ) ;
#7616 = VECTOR ( 'NONE', #2730, 1000.000000000000000 ) ;
#7617 = ORIENTED_EDGE ( 'NONE', *, *, #6904, .T. ) ;
#7618 = DIRECTION ( 'NONE',  ( 0.8191520442889946851, -5.800009312744919496E-16, 0.5735764363510417185 ) ) ;
#7619 = CARTESIAN_POINT ( 'NONE',  ( -2.669227416313564749, -16.05340546095174759, -5.485000000000000320 ) ) ;
#7620 = VECTOR ( 'NONE', #5779, 1000.000000000000000 ) ;
#7621 = ORIENTED_EDGE ( 'NONE', *, *, #6490, .F. ) ;
#7622 = ORIENTED_EDGE ( 'NONE', *, *, #76, .T. ) ;
#7623 = CARTESIAN_POINT ( 'NONE',  ( -8.521752727684591022, 4.349999999999999645, 1.236036465452655886 ) ) ;
#7624 = CARTESIAN_POINT ( 'NONE',  ( 8.766843969807048609, 4.599999999999999645, 2.008392021690039719 ) ) ;
#7625 = PLANE ( 'NONE',  #2974 ) ;
#7626 = CARTESIAN_POINT ( 'NONE',  ( -11.44999999999999929, 2.250000000000000000, -2.600000000000000089 ) ) ;
#7627 = CARTESIAN_POINT ( 'NONE',  ( 8.666843969807048964, 4.349999999999999645, -2.000000000000000000 ) ) ;
#7628 = CARTESIAN_POINT ( 'NONE',  ( -7.977353375844240979, 3.012132034355975208, -1.752002295312004909 ) ) ;
#7629 = VERTEX_POINT ( 'NONE', #1166 ) ;
#7630 = ORIENTED_EDGE ( 'NONE', *, *, #4996, .T. ) ;
#7631 = ADVANCED_FACE ( 'NONE', ( #3542 ), #3345, .T. ) ;
#7632 = AXIS2_PLACEMENT_3D ( 'NONE', #6125, #6174, #2418 ) ;
#7633 = CARTESIAN_POINT ( 'NONE',  ( 0.000000000000000000, 1.600000000000000089, 0.000000000000000000 ) ) ;
#7634 = VERTEX_POINT ( 'NONE', #8845 ) ;
#7635 = VECTOR ( 'NONE', #1912, 1000.000000000000000 ) ;
#7636 = CARTESIAN_POINT ( 'NONE',  ( -9.866843969807048254, 4.700000000000000178, 0.000000000000000000 ) ) ;
#7637 = DIRECTION ( 'NONE',  ( 0.000000000000000000, 0.000000000000000000, 1.000000000000000000 ) ) ;
#7638 = CIRCLE ( 'NONE', #8267, 0.5749000501935483953 ) ;
#7639 = EDGE_CURVE ( 'NONE', #4216, #7193, #1950, .T. ) ;
#7640 = CARTESIAN_POINT ( 'NONE',  ( -11.15000000000000036, 4.349999999999999645, 2.100000000000000089 ) ) ;
#7641 = DIRECTION ( 'NONE',  ( 1.000000000000000000, 0.000000000000000000, 0.000000000000000000 ) ) ;
#7642 = EDGE_CURVE ( 'NONE', #7776, #9384, #5620, .T. ) ;
#7643 = CARTESIAN_POINT ( 'NONE',  ( 3.348386714254389738E-15, 4.599999999999999645, -0.9499999999999999556 ) ) ;
#7644 = ORIENTED_EDGE ( 'NONE', *, *, #8373, .F. ) ;
#7645 = CARTESIAN_POINT ( 'NONE',  ( 9.266843969807048609, 4.450000000000000178, -2.600000000000000089 ) ) ;
#7646 = CARTESIAN_POINT ( 'NONE',  ( -8.163325866132991493, 0.2000000000000000111, -3.789473684210525217 ) ) ;
#7647 = FACE_OUTER_BOUND ( 'NONE', #6747, .T. ) ;
#7648 = ORIENTED_EDGE ( 'NONE', *, *, #3442, .T. ) ;
#7649 = ADVANCED_FACE ( 'NONE', ( #2046 ), #4226, .F. ) ;
#7650 = CARTESIAN_POINT ( 'NONE',  ( 0.000000000000000000, 1.600000000000000089, 0.000000000000000000 ) ) ;
#7652 = ORIENTED_EDGE ( 'NONE', *, *, #5845, .F. ) ;
#7651 = VERTEX_POINT ( 'NONE', #8099 ) ;
#7653 = LINE ( 'NONE', #5468, #2165 ) ;
#7654 = DIRECTION ( 'NONE',  ( -1.000000000000000000, 0.000000000000000000, 0.000000000000000000 ) ) ;
#7655 = ORIENTED_EDGE ( 'NONE', *, *, #6224, .T. ) ;
#7656 = FACE_OUTER_BOUND ( 'NONE', #4323, .T. ) ;
#7657 = DIRECTION ( 'NONE',  ( 7.279101552726950162E-16, 1.000000000000000000, 0.000000000000000000 ) ) ;
#7658 = ORIENTED_EDGE ( 'NONE', *, *, #7460, .F. ) ;
#7659 = LINE ( 'NONE', #9289, #4148 ) ;
#7660 = DIRECTION ( 'NONE',  ( 1.000000000000000000, 0.000000000000000000, -1.084202172485506012E-15 ) ) ;
#7661 = ORIENTED_EDGE ( 'NONE', *, *, #5165, .T. ) ;
#7662 = CARTESIAN_POINT ( 'NONE',  ( -8.816843969807040438, 4.450000000000000178, 0.9499999999999999556 ) ) ;
#7663 = CARTESIAN_POINT ( 'NONE',  ( -11.50000000000000000, 0.1500000000000109857, -1.750000000000000000 ) ) ;
#7664 = EDGE_LOOP ( 'NONE', ( #5858, #5900 ) ) ;
#7665 = ORIENTED_EDGE ( 'NONE', *, *, #5802, .T. ) ;
#7666 = ADVANCED_FACE ( 'NONE', ( #334 ), #2598, .T. ) ;
#7667 = CARTESIAN_POINT ( 'NONE',  ( -11.40000000000000036, 1.447013240936750106E-14, 1.750000000000000000 ) ) ;
#7668 = LINE ( 'NONE', #9356, #7463 ) ;
#7669 = LINE ( 'NONE', #5734, #1305 ) ;
#7670 = CARTESIAN_POINT ( 'NONE',  ( -8.516843969807057491, 4.274724139113691201, -0.9501340839359938562 ) ) ;
#7671 = DIRECTION ( 'NONE',  ( -1.000000000000000000, 0.000000000000000000, 0.000000000000000000 ) ) ;
#7672 = CARTESIAN_POINT ( 'NONE',  ( -6.284114884038100257, 4.349999999999999645, -4.431714491667159805 ) ) ;
#7673 = CARTESIAN_POINT ( 'NONE',  ( -8.498759174235939184, 4.349999999999999645, 1.007357643635101940 ) ) ;
#7674 = ORIENTED_EDGE ( 'NONE', *, *, #1906, .F. ) ;
#7675 = ORIENTED_EDGE ( 'NONE', *, *, #5509, .T. ) ;
#7676 = VECTOR ( 'NONE', #3072, 1000.000000000000000 ) ;
#7677 = DIRECTION ( 'NONE',  ( 0.000000000000000000, 1.000000000000000000, 0.000000000000000000 ) ) ;
#7678 = VERTEX_POINT ( 'NONE', #6455 ) ;
#7679 = EDGE_CURVE ( 'NONE', #3922, #336, #7951, .T. ) ;
#7680 = CARTESIAN_POINT ( 'NONE',  ( -8.266843969807050385, 1.600000000000000089, 2.600000000000000089 ) ) ;
#7681 = VECTOR ( 'NONE', #721, 1000.000000000000000 ) ;
#7682 = DIRECTION ( 'NONE',  ( 7.080503983578760436E-16, 1.000000000000000000, 0.000000000000000000 ) ) ;
#7683 = ADVANCED_FACE ( 'NONE', ( #1996 ), #9493, .T. ) ;
#7684 = DIRECTION ( 'NONE',  ( 7.279101552726930441E-16, 1.000000000000000000, 0.000000000000000000 ) ) ;
#7685 = DIRECTION ( 'NONE',  ( 0.000000000000000000, 1.000000000000000000, 0.000000000000000000 ) ) ;
#7686 = EDGE_CURVE ( 'NONE', #1135, #8469, #1115, .T. ) ;
#7687 = CARTESIAN_POINT ( 'NONE',  ( 4.297588409752295391, 1.600000000000000089, 4.329056925054540095 ) ) ;
#7689 = EDGE_CURVE ( 'NONE', #9459, #296, #2029, .T. ) ;
#7688 = EDGE_LOOP ( 'NONE', ( #9212, #9133, #2173, #6184, #5915, #960 ) ) ;
#7690 = LINE ( 'NONE', #902, #4909 ) ;
#7691 = EDGE_CURVE ( 'NONE', #1407, #2370, #8751, .T. ) ;
#7692 = EDGE_CURVE ( 'NONE', #8800, #7359, #1258, .T. ) ;
#7693 = DIRECTION ( 'NONE',  ( 0.000000000000000000, 1.000000000000000000, 0.000000000000000000 ) ) ;
#7694 = DIRECTION ( 'NONE',  ( 0.000000000000000000, 1.000000000000000000, 0.000000000000000000 ) ) ;
#7695 = ORIENTED_EDGE ( 'NONE', *, *, #4091, .T. ) ;
#7696 = EDGE_CURVE ( 'NONE', #9573, #8525, #3777, .T. ) ;
#7697 = CARTESIAN_POINT ( 'NONE',  ( -4.869548233666040282, 5.599999999999999645, 5.899999999999999467 ) ) ;
#7699 = ORIENTED_EDGE ( 'NONE', *, *, #6163, .F. ) ;
#7698 = ORIENTED_EDGE ( 'NONE', *, *, #8722, .T. ) ;
#7700 = VECTOR ( 'NONE', #9626, 1000.000000000000000 ) ;
#7701 = LINE ( 'NONE', #5367, #606 ) ;
#7702 = DIRECTION ( 'NONE',  ( 0.8191520442889946851, -5.800009312744919496E-16, 0.5735764363510417185 ) ) ;
#7703 = VERTEX_POINT ( 'NONE', #6748 ) ;
#7704 = CARTESIAN_POINT ( 'NONE',  ( -8.616843969807050030, 0.2000000000000000111, -4.000000000000000000 ) ) ;
#7705 = CIRCLE ( 'NONE', #3428, 0.2999999999999999334 ) ;
#7706 = LINE ( 'NONE', #3929, #952 ) ;
#7707 = ORIENTED_EDGE ( 'NONE', *, *, #6839, .F. ) ;
#7708 = CARTESIAN_POINT ( 'NONE',  ( 8.163325866132991493, 39.49734969922095473, 3.789473684210530102 ) ) ;
#7709 = PLANE ( 'NONE',  #5731 ) ;
#7710 = ORIENTED_EDGE ( 'NONE', *, *, #4162, .F. ) ;
#7711 = DIRECTION ( 'NONE',  ( 1.000000000000000000, 0.000000000000000000, 0.000000000000000000 ) ) ;
#7712 = VECTOR ( 'NONE', #9134, 1000.000000000000000 ) ;
#7713 = EDGE_CURVE ( 'NONE', #7340, #9412, #5914, .T. ) ;
#7714 = LINE ( 'NONE', #48, #8225 ) ;
#7715 = ORIENTED_EDGE ( 'NONE', *, *, #8214, .F. ) ;
#7716 = ORIENTED_EDGE ( 'NONE', *, *, #9015, .F. ) ;
#7717 = FACE_OUTER_BOUND ( 'NONE', #4682, .T. ) ;
#7718 = CARTESIAN_POINT ( 'NONE',  ( 5.332682251925390027, 5.599999999999999645, 7.250000000000000000 ) ) ;
#7719 = CYLINDRICAL_SURFACE ( 'NONE', #50, 0.4500000000000000111 ) ;
#7720 = CARTESIAN_POINT ( 'NONE',  ( 4.297588409752299832, 1.399999999999999911, -4.329056925054545424 ) ) ;
#7721 = VECTOR ( 'NONE', #7119, 1000.000000000000000 ) ;
#7722 = CARTESIAN_POINT ( 'NONE',  ( 3.166215352912765013, 2.354306455190145364, 1.220617149911503940 ) ) ;
#7723 = FACE_OUTER_BOUND ( 'NONE', #5121, .T. ) ;
#7724 = ORIENTED_EDGE ( 'NONE', *, *, #65, .F. ) ;
#7725 = CIRCLE ( 'NONE', #1075, 0.8250000000000001776 ) ;
#7726 = VERTEX_POINT ( 'NONE', #1406 ) ;
#7727 = DIRECTION ( 'NONE',  ( -0.000000000000000000, 1.000000000000000000, 0.000000000000000000 ) ) ;
#7728 = EDGE_CURVE ( 'NONE', #851, #22, #627, .T. ) ;
#7729 = VERTEX_POINT ( 'NONE', #577 ) ;
#7730 = AXIS2_PLACEMENT_3D ( 'NONE', #9545, #5669, #8645 ) ;
#7731 = CARTESIAN_POINT ( 'NONE',  ( -8.521752727684591022, 4.349999999999999645, 1.236036465452655886 ) ) ;
#7732 = FACE_OUTER_BOUND ( 'NONE', #4315, .T. ) ;
#7733 = DIRECTION ( 'NONE',  ( 0.000000000000000000, 0.000000000000000000, -1.000000000000000000 ) ) ;
#7734 = CARTESIAN_POINT ( 'NONE',  ( 3.937644094699909836, 2.799999999999999822, 4.658858120127169933 ) ) ;
#7735 = EDGE_CURVE ( 'NONE', #4393, #6108, #774, .T. ) ;
#7736 = CARTESIAN_POINT ( 'NONE',  ( -3.937644094699909836, 3.200000000000000178, 4.658858120127169933 ) ) ;
#7737 = ORIENTED_EDGE ( 'NONE', *, *, #7073, .F. ) ;
#7738 = DIRECTION ( 'NONE',  ( 7.279101552726930441E-16, 1.000000000000000000, 0.000000000000000000 ) ) ;
#7739 = VECTOR ( 'NONE', #1547, 1000.000000000000000 ) ;
#7740 = DIRECTION ( 'NONE',  ( 1.000000000000000000, 0.000000000000000000, 0.000000000000000000 ) ) ;
#7741 = CARTESIAN_POINT ( 'NONE',  ( 11.15000000000000036, 4.349999999999999645, 2.600000000000000089 ) ) ;
#7742 = ORIENTED_EDGE ( 'NONE', *, *, #4151, .F. ) ;
#7743 = CARTESIAN_POINT ( 'NONE',  ( 8.766843969807048609, 4.349999999999999645, 2.000000000000000000 ) ) ;
#7745 = ORIENTED_EDGE ( 'NONE', *, *, #3383, .F. ) ;
#7744 = ORIENTED_EDGE ( 'NONE', *, *, #1263, .T. ) ;
#7746 = CARTESIAN_POINT ( 'NONE',  ( 3.140333448402504501, 2.257713872561240009, -1.220617149911500166 ) ) ;
#7747 = CARTESIAN_POINT ( 'NONE',  ( -8.416843969807029424, 3.100000000000000089, 0.9499999999999999556 ) ) ;
#7748 = VERTEX_POINT ( 'NONE', #3588 ) ;
#7749 = CARTESIAN_POINT ( 'NONE',  ( -9.747716655431519328, 4.349999999999999645, 4.715518912566449394 ) ) ;
#7750 = VECTOR ( 'NONE', #1682, 1000.000000000000000 ) ;
#7751 = VECTOR ( 'NONE', #7277, 1000.000000000000000 ) ;
#7752 = LINE ( 'NONE', #973, #4299 ) ;
#7753 = VERTEX_POINT ( 'NONE', #8246 ) ;
#7754 = AXIS2_PLACEMENT_3D ( 'NONE', #5616, #2638, #8042 ) ;
#7755 = DIRECTION ( 'NONE',  ( 0.000000000000000000, 1.000000000000000000, 0.000000000000000000 ) ) ;
#7756 = CARTESIAN_POINT ( 'NONE',  ( 11.44999999999999929, 0.2000000000000000111, -2.600000000000000089 ) ) ;
#7757 = ORIENTED_EDGE ( 'NONE', *, *, #6547, .F. ) ;
#7758 = AXIS2_PLACEMENT_3D ( 'NONE', #6778, #1528, #6928 ) ;
#7759 = CARTESIAN_POINT ( 'NONE',  ( -9.747716655431501565, 1.899999999999999911, -4.715518912566440513 ) ) ;
#7760 = ADVANCED_FACE ( 'NONE', ( #7407 ), #5272, .T. ) ;
#7761 = CARTESIAN_POINT ( 'NONE',  ( -8.816843969807040438, 4.599999999999999645, -0.9499999999999999556 ) ) ;
#7762 = VECTOR ( 'NONE', #4426, 1000.000000000000000 ) ;
#7763 = VERTEX_POINT ( 'NONE', #6061 ) ;
#7764 = ORIENTED_EDGE ( 'NONE', *, *, #7062, .T. ) ;
#7765 = AXIS2_PLACEMENT_3D ( 'NONE', #3457, #6470, #1037 ) ;
#7766 = PRESENTATION_LAYER_ASSIGNMENT (  '', '', ( #6185 ) ) ;
#7767 = FACE_OUTER_BOUND ( 'NONE', #9620, .T. ) ;
#7768 = DIRECTION ( 'NONE',  ( 0.000000000000000000, 0.000000000000000000, 1.000000000000000000 ) ) ;
#7769 = VECTOR ( 'NONE', #8527, 1000.000000000000000 ) ;
#7770 = DIRECTION ( 'NONE',  ( -0.8674394215525463858, 0.4975428121645251722, 0.000000000000000000 ) ) ;
#7771 = DIRECTION ( 'NONE',  ( -1.000000000000000000, 0.000000000000000000, 9.757819552369560416E-15 ) ) ;
#7772 = ADVANCED_FACE ( 'NONE', ( #2145 ), #1455, .T. ) ;
#7773 = DIRECTION ( 'NONE',  ( -1.000000000000000000, 0.000000000000000000, 0.000000000000000000 ) ) ;
#7774 = AXIS2_PLACEMENT_3D ( 'NONE', #9251, #6317, #4830 ) ;
#7775 = CARTESIAN_POINT ( 'NONE',  ( 0.000000000000000000, 0.2000000000000000111, 0.000000000000000000 ) ) ;
#7776 = VERTEX_POINT ( 'NONE', #7545 ) ;
#7777 = LINE ( 'NONE', #2431, #3386 ) ;
#7778 = EDGE_LOOP ( 'NONE', ( #9484, #5943, #737, #2199 ) ) ;
#7779 = AXIS2_PLACEMENT_3D ( 'NONE', #921, #7657, #3239 ) ;
#7780 = PLANE ( 'NONE',  #9609 ) ;
#7781 = PLANE ( 'NONE',  #5817 ) ;
#7782 = DIRECTION ( 'NONE',  ( 0.000000000000000000, 0.000000000000000000, -1.000000000000000000 ) ) ;
#7783 = CARTESIAN_POINT ( 'NONE',  ( -11.44999999999999929, 0.2000000000000000111, 2.000000000000000000 ) ) ;
#7784 = CARTESIAN_POINT ( 'NONE',  ( -8.468900674862208433, 4.214999999999999858, 1.050000000000000044 ) ) ;
#7785 = ORIENTED_EDGE ( 'NONE', *, *, #637, .F. ) ;
#7786 = FACE_OUTER_BOUND ( 'NONE', #1191, .T. ) ;
#7787 = EDGE_CURVE ( 'NONE', #5466, #692, #5122, .T. ) ;
#7788 = AXIS2_PLACEMENT_3D ( 'NONE', #5781, #7272, #3505 ) ;
#7789 = AXIS2_PLACEMENT_3D ( 'NONE', #398, #7963, #6418 ) ;
#7790 = EDGE_CURVE ( 'NONE', #7050, #2038, #9734, .T. ) ;
#7791 = CARTESIAN_POINT ( 'NONE',  ( -12.14999999999999858, 4.999999999999940492, 2.850000000000000089 ) ) ;
#7792 = DIRECTION ( 'NONE',  ( -1.000000000000000000, 0.000000000000000000, 9.757819552369560416E-15 ) ) ;
#7793 = VERTEX_POINT ( 'NONE', #9084 ) ;
#7794 = CARTESIAN_POINT ( 'NONE',  ( 9.866843969807048254, 4.349999999999999645, 0.000000000000000000 ) ) ;
#7795 = CIRCLE ( 'NONE', #7479, 0.09999999999999939493 ) ;
#7797 = ORIENTED_EDGE ( 'NONE', *, *, #6965, .F. ) ;
#7796 = ORIENTED_EDGE ( 'NONE', *, *, #3573, .F. ) ;
#7798 = LINE ( 'NONE', #3335, #1540 ) ;
#7799 = VECTOR ( 'NONE', #6982, 1000.000000000000000 ) ;
#7800 = CARTESIAN_POINT ( 'NONE',  ( 3.533185999539080070E-15, 1.500000000000000000, 2.100000000000000089 ) ) ;
#7801 = EDGE_LOOP ( 'NONE', ( #1303, #3973, #7453, #1900 ) ) ;
#7802 = DIRECTION ( 'NONE',  ( 1.000000000000000000, 0.000000000000000000, -1.445602896647339903E-16 ) ) ;
#7803 = EDGE_CURVE ( 'NONE', #6806, #222, #3637, .T. ) ;
#7804 = CARTESIAN_POINT ( 'NONE',  ( -3.937644094699915165, 1.399999999999999911, 4.658858120127169933 ) ) ;
#7805 = ORIENTED_EDGE ( 'NONE', *, *, #9611, .F. ) ;
#7806 = EDGE_CURVE ( 'NONE', #2795, #4216, #31, .T. ) ;
#7807 = FACE_OUTER_BOUND ( 'NONE', #3477, .T. ) ;
#7808 = CARTESIAN_POINT ( 'NONE',  ( -1.931937314617169887, 39.49734969922095473, 5.799999999999999822 ) ) ;
#7809 = EDGE_CURVE ( 'NONE', #1011, #1484, #2246, .T. ) ;
#7810 = EDGE_LOOP ( 'NONE', ( #4452, #7122, #3192, #3609 ) ) ;
#7811 = DIRECTION ( 'NONE',  ( 0.000000000000000000, -1.000000000000000000, 0.000000000000000000 ) ) ;
#7812 = ADVANCED_FACE ( 'NONE', ( #8292 ), #5314, .T. ) ;
#7813 = PLANE ( 'NONE',  #9510 ) ;
#7814 = EDGE_CURVE ( 'NONE', #7726, #5271, #5221, .T. ) ;
#7815 = ORIENTED_EDGE ( 'NONE', *, *, #8009, .T. ) ;
#7816 = ORIENTED_EDGE ( 'NONE', *, *, #263, .T. ) ;
#7817 = ADVANCED_FACE ( 'NONE', ( #4328 ), #5169, .F. ) ;
#7818 = CARTESIAN_POINT ( 'NONE',  ( -11.44999999999999929, 2.250000000000000000, -2.600000000000000089 ) ) ;
#7819 = DIRECTION ( 'NONE',  ( 0.000000000000000000, 0.000000000000000000, -1.000000000000000000 ) ) ;
#7820 = ORIENTED_EDGE ( 'NONE', *, *, #6770, .T. ) ;
#7821 = DIRECTION ( 'NONE',  ( -1.000000000000000000, 0.000000000000000000, 0.000000000000000000 ) ) ;
#7822 = LINE ( 'NONE', #4045, #9541 ) ;
#7823 = LINE ( 'NONE', #7220, #9025 ) ;
#7824 = CARTESIAN_POINT ( 'NONE',  ( -4.545000000000000817, -7.269011204192789677, 0.1499999999999999944 ) ) ;
#7825 = AXIS2_PLACEMENT_3D ( 'NONE', #8004, #6989, #7036 ) ;
#7826 = B_SPLINE_CURVE_WITH_KNOTS ( 'NONE', 3,
 ( #5045, #8870, #5101, #1480, #3661, #8922, #3565, #8961, #8073, #8128 ),
 .UNSPECIFIED., .F., .F.,
 ( 4, 3, 3, 4 ),
 ( -2.919580383804445123E-05, -6.776263578034402713E-21, 7.794840918616260733E-05, 0.0001457210054567882021 ),
 .UNSPECIFIED. ) ;
#7827 = EDGE_LOOP ( 'NONE', ( #4017, #3470 ) ) ;
#7828 = CARTESIAN_POINT ( 'NONE',  ( -3.449999999999999734, -16.05340546095174759, 5.030656020838629949 ) ) ;
#7829 = ORIENTED_EDGE ( 'NONE', *, *, #2964, .F. ) ;
#7830 = CARTESIAN_POINT ( 'NONE',  ( -9.866843969807048254, 4.599999999999999645, 0.000000000000000000 ) ) ;
#7831 = CARTESIAN_POINT ( 'NONE',  ( 5.402777063696039939, 5.599999999999999645, -5.899999999999999467 ) ) ;
#7832 = DIRECTION ( 'NONE',  ( -1.000000000000000000, 0.000000000000000000, 0.000000000000000000 ) ) ;
#7833 = DIRECTION ( 'NONE',  ( 1.000000000000000000, 0.000000000000000000, 0.000000000000000000 ) ) ;
#7834 = VECTOR ( 'NONE', #4365, 1000.000000000000114 ) ;
#7835 = CARTESIAN_POINT ( 'NONE',  ( -3.520000000000000018, -7.269011204192789677, -0.1499999999999999944 ) ) ;
#7836 = DIRECTION ( 'NONE',  ( -1.269309860470833935E-15, -1.000000000000000000, 0.000000000000000000 ) ) ;
#7837 = DIRECTION ( 'NONE',  ( 1.819572328111074956E-16, 0.000000000000000000, 1.000000000000000000 ) ) ;
#7838 = VECTOR ( 'NONE', #7185, 1000.000000000000000 ) ;
#7839 = B_SPLINE_CURVE_WITH_KNOTS ( 'NONE', 3,
 ( #1549, #9130, #8387, #5513 ),
 .UNSPECIFIED., .F., .F.,
 ( 4, 4 ),
 ( 0.000000000000000000, 1.000000000000000000 ),
 .UNSPECIFIED. ) ;
#7840 = DIRECTION ( 'NONE',  ( 0.000000000000000000, -1.000000000000000000, 0.000000000000000000 ) ) ;
#7841 = DIRECTION ( 'NONE',  ( 7.279101552726930441E-16, 1.000000000000000000, 0.000000000000000000 ) ) ;
#7842 = VERTEX_POINT ( 'NONE', #4478 ) ;
#7843 = DIRECTION ( 'NONE',  ( -0.9063077870366493816, 6.417115896461452375E-16, 0.4226182617407006625 ) ) ;
#7845 = ORIENTED_EDGE ( 'NONE', *, *, #4634, .F. ) ;
#7844 = ORIENTED_EDGE ( 'NONE', *, *, #7866, .F. ) ;
#7846 = FACE_OUTER_BOUND ( 'NONE', #655, .T. ) ;
#7847 = EDGE_CURVE ( 'NONE', #2265, #5999, #5959, .T. ) ;
#7848 = DIRECTION ( 'NONE',  ( 0.000000000000000000, 0.000000000000000000, -1.000000000000000000 ) ) ;
#7849 = ORIENTED_EDGE ( 'NONE', *, *, #8904, .T. ) ;
#7850 = ADVANCED_FACE ( 'NONE', ( #6659 ), #9687, .F. ) ;
#7851 = CARTESIAN_POINT ( 'NONE',  ( -3.520000000000000018, -7.269011204192789677, 0.8750000000000000000 ) ) ;
#7852 = VERTEX_POINT ( 'NONE', #6899 ) ;
#7853 = LINE ( 'NONE', #4225, #8430 ) ;
#7854 = CARTESIAN_POINT ( 'NONE',  ( -11.25000000000000000, 0.2000000000000000111, 2.600000000000000089 ) ) ;
#7855 = CARTESIAN_POINT ( 'NONE',  ( -4.869548233666040282, 1.600000000000000089, -5.899999999999999467 ) ) ;
#7856 = EDGE_LOOP ( 'NONE', ( #8683, #2358, #98, #285 ) ) ;
#7857 = DIRECTION ( 'NONE',  ( 1.000000000000000000, 4.028180225922655531E-15, 0.000000000000000000 ) ) ;
#7858 = EDGE_CURVE ( 'NONE', #3249, #8865, #1716, .T. ) ;
#7859 = DIRECTION ( 'NONE',  ( 0.000000000000000000, 1.000000000000000000, 0.000000000000000000 ) ) ;
#7860 = ORIENTED_EDGE ( 'NONE', *, *, #5024, .T. ) ;
#7861 = VERTEX_POINT ( 'NONE', #4763 ) ;
#7862 = VECTOR ( 'NONE', #6887, 1000.000000000000000 ) ;
#7863 = CARTESIAN_POINT ( 'NONE',  ( 7.078975818093590000, 1.202357830327491994, 0.5742379875259449040 ) ) ;
#7864 = DIRECTION ( 'NONE',  ( 1.000000000000000000, 0.000000000000000000, 0.000000000000000000 ) ) ;
#7865 = VERTEX_POINT ( 'NONE', #1647 ) ;
#7866 = EDGE_CURVE ( 'NONE', #3729, #2303, #8485, .T. ) ;
#7867 = LINE ( 'NONE', #4093, #7321 ) ;
#7868 = LINE ( 'NONE', #4094, #4625 ) ;
#7869 = PLANE ( 'NONE',  #5226 ) ;
#7870 = DIRECTION ( 'NONE',  ( 1.000000000000000000, 0.000000000000000000, 2.304431895758795355E-15 ) ) ;
#7871 = EDGE_CURVE ( 'NONE', #866, #7634, #7096, .T. ) ;
#7872 = ORIENTED_EDGE ( 'NONE', *, *, #4769, .F. ) ;
#7873 = CARTESIAN_POINT ( 'NONE',  ( -8.221900118789369216, 2.799999999999999822, 1.664270371162789974 ) ) ;
#7874 = ORIENTED_EDGE ( 'NONE', *, *, #8208, .T. ) ;
#7875 = VECTOR ( 'NONE', #1546, 1000.000000000000000 ) ;
#7876 = DIRECTION ( 'NONE',  ( 1.000000000000000000, 0.000000000000000000, 0.000000000000000000 ) ) ;
#7877 = LINE ( 'NONE', #5554, #1706 ) ;
#7878 = DIRECTION ( 'NONE',  ( 1.000000000000000000, 1.153406566473939781E-16, 0.000000000000000000 ) ) ;
#7879 = LINE ( 'NONE', #4253, #327 ) ;
#7880 = DIRECTION ( 'NONE',  ( 1.000000000000000000, 0.000000000000000000, 0.000000000000000000 ) ) ;
#7881 = CARTESIAN_POINT ( 'NONE',  ( -9.866843969807048254, 5.000000000000000000, 0.3250000000000000111 ) ) ;
#7882 = EDGE_CURVE ( 'NONE', #9744, #3611, #958, .T. ) ;
#7883 = LINE ( 'NONE', #7145, #9671 ) ;
#7884 = VECTOR ( 'NONE', #4714, 1000.000000000000000 ) ;
#7885 = LINE ( 'NONE', #6201, #8652 ) ;
#7886 = CARTESIAN_POINT ( 'NONE',  ( 8.100375399510909347, 0.7733832102757189908, 2.000000000000000000 ) ) ;
#7887 = ORIENTED_EDGE ( 'NONE', *, *, #4553, .F. ) ;
#7888 = FACE_OUTER_BOUND ( 'NONE', #8778, .T. ) ;
#7890 = VERTEX_POINT ( 'NONE', #9182 ) ;
#7889 = ORIENTED_EDGE ( 'NONE', *, *, #3829, .T. ) ;
#7891 = CARTESIAN_POINT ( 'NONE',  ( -8.604093501901738605, 4.215766090002975197, 1.118441652880825865 ) ) ;
#7892 = PLANE ( 'NONE',  #1110 ) ;
#7893 = ORIENTED_EDGE ( 'NONE', *, *, #30, .F. ) ;
#7894 = DIRECTION ( 'NONE',  ( 0.000000000000000000, 0.000000000000000000, 1.000000000000000000 ) ) ;
#7895 = EDGE_LOOP ( 'NONE', ( #9491, #6724, #5493, #2189, #6856, #922 ) ) ;
#7896 = DIRECTION ( 'NONE',  ( 0.000000000000000000, 0.000000000000000000, -1.000000000000000000 ) ) ;
#7897 = CARTESIAN_POINT ( 'NONE',  ( -7.167387715921189617, 1.899999999999999911, 2.908753138060674814 ) ) ;
#7899 = EDGE_LOOP ( 'NONE', ( #6313, #549, #5149, #4184, #2150, #1991, #3582, #8186, #2297, #7195, #8296, #5920 ) ) ;
#7898 = ORIENTED_EDGE ( 'NONE', *, *, #749, .F. ) ;
#7900 = CARTESIAN_POINT ( 'NONE',  ( -7.028793294321580731, 4.349999999999999645, 3.447664127344360008 ) ) ;
#7901 = DIRECTION ( 'NONE',  ( -7.279101552726930441E-16, -1.000000000000000000, 0.000000000000000000 ) ) ;
#7902 = ORIENTED_EDGE ( 'NONE', *, *, #5937, .F. ) ;
#7903 = VERTEX_POINT ( 'NONE', #269 ) ;
#7904 = CARTESIAN_POINT ( 'NONE',  ( 8.616843969807041148, 0.2000000000000000111, 3.500000000000000000 ) ) ;
#7905 = ADVANCED_FACE ( 'NONE', ( #4018 ), #80, .F. ) ;
#7906 = ORIENTED_EDGE ( 'NONE', *, *, #852, .T. ) ;
#7907 = AXIS2_PLACEMENT_3D ( 'NONE', #8827, #715, #8182 ) ;
#7908 = DIRECTION ( 'NONE',  ( -0.5735764363510417185, 2.436726145482274414E-15, 0.8191520442889946851 ) ) ;
#7909 = CARTESIAN_POINT ( 'NONE',  ( 1.982223503636745043, -7.269011204192789677, -2.600000000000000089 ) ) ;
#7910 = AXIS2_PLACEMENT_3D ( 'NONE', #8850, #5079, #8154 ) ;
#7911 = DIRECTION ( 'NONE',  ( 0.000000000000000000, 1.000000000000000000, 0.000000000000000000 ) ) ;
#7912 = DIRECTION ( 'NONE',  ( 0.000000000000000000, -1.000000000000000000, 0.000000000000000000 ) ) ;
#7913 = VERTEX_POINT ( 'NONE', #3279 ) ;
#7914 = AXIS2_PLACEMENT_3D ( 'NONE', #3634, #7543, #3586 ) ;
#7915 = DIRECTION ( 'NONE',  ( 0.000000000000000000, 1.262722834753462217E-30, -1.000000000000000000 ) ) ;
#7916 = ORIENTED_EDGE ( 'NONE', *, *, #4043, .T. ) ;
#7917 = CIRCLE ( 'NONE', #5235, 0.2500000000000002220 ) ;
#7918 = VECTOR ( 'NONE', #2493, 1000.000000000000000 ) ;
#7919 = DIRECTION ( 'NONE',  ( 0.000000000000000000, 0.000000000000000000, -1.000000000000000000 ) ) ;
#7920 = VECTOR ( 'NONE', #6084, 1000.000000000000000 ) ;
#7921 = FACE_OUTER_BOUND ( 'NONE', #578, .T. ) ;
#7922 = DIRECTION ( 'NONE',  ( 0.000000000000000000, 1.000000000000000000, 0.000000000000000000 ) ) ;
#7923 = ADVANCED_FACE ( 'NONE', ( #1012 ), #6296, .T. ) ;
#7924 = MECHANICAL_DESIGN_GEOMETRIC_PRESENTATION_REPRESENTATION (  '', ( #6185 ), #9523 ) ;
#7925 = FACE_OUTER_BOUND ( 'NONE', #2683, .T. ) ;
#7926 = DIRECTION ( 'NONE',  ( 0.000000000000000000, 0.000000000000000000, -1.000000000000000000 ) ) ;
#7927 = VERTEX_POINT ( 'NONE', #820 ) ;
#7928 = ORIENTED_EDGE ( 'NONE', *, *, #8666, .T. ) ;
#7929 = CARTESIAN_POINT ( 'NONE',  ( -8.616843969807041148, 1.600000000000000089, 3.500000000000000000 ) ) ;
#7930 = EDGE_CURVE ( 'NONE', #4980, #5324, #4565, .T. ) ;
#7931 = DIRECTION ( 'NONE',  ( 1.000000000000000000, 0.000000000000000000, 0.000000000000000000 ) ) ;
#7932 = AXIS2_PLACEMENT_3D ( 'NONE', #5240, #9798, #2997 ) ;
#7933 = EDGE_CURVE ( 'NONE', #2635, #2403, #393, .T. ) ;
#7934 = DIRECTION ( 'NONE',  ( 0.8191520442889946851, -5.800009312744919496E-16, -0.5735764363510417185 ) ) ;
#7935 = EDGE_CURVE ( 'NONE', #82, #3770, #223, .T. ) ;
#7936 = DIRECTION ( 'NONE',  ( 0.000000000000000000, 1.000000000000000000, 0.000000000000000000 ) ) ;
#7937 = ORIENTED_EDGE ( 'NONE', *, *, #4479, .F. ) ;
#7938 = CARTESIAN_POINT ( 'NONE',  ( -6.360817557515700216, 5.599999999999999645, -4.250000000000000000 ) ) ;
#7940 = VERTEX_POINT ( 'NONE', #2539 ) ;
#7939 = ORIENTED_EDGE ( 'NONE', *, *, #3862, .T. ) ;
#7941 = DIRECTION ( 'NONE',  ( 0.000000000000000000, 0.000000000000000000, -1.000000000000000000 ) ) ;
#7942 = CARTESIAN_POINT ( 'NONE',  ( -3.899999999999999911, 1.600000000000000089, -5.637851296924620099E-16 ) ) ;
#7943 = VECTOR ( 'NONE', #3254, 1000.000000000000000 ) ;
#7944 = VECTOR ( 'NONE', #2451, 1000.000000000000114 ) ;
#7945 = EDGE_LOOP ( 'NONE', ( #6560, #6273, #2715, #1199, #1313 ) ) ;
#7946 = EDGE_CURVE ( 'NONE', #4136, #9640, #7839, .T. ) ;
#7947 = LINE ( 'NONE', #8793, #9021 ) ;
#7948 = ORIENTED_EDGE ( 'NONE', *, *, #7689, .F. ) ;
#7949 = AXIS2_PLACEMENT_3D ( 'NONE', #6072, #5375, #4632 ) ;
#7950 = CARTESIAN_POINT ( 'NONE',  ( -8.621631980879289614, 4.349999999999999645, 1.093394109087759913 ) ) ;
#7951 = LINE ( 'NONE', #7897, #6619 ) ;
#7952 = VECTOR ( 'NONE', #704, 1000.000000000000000 ) ;
#7953 = EDGE_CURVE ( 'NONE', #6716, #2635, #864, .T. ) ;
#7955 = ORIENTED_EDGE ( 'NONE', *, *, #1286, .F. ) ;
#7954 = ORIENTED_EDGE ( 'NONE', *, *, #6753, .F. ) ;
#7956 = FACE_OUTER_BOUND ( 'NONE', #5879, .T. ) ;
#7957 = DIRECTION ( 'NONE',  ( -1.000000000000000000, 0.000000000000000000, -7.676697801288240292E-31 ) ) ;
#7958 = EDGE_LOOP ( 'NONE', ( #6540, #7507, #3677, #1413, #4676, #6898, #3750, #2103, #1084, #8050 ) ) ;
#7959 = VERTEX_POINT ( 'NONE', #3127 ) ;
#7960 = FACE_OUTER_BOUND ( 'NONE', #8196, .T. ) ;
#7961 = ORIENTED_EDGE ( 'NONE', *, *, #3992, .F. ) ;
#7962 = CARTESIAN_POINT ( 'NONE',  ( 7.266843969807050385, 0.1685063394027645212, 2.600000000000000089 ) ) ;
#7963 = DIRECTION ( 'NONE',  ( 0.000000000000000000, 1.000000000000000000, 0.000000000000000000 ) ) ;
#7964 = CARTESIAN_POINT ( 'NONE',  ( 9.866843969807048254, 5.000000000000000000, 0.000000000000000000 ) ) ;
#7965 = DIRECTION ( 'NONE',  ( 0.2588190451025245697, 0.9659258262890672020, 0.000000000000000000 ) ) ;
#7966 = ORIENTED_EDGE ( 'NONE', *, *, #6564, .F. ) ;
#7967 = DIRECTION ( 'NONE',  ( 0.000000000000000000, 1.000000000000000000, 0.000000000000000000 ) ) ;
#7968 = ADVANCED_FACE ( 'NONE', ( #6948 ), #8443, .T. ) ;
#7969 = ORIENTED_EDGE ( 'NONE', *, *, #3829, .F. ) ;
#7970 = FACE_OUTER_BOUND ( 'NONE', #6573, .T. ) ;
#7971 = DIRECTION ( 'NONE',  ( -1.000000000000000000, -1.104233602240389959E-15, 0.000000000000000000 ) ) ;
#7972 = AXIS2_PLACEMENT_3D ( 'NONE', #2172, #7485, #3716 ) ;
#7973 = DIRECTION ( 'NONE',  ( -1.000000000000000000, 0.000000000000000000, 4.130293990420970474E-15 ) ) ;
#7974 = DIRECTION ( 'NONE',  ( -1.000000000000000000, 1.014997778497068052E-15, 8.850629979473498616E-17 ) ) ;
#7975 = DIRECTION ( 'NONE',  ( -1.000000000000000000, 0.000000000000000000, 1.257045997084641872E-16 ) ) ;
#7976 = VERTEX_POINT ( 'NONE', #6204 ) ;
#7977 = EDGE_LOOP ( 'NONE', ( #8593, #8067, #3198, #7902 ) ) ;
#7978 = LINE ( 'NONE', #5696, #5967 ) ;
#7979 = LINE ( 'NONE', #6487, #5399 ) ;
#7980 = EDGE_CURVE ( 'NONE', #9681, #1359, #9231, .T. ) ;
#7981 = EDGE_CURVE ( 'NONE', #3970, #4770, #7101, .T. ) ;
#7982 = CARTESIAN_POINT ( 'NONE',  ( -9.066843969807040438, 4.450000000000000178, 2.600000000000000089 ) ) ;
#7983 = EDGE_CURVE ( 'NONE', #7050, #8379, #9638, .T. ) ;
#7984 = DIRECTION ( 'NONE',  ( 1.000000000000000000, 0.000000000000000000, 1.819572328111074956E-16 ) ) ;
#7985 = ORIENTED_EDGE ( 'NONE', *, *, #7981, .F. ) ;
#7987 = ORIENTED_EDGE ( 'NONE', *, *, #8169, .T. ) ;
#7986 = VERTEX_POINT ( 'NONE', #462 ) ;
#7988 = DIRECTION ( 'NONE',  ( 1.000000000000000000, 0.000000000000000000, 0.000000000000000000 ) ) ;
#7989 = EDGE_CURVE ( 'NONE', #5162, #3620, #306, .T. ) ;
#7990 = CARTESIAN_POINT ( 'NONE',  ( -6.892847126266079982, 4.349999999999999645, -3.384271388083250454 ) ) ;
#7991 = VECTOR ( 'NONE', #5759, 1000.000000000000000 ) ;
#7992 = ORIENTED_EDGE ( 'NONE', *, *, #947, .T. ) ;
#7993 = EDGE_CURVE ( 'NONE', #4159, #615, #1886, .T. ) ;
#7994 = EDGE_CURVE ( 'NONE', #118, #336, #9533, .T. ) ;
#7995 = CARTESIAN_POINT ( 'NONE',  ( -13.84999999999999964, 0.1500000000000134837, 1.750000000000000000 ) ) ;
#7996 = VERTEX_POINT ( 'NONE', #2779 ) ;
#7997 = LINE ( 'NONE', #1804, #8275 ) ;
#7998 = DIRECTION ( 'NONE',  ( 0.000000000000000000, 1.000000000000000000, 0.000000000000000000 ) ) ;
#8000 = ORIENTED_EDGE ( 'NONE', *, *, #7809, .T. ) ;
#7999 = EDGE_LOOP ( 'NONE', ( #3425, #2152, #2447, #2782 ) ) ;
#8001 = CYLINDRICAL_SURFACE ( 'NONE', #6798, 0.6250000000000000000 ) ;
#8002 = ORIENTED_EDGE ( 'NONE', *, *, #8958, .T. ) ;
#8003 = EDGE_CURVE ( 'NONE', #5639, #6597, #4560, .T. ) ;
#8004 = CARTESIAN_POINT ( 'NONE',  ( -4.814824860968089633E-31, -4.878909776184769953E-16, 2.600000000000000089 ) ) ;
#8005 = EDGE_LOOP ( 'NONE', ( #3512, #3552, #6548, #3714 ) ) ;
#8006 = DIRECTION ( 'NONE',  ( 0.000000000000000000, -1.000000000000000000, 0.000000000000000000 ) ) ;
#8007 = EDGE_LOOP ( 'NONE', ( #4360, #1838, #1014, #1006 ) ) ;
#8008 = CARTESIAN_POINT ( 'NONE',  ( 0.000000000000000000, 1.600000000000000089, 0.000000000000000000 ) ) ;
#8009 = EDGE_CURVE ( 'NONE', #4660, #4125, #4856, .T. ) ;
#8010 = LINE ( 'NONE', #3358, #2251 ) ;
#8011 = CARTESIAN_POINT ( 'NONE',  ( 11.15000000000000036, 4.450000000000000178, 2.100000000000000089 ) ) ;
#8012 = FACE_OUTER_BOUND ( 'NONE', #1181, .T. ) ;
#8013 = ORIENTED_EDGE ( 'NONE', *, *, #9408, .F. ) ;
#8014 = AXIS2_PLACEMENT_3D ( 'NONE', #4654, #3908, #4008 ) ;
#8015 = CARTESIAN_POINT ( 'NONE',  ( 6.360817557515700216, 5.250000000000000000, 4.250000000000000000 ) ) ;
#8016 = ORIENTED_EDGE ( 'NONE', *, *, #7930, .T. ) ;
#8017 = CARTESIAN_POINT ( 'NONE',  ( 0.000000000000000000, 1.600000000000000089, 0.000000000000000000 ) ) ;
#8018 = AXIS2_PLACEMENT_3D ( 'NONE', #8520, #1729, #4307 ) ;
#8019 = DIRECTION ( 'NONE',  ( 0.000000000000000000, 1.000000000000000000, 0.000000000000000000 ) ) ;
#8020 = CARTESIAN_POINT ( 'NONE',  ( -11.44999999999999929, 2.250000000000000000, 2.600000000000000089 ) ) ;
#8021 = DIRECTION ( 'NONE',  ( 0.000000000000000000, 1.000000000000000000, 0.000000000000000000 ) ) ;
#8022 = LINE ( 'NONE', #409, #2141 ) ;
#8023 = ORIENTED_EDGE ( 'NONE', *, *, #5891, .T. ) ;
#8024 = EDGE_CURVE ( 'NONE', #5999, #2255, #6439, .T. ) ;
#8025 = ORIENTED_EDGE ( 'NONE', *, *, #597, .T. ) ;
#8026 = AXIS2_PLACEMENT_3D ( 'NONE', #5276, #2448, #8391 ) ;
#8027 = LINE ( 'NONE', #1239, #1151 ) ;
#8028 = AXIS2_PLACEMENT_3D ( 'NONE', #4907, #4807, #8782 ) ;
#8029 = LINE ( 'NONE', #5755, #3419 ) ;
#8030 = CARTESIAN_POINT ( 'NONE',  ( 12.14999999999999858, 39.49734969922095473, 3.500000000000000000 ) ) ;
#8031 = ADVANCED_FACE ( 'NONE', ( #6545 ), #1793, .F. ) ;
#8032 = LINE ( 'NONE', #2679, #7441 ) ;
#8033 = DIRECTION ( 'NONE',  ( 0.000000000000000000, 0.000000000000000000, 1.000000000000000000 ) ) ;
#8034 = EDGE_LOOP ( 'NONE', ( #8340, #3099, #889, #4673 ) ) ;
#8036 = ORIENTED_EDGE ( 'NONE', *, *, #9324, .F. ) ;
#8035 = VERTEX_POINT ( 'NONE', #4809 ) ;
#8037 = CIRCLE ( 'NONE', #2335, 0.2999999999999999334 ) ;
#8038 = VECTOR ( 'NONE', #4655, 1000.000000000000000 ) ;
#8039 = DIRECTION ( 'NONE',  ( 0.000000000000000000, 0.000000000000000000, 1.000000000000000000 ) ) ;
#8040 = DIRECTION ( 'NONE',  ( 0.2588190451025245697, 0.9659258262890672020, 0.000000000000000000 ) ) ;
#8041 = AXIS2_PLACEMENT_3D ( 'NONE', #8694, #6406, #530 ) ;
#8042 = DIRECTION ( 'NONE',  ( 0.000000000000000000, 0.000000000000000000, 1.000000000000000000 ) ) ;
#8043 = ORIENTED_EDGE ( 'NONE', *, *, #7388, .F. ) ;
#8044 = LINE ( 'NONE', #2746, #689 ) ;
#8045 = DIRECTION ( 'NONE',  ( 0.4055797876726329743, -0.7071067811865519026, 0.5792279653395678851 ) ) ;
#8047 = ORIENTED_EDGE ( 'NONE', *, *, #3420, .F. ) ;
#8046 = ORIENTED_EDGE ( 'NONE', *, *, #6045, .F. ) ;
#8048 = DIRECTION ( 'NONE',  ( 1.000000000000000000, 0.000000000000000000, 0.000000000000000000 ) ) ;
#8049 = EDGE_CURVE ( 'NONE', #3906, #2043, #2629, .T. ) ;
#8050 = ORIENTED_EDGE ( 'NONE', *, *, #3692, .T. ) ;
#8051 = FACE_OUTER_BOUND ( 'NONE', #576, .T. ) ;
#8052 = VECTOR ( 'NONE', #3079, 1000.000000000000114 ) ;
#8053 = B_SPLINE_CURVE_WITH_KNOTS ( 'NONE', 3,
 ( #3433, #4865, #6556, #7160 ),
 .UNSPECIFIED., .F., .F.,
 ( 4, 4 ),
 ( 0.000000000000000000, 0.0005443421352172259390 ),
 .UNSPECIFIED. ) ;
#8054 = ORIENTED_EDGE ( 'NONE', *, *, #6571, .T. ) ;
#8055 = ADVANCED_FACE ( 'NONE', ( #4169 ), #1155, .T. ) ;
#8056 = CARTESIAN_POINT ( 'NONE',  ( -8.416843969807018766, 1.899999999999999911, 0.9499999999999999556 ) ) ;
#8057 = ORIENTED_EDGE ( 'NONE', *, *, #9553, .F. ) ;
#8058 = CARTESIAN_POINT ( 'NONE',  ( -11.15000000000000036, 4.349999999999999645, 2.100000000000000089 ) ) ;
#8059 = EDGE_CURVE ( 'NONE', #6257, #1454, #7194, .T. ) ;
#8060 = DIRECTION ( 'NONE',  ( 4.248302390147255473E-15, 1.000000000000000000, 0.000000000000000000 ) ) ;
#8061 = CARTESIAN_POINT ( 'NONE',  ( -8.475757504661711295, 4.214999999999999858, -1.054390218872124141 ) ) ;
#8062 = LINE ( 'NONE', #2160, #6660 ) ;
#8063 = ORIENTED_EDGE ( 'NONE', *, *, #7983, .F. ) ;
#8064 = LINE ( 'NONE', #1281, #8863 ) ;
#8065 = AXIS2_PLACEMENT_3D ( 'NONE', #7873, #4098, #354 ) ;
#8066 = CARTESIAN_POINT ( 'NONE',  ( 0.000000000000000000, -16.05340546095174759, 0.000000000000000000 ) ) ;
#8067 = ORIENTED_EDGE ( 'NONE', *, *, #6120, .T. ) ;
#8068 = VECTOR ( 'NONE', #7684, 1000.000000000000000 ) ;
#8069 = AXIS2_PLACEMENT_3D ( 'NONE', #7747, #6754, #2449 ) ;
#8070 = EDGE_CURVE ( 'NONE', #4679, #6071, #1055, .T. ) ;
#8071 = CARTESIAN_POINT ( 'NONE',  ( -8.398879921041210395, 4.315000000000000391, 1.149999999999975930 ) ) ;
#8072 = CARTESIAN_POINT ( 'NONE',  ( -4.545000000000000817, 1.300000000000000044, 0.1499999999999999944 ) ) ;
#8073 = CARTESIAN_POINT ( 'NONE',  ( -8.621165536811629337, 4.215090966938784156, -1.054312205612508047 ) ) ;
#8074 = VECTOR ( 'NONE', #5864, 1000.000000000000000 ) ;
#8075 = DIRECTION ( 'NONE',  ( 0.9659258262890674240, -0.2588190451025246253, 0.000000000000000000 ) ) ;
#8076 = LINE ( 'NONE', #1976, #7838 ) ;
#8077 = ORIENTED_EDGE ( 'NONE', *, *, #8880, .T. ) ;
#8078 = ORIENTED_EDGE ( 'NONE', *, *, #7415, .F. ) ;
#8079 = AXIS2_PLACEMENT_3D ( 'NONE', #8272, #9011, #2125 ) ;
#8080 = LINE ( 'NONE', #4998, #3812 ) ;
#8081 = AXIS2_PLACEMENT_3D ( 'NONE', #4161, #5603, #2582 ) ;
#8082 = AXIS2_PLACEMENT_3D ( 'NONE', #5543, #1776, #7576 ) ;
#8083 = VECTOR ( 'NONE', #5699, 1000.000000000000000 ) ;
#8084 = DIRECTION ( 'NONE',  ( 0.000000000000000000, 1.000000000000000000, 0.000000000000000000 ) ) ;
#8085 = CARTESIAN_POINT ( 'NONE',  ( -11.25000000000000000, 0.2500000000000109912, 1.750000000000000000 ) ) ;
#8086 = VECTOR ( 'NONE', #9670, 1000.000000000000114 ) ;
#8087 = CARTESIAN_POINT ( 'NONE',  ( -4.649999999999999467, 5.599999999999999645, -4.250000000000000000 ) ) ;
#8088 = CARTESIAN_POINT ( 'NONE',  ( -2.399999999999999911, 1.300000000000000044, -2.500000000000000000 ) ) ;
#8089 = ORIENTED_EDGE ( 'NONE', *, *, #597, .F. ) ;
#8091 = ORIENTED_EDGE ( 'NONE', *, *, #8118, .T. ) ;
#8090 = ORIENTED_EDGE ( 'NONE', *, *, #4722, .F. ) ;
#8092 = VECTOR ( 'NONE', #293, 1000.000000000000114 ) ;
#8093 = CARTESIAN_POINT ( 'NONE',  ( 3.899999999999999911, 5.599999999999999645, -7.250000000000000000 ) ) ;
#8094 = EDGE_CURVE ( 'NONE', #9719, #127, #8032, .T. ) ;
#8095 = EDGE_CURVE ( 'NONE', #471, #7494, #4066, .T. ) ;
#8096 = DIRECTION ( 'NONE',  ( -1.000000000000000000, 7.416661737420140440E-16, 1.150581897331554044E-15 ) ) ;
#8097 = CARTESIAN_POINT ( 'NONE',  ( -8.398879921041039864, 4.315000000000000391, -1.149999999999859801 ) ) ;
#8098 = VERTEX_POINT ( 'NONE', #320 ) ;
#8099 = CARTESIAN_POINT ( 'NONE',  ( -8.516843969807018411, 1.899999999999999911, 0.9499999999999999556 ) ) ;
#8101 = ORIENTED_EDGE ( 'NONE', *, *, #3890, .F. ) ;
#8100 = VERTEX_POINT ( 'NONE', #5705 ) ;
#8102 = FACE_OUTER_BOUND ( 'NONE', #8503, .T. ) ;
#8103 = AXIS2_PLACEMENT_3D ( 'NONE', #7508, #3596, #2196 ) ;
#8104 = CARTESIAN_POINT ( 'NONE',  ( 7.741843969807039372, 0.4869809856503229950, 2.587001303458699830 ) ) ;
#8105 = EDGE_CURVE ( 'NONE', #107, #3445, #3218, .T. ) ;
#8106 = ORIENTED_EDGE ( 'NONE', *, *, #7460, .T. ) ;
#8107 = DIRECTION ( 'NONE',  ( 0.000000000000000000, -1.000000000000000000, 0.000000000000000000 ) ) ;
#8108 = VERTEX_POINT ( 'NONE', #8736 ) ;
#8109 = CIRCLE ( 'NONE', #3669, 8.000000000000000000 ) ;
#8110 = ADVANCED_FACE ( 'NONE', ( #7888 ), #3331, .T. ) ;
#8111 = CARTESIAN_POINT ( 'NONE',  ( 6.777720855862980009, 5.000000000000000000, 4.250000000000000000 ) ) ;
#8112 = CIRCLE ( 'NONE', #1145, 6.100000000000000533 ) ;
#8113 = ORIENTED_EDGE ( 'NONE', *, *, #2465, .T. ) ;
#8114 = EDGE_CURVE ( 'NONE', #3557, #3483, #8684, .T. ) ;
#8115 = PLANE ( 'NONE',  #9378 ) ;
#8116 = CARTESIAN_POINT ( 'NONE',  ( 4.649999999999999467, 0.2000000000000000111, -5.074999999999999289 ) ) ;
#8117 = EDGE_CURVE ( 'NONE', #1189, #5677, #1245, .T. ) ;
#8118 = EDGE_CURVE ( 'NONE', #3951, #3813, #4512, .T. ) ;
#8119 = CARTESIAN_POINT ( 'NONE',  ( 0.000000000000000000, 1.600000000000000089, 0.000000000000000000 ) ) ;
#8120 = CYLINDRICAL_SURFACE ( 'NONE', #2863, 0.6250000000000005551 ) ;
#8121 = ORIENTED_EDGE ( 'NONE', *, *, #6773, .T. ) ;
#8122 = DIRECTION ( 'NONE',  ( 0.000000000000000000, -1.000000000000000000, 0.000000000000000000 ) ) ;
#8123 = ORIENTED_EDGE ( 'NONE', *, *, #6839, .T. ) ;
#8124 = VERTEX_POINT ( 'NONE', #6738 ) ;
#8125 = EDGE_CURVE ( 'NONE', #8124, #6833, #5538, .T. ) ;
#8126 = CARTESIAN_POINT ( 'NONE',  ( -8.616843969807050030, 1.600000000000000089, -4.000000000000000000 ) ) ;
#8127 = DIRECTION ( 'NONE',  ( -1.000000000000000000, 0.000000000000000000, 0.000000000000000000 ) ) ;
#8128 = CARTESIAN_POINT ( 'NONE',  ( -8.643747326116061558, 4.215122673692735411, -1.054951736030002030 ) ) ;
#8129 = DIRECTION ( 'NONE',  ( 0.000000000000000000, 1.000000000000000000, 0.000000000000000000 ) ) ;
#8130 = CYLINDRICAL_SURFACE ( 'NONE', #2387, 6.100000000000000533 ) ;
#8131 = EDGE_LOOP ( 'NONE', ( #4425, #5770, #8459, #4693 ) ) ;
#8132 = ORIENTED_EDGE ( 'NONE', *, *, #5211, .T. ) ;
#8133 = CARTESIAN_POINT ( 'NONE',  ( -6.284114884038090487, 3.100000000000000089, -4.431714491667164246 ) ) ;
#8134 = DIRECTION ( 'NONE',  ( 8.850629979473498616E-17, -8.983369767465150180E-32, 1.000000000000000000 ) ) ;
#8135 = DIRECTION ( 'NONE',  ( -1.000000000000000000, 1.014997778497068052E-15, 0.000000000000000000 ) ) ;
#8136 = FACE_OUTER_BOUND ( 'NONE', #8739, .T. ) ;
#8137 = CARTESIAN_POINT ( 'NONE',  ( -8.521752727684591022, 4.349999999999999645, -1.236036465452655886 ) ) ;
#8138 = EDGE_CURVE ( 'NONE', #748, #2138, #5697, .T. ) ;
#8139 = ORIENTED_EDGE ( 'NONE', *, *, #1514, .F. ) ;
#8141 = EDGE_LOOP ( 'NONE', ( #6412, #2844, #4600, #5084 ) ) ;
#8140 = ORIENTED_EDGE ( 'NONE', *, *, #3772, .T. ) ;
#8142 = CARTESIAN_POINT ( 'NONE',  ( -8.498759174235928526, 3.100000000000000089, 1.007357643635109934 ) ) ;
#8143 = AXIS2_PLACEMENT_3D ( 'NONE', #5083, #5280, #2151 ) ;
#8144 = PLANE ( 'NONE',  #7450 ) ;
#8145 = CARTESIAN_POINT ( 'NONE',  ( 8.666843969807048964, 0.2000000000000000111, 0.000000000000000000 ) ) ;
#8146 = LINE ( 'NONE', #762, #8074 ) ;
#8147 = ORIENTED_EDGE ( 'NONE', *, *, #2953, .T. ) ;
#8148 = DIRECTION ( 'NONE',  ( 1.000000000000000000, 0.000000000000000000, 0.000000000000000000 ) ) ;
#8150 = ORIENTED_EDGE ( 'NONE', *, *, #8414, .F. ) ;
#8149 = ORIENTED_EDGE ( 'NONE', *, *, #4587, .F. ) ;
#8151 = DIRECTION ( 'NONE',  ( 0.000000000000000000, 0.000000000000000000, 1.000000000000000000 ) ) ;
#8152 = AXIS2_PLACEMENT_3D ( 'NONE', #18, #8931, #7443 ) ;
#8153 = EDGE_CURVE ( 'NONE', #1851, #8813, #2881, .T. ) ;
#8154 = DIRECTION ( 'NONE',  ( 0.000000000000000000, 0.000000000000000000, 1.000000000000000000 ) ) ;
#8155 = VERTEX_POINT ( 'NONE', #8232 ) ;
#8156 = DIRECTION ( 'NONE',  ( -9.735692977420849340E-16, 7.086709786881680907E-31, -1.000000000000000000 ) ) ;
#8157 = VERTEX_POINT ( 'NONE', #2827 ) ;
#8158 = VECTOR ( 'NONE', #3117, 1000.000000000000000 ) ;
#8159 = DIRECTION ( 'NONE',  ( 0.000000000000000000, 0.000000000000000000, -1.000000000000000000 ) ) ;
#8160 = ORIENTED_EDGE ( 'NONE', *, *, #2002, .F. ) ;
#8161 = CARTESIAN_POINT ( 'NONE',  ( -3.937644094699909836, 1.599999999999999867, 4.658858120127169933 ) ) ;
#8162 = LINE ( 'NONE', #7467, #1460 ) ;
#8163 = EDGE_CURVE ( 'NONE', #7386, #2885, #17, .T. ) ;
#8164 = CARTESIAN_POINT ( 'NONE',  ( -3.520000000000000018, -7.269011204192789677, -0.1499999999999999944 ) ) ;
#8165 = LINE ( 'NONE', #6577, #7448 ) ;
#8166 = FACE_OUTER_BOUND ( 'NONE', #7827, .T. ) ;
#8167 = ORIENTED_EDGE ( 'NONE', *, *, #6957, .T. ) ;
#8168 = ORIENTED_EDGE ( 'NONE', *, *, #3791, .F. ) ;
#8169 = EDGE_CURVE ( 'NONE', #8767, #1068, #6319, .T. ) ;
#8170 = DIRECTION ( 'NONE',  ( 0.000000000000000000, 1.000000000000000000, 0.000000000000000000 ) ) ;
#8171 = DIRECTION ( 'NONE',  ( 1.000000000000000000, 0.000000000000000000, -1.819572328111074956E-16 ) ) ;
#8172 = FACE_OUTER_BOUND ( 'NONE', #7569, .T. ) ;
#8173 = PLANE ( 'NONE',  #1118 ) ;
#8174 = CARTESIAN_POINT ( 'NONE',  ( 1.177133787269989901E-14, 5.000000000000000000, 2.850000000000035172 ) ) ;
#8175 = ORIENTED_EDGE ( 'NONE', *, *, #1799, .F. ) ;
#8176 = ORIENTED_EDGE ( 'NONE', *, *, #1512, .T. ) ;
#8177 = LINE ( 'NONE', #4257, #7616 ) ;
#8178 = VERTEX_POINT ( 'NONE', #6698 ) ;
#8179 = AXIS2_PLACEMENT_3D ( 'NONE', #5902, #4459, #9022 ) ;
#8180 = FACE_OUTER_BOUND ( 'NONE', #6474, .T. ) ;
#8181 = LINE ( 'NONE', #4318, #4227 ) ;
#8182 = DIRECTION ( 'NONE',  ( 0.000000000000000000, 0.000000000000000000, 1.000000000000000000 ) ) ;
#8183 = DIRECTION ( 'NONE',  ( 0.000000000000000000, -1.000000000000000000, 0.000000000000000000 ) ) ;
#8184 = EDGE_CURVE ( 'NONE', #3523, #1616, #5803, .T. ) ;
#8185 = VECTOR ( 'NONE', #7198, 1000.000000000000000 ) ;
#8187 = ORIENTED_EDGE ( 'NONE', *, *, #9449, .F. ) ;
#8186 = ORIENTED_EDGE ( 'NONE', *, *, #5591, .T. ) ;
#8188 = FACE_OUTER_BOUND ( 'NONE', #1988, .T. ) ;
#8189 = DIRECTION ( 'NONE',  ( 0.000000000000000000, 1.000000000000000000, 0.000000000000000000 ) ) ;
#8190 = CARTESIAN_POINT ( 'NONE',  ( 7.741843969807050030, 4.750000000000000000, -2.599999999999914824 ) ) ;
#8191 = ORIENTED_EDGE ( 'NONE', *, *, #8664, .F. ) ;
#8192 = CIRCLE ( 'NONE', #3447, 0.8250000000000001776 ) ;
#8193 = DIRECTION ( 'NONE',  ( 0.000000000000000000, 0.000000000000000000, 1.000000000000000000 ) ) ;
#8194 = AXIS2_PLACEMENT_3D ( 'NONE', #3024, #4607, #7637 ) ;
#8196 = EDGE_LOOP ( 'NONE', ( #2687, #6515, #9764, #2987 ) ) ;
#8195 = VERTEX_POINT ( 'NONE', #1493 ) ;
#8197 = DIRECTION ( 'NONE',  ( 0.000000000000000000, -1.000000000000000000, 1.011200765087772021E-15 ) ) ;
#8198 = ORIENTED_EDGE ( 'NONE', *, *, #7387, .F. ) ;
#8199 = CARTESIAN_POINT ( 'NONE',  ( -8.221900118789369216, 3.100000000000000089, 1.664270371162789974 ) ) ;
#8200 = ORIENTED_EDGE ( 'NONE', *, *, #4039, .F. ) ;
#8201 = AXIS2_PLACEMENT_3D ( 'NONE', #7164, #9437, #9594 ) ;
#8202 = DIRECTION ( 'NONE',  ( 1.000000000000000000, 0.000000000000000000, 0.000000000000000000 ) ) ;
#8203 = ORIENTED_EDGE ( 'NONE', *, *, #9047, .T. ) ;
#8204 = LINE ( 'NONE', #9603, #8271 ) ;
#8205 = LINE ( 'NONE', #4388, #3040 ) ;
#8206 = DIRECTION ( 'NONE',  ( -6.899820375075146989E-15, -0.7071067811865525687, -0.7071067811865424657 ) ) ;
#8207 = DIRECTION ( 'NONE',  ( -1.387778780781444098E-15, -1.000000000000000000, 0.000000000000000000 ) ) ;
#8208 = EDGE_CURVE ( 'NONE', #9203, #1851, #3626, .T. ) ;
#8209 = CARTESIAN_POINT ( 'NONE',  ( 0.000000000000000000, 5.599999999999999645, 0.000000000000000000 ) ) ;
#8210 = CIRCLE ( 'NONE', #3305, 0.2500000000000002220 ) ;
#8211 = VERTEX_POINT ( 'NONE', #5853 ) ;
#8212 = ORIENTED_EDGE ( 'NONE', *, *, #8118, .F. ) ;
#8213 = EDGE_CURVE ( 'NONE', #234, #6930, #1581, .T. ) ;
#8214 = EDGE_CURVE ( 'NONE', #8941, #234, #9629, .T. ) ;
#8215 = DIRECTION ( 'NONE',  ( -1.000000000000000000, 0.000000000000000000, 0.000000000000000000 ) ) ;
#8216 = CARTESIAN_POINT ( 'NONE',  ( 1.982223503636745043, 1.199999999999999956, -2.600000000000000089 ) ) ;
#8217 = LINE ( 'NONE', #7478, #7952 ) ;
#8218 = PLANE ( 'NONE',  #8079 ) ;
#8219 = LINE ( 'NONE', #9012, #2298 ) ;
#8220 = ORIENTED_EDGE ( 'NONE', *, *, #4284, .T. ) ;
#8221 = ORIENTED_EDGE ( 'NONE', *, *, #8711, .F. ) ;
#8222 = CARTESIAN_POINT ( 'NONE',  ( 4.869548233666040282, 5.250000000000000000, 5.899999999999999467 ) ) ;
#8223 = VERTEX_POINT ( 'NONE', #7395 ) ;
#8224 = VECTOR ( 'NONE', #1002, 1000.000000000000000 ) ;
#8225 = VECTOR ( 'NONE', #3052, 1000.000000000000114 ) ;
#8226 = VECTOR ( 'NONE', #4223, 1000.000000000000000 ) ;
#8227 = ADVANCED_FACE ( 'NONE', ( #3675 ), #7492, .F. ) ;
#8228 = LINE ( 'NONE', #3954, #9438 ) ;
#8229 = DIRECTION ( 'NONE',  ( 1.000000000000000000, 0.000000000000000000, -1.819572328111074956E-16 ) ) ;
#8230 = EDGE_CURVE ( 'NONE', #1302, #5274, #5112, .T. ) ;
#8231 = AXIS2_PLACEMENT_3D ( 'NONE', #5501, #2476, #6995 ) ;
#8232 = CARTESIAN_POINT ( 'NONE',  ( 7.741843969807050030, 0.8122259988819500176, -2.599999999999914824 ) ) ;
#8233 = CARTESIAN_POINT ( 'NONE',  ( -8.616843969807041148, 5.599999999999999645, 3.500000000000000000 ) ) ;
#8234 = AXIS2_PLACEMENT_3D ( 'NONE', #6121, #6970, #4535 ) ;
#8236 = ORIENTED_EDGE ( 'NONE', *, *, #2836, .T. ) ;
#8235 = VERTEX_POINT ( 'NONE', #3766 ) ;
#8237 = DIRECTION ( 'NONE',  ( 0.000000000000000000, 1.000000000000000000, 0.000000000000000000 ) ) ;
#8238 = AXIS2_PLACEMENT_3D ( 'NONE', #6880, #2426, #106 ) ;
#8239 = ADVANCED_FACE ( 'NONE', ( #8136 ), #6643, .T. ) ;
#8240 = VECTOR ( 'NONE', #9457, 1000.000000000000000 ) ;
#8241 = ADVANCED_FACE ( 'NONE', ( #1394 ), #2234, .F. ) ;
#8242 = VECTOR ( 'NONE', #5358, 1000.000000000000000 ) ;
#8243 = CARTESIAN_POINT ( 'NONE',  ( -8.516843969807039727, 1.899999999999999911, -0.9499999999999999556 ) ) ;
#8244 = LINE ( 'NONE', #4374, #5860 ) ;
#8245 = ORIENTED_EDGE ( 'NONE', *, *, #1263, .F. ) ;
#8247 = AXIS2_PLACEMENT_3D ( 'NONE', #6428, #2668, #5690 ) ;
#8246 = CARTESIAN_POINT ( 'NONE',  ( -8.666843969807048964, 1.300000000000000044, -1.250000000000000000 ) ) ;
#8249 = ORIENTED_EDGE ( 'NONE', *, *, #6263, .F. ) ;
#8248 = EDGE_LOOP ( 'NONE', ( #5296, #9711, #9789, #9058 ) ) ;
#8250 = VECTOR ( 'NONE', #9442, 1000.000000000000000 ) ;
#8251 = DIRECTION ( 'NONE',  ( 0.000000000000000000, 0.000000000000000000, 1.000000000000000000 ) ) ;
#8252 = ORIENTED_EDGE ( 'NONE', *, *, #9071, .T. ) ;
#8253 = CARTESIAN_POINT ( 'NONE',  ( 11.25000000000000000, 0.2000000000000000111, 2.600000000000000089 ) ) ;
#8254 = ORIENTED_EDGE ( 'NONE', *, *, #4411, .T. ) ;
#8255 = CIRCLE ( 'NONE', #9341, 0.8250000000000001776 ) ;
#8256 = LINE ( 'NONE', #5970, #483 ) ;
#8257 = EDGE_LOOP ( 'NONE', ( #2099, #6859, #7186, #8955 ) ) ;
#8258 = EDGE_CURVE ( 'NONE', #9105, #107, #2273, .T. ) ;
#8259 = DIRECTION ( 'NONE',  ( 1.040834085586084257E-14, -1.156482317317871331E-15, 1.000000000000000000 ) ) ;
#8260 = DIRECTION ( 'NONE',  ( -1.000000000000000000, 0.000000000000000000, 0.000000000000000000 ) ) ;
#8261 = FILL_AREA_STYLE_COLOUR ( '', #6502 ) ;
#8262 = DIRECTION ( 'NONE',  ( -1.000000000000000000, 7.279101552726949176E-16, 0.000000000000000000 ) ) ;
#8263 = CARTESIAN_POINT ( 'NONE',  ( -6.284114884038100257, 1.899999999999999911, 4.431714491667159805 ) ) ;
#8264 = VERTEX_POINT ( 'NONE', #5996 ) ;
#8265 = ORIENTED_EDGE ( 'NONE', *, *, #9445, .T. ) ;
#8266 = VECTOR ( 'NONE', #9284, 1000.000000000000000 ) ;
#8267 = AXIS2_PLACEMENT_3D ( 'NONE', #7175, #8764, #298 ) ;
#8268 = CARTESIAN_POINT ( 'NONE',  ( -1.619600095481739913E-15, 4.450000000000000178, 2.600000000000000089 ) ) ;
#8269 = CARTESIAN_POINT ( 'NONE',  ( -8.498759174235939184, 4.224547639922183961, -1.007357643635091948 ) ) ;
#8270 = CARTESIAN_POINT ( 'NONE',  ( 0.000000000000000000, 0.2000000000000000111, 4.250000000000000000 ) ) ;
#8271 = VECTOR ( 'NONE', #2903, 1000.000000000000000 ) ;
#8272 = CARTESIAN_POINT ( 'NONE',  ( 0.000000000000000000, 1.600000000000000089, -2.000000000000000000 ) ) ;
#8273 = CARTESIAN_POINT ( 'NONE',  ( 11.15000000000000036, 4.450000000000000178, -2.600000000000000089 ) ) ;
#8274 = VERTEX_POINT ( 'NONE', #9725 ) ;
#8275 = VECTOR ( 'NONE', #1064, 1000.000000000000000 ) ;
#8276 = EDGE_CURVE ( 'NONE', #5026, #5962, #6241, .T. ) ;
#8277 = ORIENTED_EDGE ( 'NONE', *, *, #252, .T. ) ;
#8278 = CARTESIAN_POINT ( 'NONE',  ( 4.869548233666040282, 5.599999999999999645, 5.899999999999999467 ) ) ;
#8279 = EDGE_CURVE ( 'NONE', #6680, #520, #3819, .T. ) ;
#8280 = ORIENTED_EDGE ( 'NONE', *, *, #4074, .F. ) ;
#8281 = DIRECTION ( 'NONE',  ( 0.000000000000000000, 0.000000000000000000, 1.000000000000000000 ) ) ;
#8282 = DIRECTION ( 'NONE',  ( 1.000000000000000000, -6.337024238047270084E-16, 0.000000000000000000 ) ) ;
#8283 = DIRECTION ( 'NONE',  ( 0.000000000000000000, 0.000000000000000000, -1.000000000000000000 ) ) ;
#8284 = LINE ( 'NONE', #5905, #1815 ) ;
#8285 = VERTEX_POINT ( 'NONE', #7041 ) ;
#8286 = PLANE ( 'NONE',  #4283 ) ;
#8287 = ADVANCED_FACE ( 'NONE', ( #1588 ), #2381, .F. ) ;
#8288 = ADVANCED_FACE ( 'NONE', ( #3025 ), #6095, .T. ) ;
#8289 = CARTESIAN_POINT ( 'NONE',  ( 8.766843969807048609, 4.450000000000000178, -2.008392021690039719 ) ) ;
#8290 = CARTESIAN_POINT ( 'NONE',  ( -8.596013001855778768, 4.215183462985569562, -1.129981802914943989 ) ) ;
#8291 = EDGE_LOOP ( 'NONE', ( #7674, #8455, #8574, #2588, #9272, #130, #605, #1398 ) ) ;
#8292 = FACE_OUTER_BOUND ( 'NONE', #5385, .T. ) ;
#8293 = EDGE_CURVE ( 'NONE', #6118, #4393, #9170, .T. ) ;
#8294 = CIRCLE ( 'NONE', #5131, 7.649999999999999467 ) ;
#8296 = ORIENTED_EDGE ( 'NONE', *, *, #1204, .T. ) ;
#8295 = ORIENTED_EDGE ( 'NONE', *, *, #9797, .T. ) ;
#8297 = ADVANCED_FACE ( 'NONE', ( #4608 ), #5455, .F. ) ;
#8298 = CARTESIAN_POINT ( 'NONE',  ( -3.520000000000000018, -7.269011204192789677, 0.1499999999999999944 ) ) ;
#8299 = CARTESIAN_POINT ( 'NONE',  ( -9.066843969807040438, 4.599999999999999645, -2.600000000000000089 ) ) ;
#8300 = ORIENTED_EDGE ( 'NONE', *, *, #2821, .F. ) ;
#8301 = CARTESIAN_POINT ( 'NONE',  ( -10.49184396980704115, 4.599999999999999645, 7.654042494670961551E-17 ) ) ;
#8302 = ORIENTED_EDGE ( 'NONE', *, *, #5868, .T. ) ;
#8303 = DIRECTION ( 'NONE',  ( 0.2588190451025285665, 0.9659258262890662028, 0.000000000000000000 ) ) ;
#8304 = ORIENTED_EDGE ( 'NONE', *, *, #677, .T. ) ;
#8305 = FACE_OUTER_BOUND ( 'NONE', #475, .T. ) ;
#8306 = CIRCLE ( 'NONE', #4024, 0.6250000000000000000 ) ;
#8307 = DIRECTION ( 'NONE',  ( -4.956352788505160310E-16, 0.000000000000000000, -1.000000000000000000 ) ) ;
#8308 = CARTESIAN_POINT ( 'NONE',  ( -8.498759174235939184, 4.224547639922179521, 1.007357643635103939 ) ) ;
#8309 = FACE_OUTER_BOUND ( 'NONE', #3571, .T. ) ;
#8310 = ADVANCED_FACE ( 'NONE', ( #8522 ), #69, .F. ) ;
#8311 = DIRECTION ( 'NONE',  ( 0.000000000000000000, 1.000000000000000000, 0.000000000000000000 ) ) ;
#8312 = VERTEX_POINT ( 'NONE', #4656 ) ;
#8313 = ORIENTED_EDGE ( 'NONE', *, *, #3090, .F. ) ;
#8314 = VECTOR ( 'NONE', #6430, 1000.000000000000000 ) ;
#8315 = EDGE_CURVE ( 'NONE', #4971, #4985, #6193, .T. ) ;
#8316 = DIRECTION ( 'NONE',  ( 0.000000000000000000, 0.000000000000000000, -1.000000000000000000 ) ) ;
#8317 = CARTESIAN_POINT ( 'NONE',  ( 0.000000000000000000, 1.399999999999999911, 0.000000000000000000 ) ) ;
#8318 = CARTESIAN_POINT ( 'NONE',  ( 6.360817557515700216, 5.599999999999999645, -4.250000000000000000 ) ) ;
#8319 = PLANE ( 'NONE',  #7758 ) ;
#8320 = DIRECTION ( 'NONE',  ( -0.2588190451025246253, -0.9659258262890674240, 0.000000000000000000 ) ) ;
#8321 = VERTEX_POINT ( 'NONE', #2436 ) ;
#8322 = ORIENTED_EDGE ( 'NONE', *, *, #5451, .T. ) ;
#8323 = EDGE_CURVE ( 'NONE', #9257, #5115, #8663, .T. ) ;
#8324 = LINE ( 'NONE', #5347, #2279 ) ;
#8325 = ORIENTED_EDGE ( 'NONE', *, *, #168, .T. ) ;
#8326 = LINE ( 'NONE', #853, #8811 ) ;
#8327 = DIRECTION ( 'NONE',  ( 0.2588190451025239036, 0.9659258262890675351, 0.000000000000000000 ) ) ;
#8328 = ADVANCED_FACE ( 'NONE', ( #3958 ), #5406, .T. ) ;
#8329 = CYLINDRICAL_SURFACE ( 'NONE', #646, 0.5999999999999998668 ) ;
#8330 = DIRECTION ( 'NONE',  ( 0.000000000000000000, 0.000000000000000000, 1.000000000000000000 ) ) ;
#8331 = EDGE_LOOP ( 'NONE', ( #2197, #912, #8077, #570 ) ) ;
#8332 = CARTESIAN_POINT ( 'NONE',  ( 0.000000000000000000, 1.600000000000000089, -5.485000000000000320 ) ) ;
#8333 = VECTOR ( 'NONE', #9723, 1000.000000000000000 ) ;
#8334 = EDGE_CURVE ( 'NONE', #8404, #3504, #6050, .T. ) ;
#8335 = CARTESIAN_POINT ( 'NONE',  ( 9.866843969807048254, 4.700000000000000178, -0.6250000000000000000 ) ) ;
#8336 = FACE_OUTER_BOUND ( 'NONE', #6251, .T. ) ;
#8337 = ORIENTED_EDGE ( 'NONE', *, *, #6210, .F. ) ;
#8338 = DIRECTION ( 'NONE',  ( 0.000000000000000000, 0.000000000000000000, 1.000000000000000000 ) ) ;
#8339 = AXIS2_PLACEMENT_3D ( 'NONE', #6033, #3659, #9757 ) ;
#8341 = ORIENTED_EDGE ( 'NONE', *, *, #5753, .F. ) ;
#8340 = ORIENTED_EDGE ( 'NONE', *, *, #1067, .F. ) ;
#8342 = DIRECTION ( 'NONE',  ( 0.000000000000000000, 1.000000000000000000, 0.000000000000000000 ) ) ;
#8343 = LINE ( 'NONE', #6858, #6016 ) ;
#8344 = EDGE_LOOP ( 'NONE', ( #6932, #5648, #7716, #773 ) ) ;
#8345 = DIRECTION ( 'NONE',  ( 0.000000000000000000, 1.000000000000000000, 0.000000000000000000 ) ) ;
#8346 = AXIS2_PLACEMENT_3D ( 'NONE', #7104, #6399, #7941 ) ;
#8347 = VERTEX_POINT ( 'NONE', #3863 ) ;
#8348 = VECTOR ( 'NONE', #8019, 1000.000000000000000 ) ;
#8349 = LINE ( 'NONE', #9339, #5065 ) ;
#8350 = ORIENTED_EDGE ( 'NONE', *, *, #1412, .F. ) ;
#8351 = ADVANCED_FACE ( 'NONE', ( #5305 ), #8329, .F. ) ;
#8352 = DIRECTION ( 'NONE',  ( 0.000000000000000000, -1.000000000000000000, -1.011200765087772021E-15 ) ) ;
#8353 = DIRECTION ( 'NONE',  ( 1.000000000000000000, 0.000000000000000000, -1.257045997084641872E-16 ) ) ;
#8354 = ORIENTED_EDGE ( 'NONE', *, *, #6746, .T. ) ;
#8355 = DIRECTION ( 'NONE',  ( 1.000000000000000000, 0.000000000000000000, -4.130293990420970474E-15 ) ) ;
#8356 = DIRECTION ( 'NONE',  ( -0.000000000000000000, 1.000000000000000000, 0.000000000000000000 ) ) ;
#8357 = VERTEX_POINT ( 'NONE', #808 ) ;
#8358 = EDGE_CURVE ( 'NONE', #748, #3906, #7585, .T. ) ;
#8359 = ORIENTED_EDGE ( 'NONE', *, *, #3577, .F. ) ;
#8360 = EDGE_CURVE ( 'NONE', #9145, #2672, #898, .T. ) ;
#8361 = EDGE_CURVE ( 'NONE', #1871, #395, #3910, .T. ) ;
#8362 = DIRECTION ( 'NONE',  ( 0.000000000000000000, 0.000000000000000000, -1.000000000000000000 ) ) ;
#8363 = CARTESIAN_POINT ( 'NONE',  ( 7.266843969807050385, 0.1685063394027645212, -2.000000000000000000 ) ) ;
#8365 = DIRECTION ( 'NONE',  ( 1.000000000000000000, 0.000000000000000000, 0.000000000000000000 ) ) ;
#8364 = VECTOR ( 'NONE', #6495, 1000.000000000000000 ) ;
#8366 = DIRECTION ( 'NONE',  ( 0.000000000000000000, -1.000000000000000000, 0.000000000000000000 ) ) ;
#8367 = DIRECTION ( 'NONE',  ( 0.000000000000000000, 1.000000000000000000, 0.000000000000000000 ) ) ;
#8368 = CARTESIAN_POINT ( 'NONE',  ( -8.666843969807048964, 1.300000000000000044, -1.250000000000000000 ) ) ;
#8369 = ORIENTED_EDGE ( 'NONE', *, *, #6664, .F. ) ;
#8370 = ORIENTED_EDGE ( 'NONE', *, *, #5207, .F. ) ;
#8371 = CARTESIAN_POINT ( 'NONE',  ( 3.140333448402504501, 2.257713872561240009, -1.220617149911500166 ) ) ;
#8372 = ORIENTED_EDGE ( 'NONE', *, *, #284, .F. ) ;
#8373 = EDGE_CURVE ( 'NONE', #2461, #7063, #3220, .T. ) ;
#8374 = DIRECTION ( 'NONE',  ( 7.080503983578760436E-16, 1.000000000000000000, 0.000000000000000000 ) ) ;
#8375 = DIRECTION ( 'NONE',  ( 0.000000000000000000, -1.000000000000000000, 0.000000000000000000 ) ) ;
#8376 = CARTESIAN_POINT ( 'NONE',  ( 0.000000000000000000, 5.599999999999999645, 0.000000000000000000 ) ) ;
#8377 = CARTESIAN_POINT ( 'NONE',  ( 0.9362378275758310719, 2.848299514202730087, -0.8797033309551630653 ) ) ;
#8378 = LINE ( 'NONE', #3173, #1691 ) ;
#8379 = VERTEX_POINT ( 'NONE', #2723 ) ;
#8380 = LINE ( 'NONE', #2975, #8718 ) ;
#8381 = VECTOR ( 'NONE', #1474, 1000.000000000000000 ) ;
#8382 = VECTOR ( 'NONE', #3071, 1000.000000000000000 ) ;
#8383 = CARTESIAN_POINT ( 'NONE',  ( 6.360817557515700216, 5.000000000000000000, -4.250000000000000000 ) ) ;
#8384 = DIRECTION ( 'NONE',  ( 1.000000000000000000, 4.047688110612550150E-15, 0.000000000000000000 ) ) ;
#8385 = ORIENTED_EDGE ( 'NONE', *, *, #7515, .T. ) ;
#8386 = AXIS2_PLACEMENT_3D ( 'NONE', #3881, #3783, #1651 ) ;
#8387 = CARTESIAN_POINT ( 'NONE',  ( -8.519483313600046515, 4.238500749810303780, 0.9777605053108034960 ) ) ;
#8388 = AXIS2_PLACEMENT_3D ( 'NONE', #7355, #6003, #2096 ) ;
#8390 = ORIENTED_EDGE ( 'NONE', *, *, #9581, .T. ) ;
#8389 = EDGE_LOOP ( 'NONE', ( #6029, #8200, #3215, #5432 ) ) ;
#8391 = DIRECTION ( 'NONE',  ( 0.000000000000000000, 0.000000000000000000, 1.000000000000000000 ) ) ;
#8392 = EDGE_CURVE ( 'NONE', #732, #2007, #8866, .T. ) ;
#8393 = DIRECTION ( 'NONE',  ( 1.000000000000000000, 0.000000000000000000, 0.000000000000000000 ) ) ;
#8394 = VECTOR ( 'NONE', #3009, 1000.000000000000114 ) ;
#8395 = EDGE_LOOP ( 'NONE', ( #5574, #8888, #925, #7829, #2170, #6942, #5584, #3460 ) ) ;
#8396 = DIRECTION ( 'NONE',  ( 0.000000000000000000, 0.000000000000000000, -1.000000000000000000 ) ) ;
#8397 = VECTOR ( 'NONE', #9273, 1000.000000000000000 ) ;
#8398 = VECTOR ( 'NONE', #6676, 1000.000000000000000 ) ;
#8399 = CARTESIAN_POINT ( 'NONE',  ( -8.163325866132991493, 39.49734969922095473, -3.789473684210525217 ) ) ;
#8400 = ORIENTED_EDGE ( 'NONE', *, *, #2496, .T. ) ;
#8401 = CIRCLE ( 'NONE', #2704, 9.000000000000000000 ) ;
#8402 = LINE ( 'NONE', #4576, #3994 ) ;
#8403 = DIRECTION ( 'NONE',  ( 0.000000000000000000, 1.000000000000000000, 0.000000000000000000 ) ) ;
#8404 = VERTEX_POINT ( 'NONE', #260 ) ;
#8405 = DIRECTION ( 'NONE',  ( -1.000000000000000000, 0.000000000000000000, 0.000000000000000000 ) ) ;
#8406 = LINE ( 'NONE', #6916, #2851 ) ;
#8407 = CIRCLE ( 'NONE', #8247, 0.5000000000000004441 ) ;
#8408 = EDGE_LOOP ( 'NONE', ( #3333, #4775, #6801, #7724 ) ) ;
#8410 = EDGE_CURVE ( 'NONE', #9295, #5874, #9467, .T. ) ;
#8409 = EDGE_LOOP ( 'NONE', ( #8212, #8701, #8390, #5795 ) ) ;
#8411 = ADVANCED_FACE ( 'NONE', ( #3370 ), #1141, .T. ) ;
#8412 = CARTESIAN_POINT ( 'NONE',  ( -11.25000000000000000, 4.349999999999999645, 2.100000000000000089 ) ) ;
#8413 = FACE_OUTER_BOUND ( 'NONE', #7945, .T. ) ;
#8414 = EDGE_CURVE ( 'NONE', #2370, #3922, #5692, .T. ) ;
#8415 = EDGE_CURVE ( 'NONE', #3620, #4484, #7879, .T. ) ;
#8416 = CARTESIAN_POINT ( 'NONE',  ( 3.937644094699915165, 3.200000000000000178, -4.658858120127169933 ) ) ;
#8417 = CARTESIAN_POINT ( 'NONE',  ( -3.899999999999999911, 5.599999999999999645, 5.637851296924620099E-16 ) ) ;
#8418 = DIRECTION ( 'NONE',  ( 0.9063077870366500477, -6.417115896461460263E-16, -0.4226182617406994413 ) ) ;
#8419 = CARTESIAN_POINT ( 'NONE',  ( -11.15000000000000036, 4.599999999999999645, -2.100000000000000089 ) ) ;
#8420 = CARTESIAN_POINT ( 'NONE',  ( 0.000000000000000000, 5.000000000000000000, 0.000000000000000000 ) ) ;
#8421 = ORIENTED_EDGE ( 'NONE', *, *, #8894, .F. ) ;
#8422 = ORIENTED_EDGE ( 'NONE', *, *, #6534, .T. ) ;
#8423 = AXIS2_PLACEMENT_3D ( 'NONE', #7072, #4687, #6924 ) ;
#8424 = AXIS2_PLACEMENT_3D ( 'NONE', #3057, #6079, #9684 ) ;
#8425 = EDGE_CURVE ( 'NONE', #2155, #2712, #1186, .T. ) ;
#8426 = VECTOR ( 'NONE', #3887, 1000.000000000000000 ) ;
#8427 = DIRECTION ( 'NONE',  ( -1.000000000000000000, 1.269309860470833935E-15, 0.000000000000000000 ) ) ;
#8428 = ORIENTED_EDGE ( 'NONE', *, *, #8323, .T. ) ;
#8429 = ADVANCED_FACE ( 'NONE', ( #1974 ), #3317, .T. ) ;
#8430 = VECTOR ( 'NONE', #4182, 1000.000000000000000 ) ;
#8431 = CARTESIAN_POINT ( 'NONE',  ( 3.449999999999999734, -16.05340546095174759, 5.030656020838629949 ) ) ;
#8432 = DIRECTION ( 'NONE',  ( 0.000000000000000000, 1.000000000000000000, 0.000000000000000000 ) ) ;
#8433 = CIRCLE ( 'NONE', #6691, 0.09999999999999766020 ) ;
#8434 = CARTESIAN_POINT ( 'NONE',  ( 10.65000000000000036, -1.871800315810854927E-14, 2.600000000000000089 ) ) ;
#8435 = LINE ( 'NONE', #4657, #8314 ) ;
#8436 = CARTESIAN_POINT ( 'NONE',  ( 0.000000000000000000, 0.2000000000000000111, 5.899999999999999467 ) ) ;
#8437 = ORIENTED_EDGE ( 'NONE', *, *, #4081, .T. ) ;
#8438 = DIRECTION ( 'NONE',  ( 7.279101552726930441E-16, 1.000000000000000000, 0.000000000000000000 ) ) ;
#8439 = DIRECTION ( 'NONE',  ( -1.000000000000000000, 0.000000000000000000, 7.477256361969000177E-17 ) ) ;
#8440 = EDGE_CURVE ( 'NONE', #9794, #9198, #2373, .T. ) ;
#8441 = FACE_OUTER_BOUND ( 'NONE', #4959, .T. ) ;
#8442 = ORIENTED_EDGE ( 'NONE', *, *, #5664, .T. ) ;
#8443 = PLANE ( 'NONE',  #9313 ) ;
#8445 = ORIENTED_EDGE ( 'NONE', *, *, #9140, .F. ) ;
#8444 = ORIENTED_EDGE ( 'NONE', *, *, #6851, .T. ) ;
#8446 = DIRECTION ( 'NONE',  ( -0.9659258262890674240, 0.2588190451025237371, 0.000000000000000000 ) ) ;
#8447 = CARTESIAN_POINT ( 'NONE',  ( -8.644778601307470112, 4.215124125971804858, 1.054980942390976173 ) ) ;
#8448 = VERTEX_POINT ( 'NONE', #1094 ) ;
#8449 = DIRECTION ( 'NONE',  ( 0.000000000000000000, 0.000000000000000000, -1.000000000000000000 ) ) ;
#8450 = DIRECTION ( 'NONE',  ( -1.000000000000000000, 0.000000000000000000, 9.757819552369560416E-15 ) ) ;
#8451 = ORIENTED_EDGE ( 'NONE', *, *, #6160, .T. ) ;
#8452 = LINE ( 'NONE', #6863, #9699 ) ;
#8453 = CARTESIAN_POINT ( 'NONE',  ( 0.6567072627920620409, 2.767908076234845360, 0.8916732152004989143 ) ) ;
#8454 = EDGE_CURVE ( 'NONE', #8942, #9154, #4105, .T. ) ;
#8455 = ORIENTED_EDGE ( 'NONE', *, *, #5217, .T. ) ;
#8456 = CARTESIAN_POINT ( 'NONE',  ( 11.44999999999999929, 2.250000000000000000, 2.600000000000000089 ) ) ;
#8457 = DIRECTION ( 'NONE',  ( 0.000000000000000000, 0.000000000000000000, 1.000000000000000000 ) ) ;
#8458 = EDGE_LOOP ( 'NONE', ( #9296, #6196, #8495, #7698, #6432, #7622 ) ) ;
#8459 = ORIENTED_EDGE ( 'NONE', *, *, #5936, .F. ) ;
#8460 = CARTESIAN_POINT ( 'NONE',  ( -11.25000000000000000, 1.500000000000000000, -2.100000000000000089 ) ) ;
#8461 = DIRECTION ( 'NONE',  ( -0.000000000000000000, 1.000000000000000000, 0.000000000000000000 ) ) ;
#8462 = EDGE_CURVE ( 'NONE', #6207, #2357, #1235, .T. ) ;
#8463 = DIRECTION ( 'NONE',  ( -1.000000000000000000, 0.000000000000000000, 9.757819552369560416E-15 ) ) ;
#8464 = PRODUCT ( 'SMTU1632-LF', 'SMTU1632-LF', '', ( #8979 ) ) ;
#8465 = CARTESIAN_POINT ( 'NONE',  ( -8.630785901217443268, 4.217361614082217436, -1.099841749331383900 ) ) ;
#8466 = DIRECTION ( 'NONE',  ( 0.000000000000000000, 0.000000000000000000, 1.000000000000000000 ) ) ;
#8467 = PLANE ( 'NONE',  #1901 ) ;
#8468 = FACE_BOUND ( 'NONE', #163, .T. ) ;
#8469 = VERTEX_POINT ( 'NONE', #1925 ) ;
#8470 = EDGE_LOOP ( 'NONE', ( #403, #6612, #5060, #1845 ) ) ;
#8471 = AXIS2_PLACEMENT_3D ( 'NONE', #7535, #6789, #9077 ) ;
#8472 = CARTESIAN_POINT ( 'NONE',  ( 0.000000000000000000, 5.000000000000000000, 0.000000000000000000 ) ) ;
#8473 = ORIENTED_EDGE ( 'NONE', *, *, #7369, .F. ) ;
#8474 = PLANE ( 'NONE',  #6422 ) ;
#8475 = DIRECTION ( 'NONE',  ( 0.000000000000000000, 0.000000000000000000, 1.000000000000000000 ) ) ;
#8476 = DIRECTION ( 'NONE',  ( 5.069866942725959781E-16, 0.000000000000000000, -1.000000000000000000 ) ) ;
#8477 = DIRECTION ( 'NONE',  ( 0.000000000000000000, -1.000000000000000000, 0.000000000000000000 ) ) ;
#8478 = VERTEX_POINT ( 'NONE', #361 ) ;
#8479 = B_SPLINE_CURVE_WITH_KNOTS ( 'NONE', 3,
 ( #6734, #2323, #6837, #8222 ),
 .UNSPECIFIED., .F., .F.,
 ( 4, 4 ),
 ( 7.461327794363650336E-18, 0.0006378346064421249167 ),
 .UNSPECIFIED. ) ;
#8480 = FACE_OUTER_BOUND ( 'NONE', #9368, .T. ) ;
#8481 = DIRECTION ( 'NONE',  ( 7.279101552726930441E-16, 1.000000000000000000, 0.000000000000000000 ) ) ;
#8482 = EDGE_CURVE ( 'NONE', #2171, #209, #6286, .T. ) ;
#8483 = CARTESIAN_POINT ( 'NONE',  ( 9.866843969807048254, 5.000000000000000000, 0.000000000000000000 ) ) ;
#8484 = ORIENTED_EDGE ( 'NONE', *, *, #610, .F. ) ;
#8485 = LINE ( 'NONE', #3971, #8679 ) ;
#8487 = ORIENTED_EDGE ( 'NONE', *, *, #1834, .F. ) ;
#8486 = ORIENTED_EDGE ( 'NONE', *, *, #1383, .T. ) ;
#8488 = VECTOR ( 'NONE', #5206, 1000.000000000000000 ) ;
#8489 = CARTESIAN_POINT ( 'NONE',  ( -8.666843969807040082, 4.315000000000000391, 0.9499999999999999556 ) ) ;
#8490 = CARTESIAN_POINT ( 'NONE',  ( -9.241843969807048254, 4.599999999999999645, 0.000000000000000000 ) ) ;
#8491 = ORIENTED_EDGE ( 'NONE', *, *, #9528, .F. ) ;
#8492 = DIRECTION ( 'NONE',  ( 0.000000000000000000, 1.000000000000000000, 0.000000000000000000 ) ) ;
#8493 = VECTOR ( 'NONE', #2868, 1000.000000000000000 ) ;
#8494 = FACE_OUTER_BOUND ( 'NONE', #3534, .T. ) ;
#8495 = ORIENTED_EDGE ( 'NONE', *, *, #8839, .T. ) ;
#8496 = CARTESIAN_POINT ( 'NONE',  ( 9.266843969807048609, 4.599999999999999645, -2.600000000000000089 ) ) ;
#8497 = CARTESIAN_POINT ( 'NONE',  ( -12.14999999999999858, 1.600000000000000089, -2.000000000000000000 ) ) ;
#8498 = EDGE_LOOP ( 'NONE', ( #2016, #1211, #3063, #1374 ) ) ;
#8499 = CARTESIAN_POINT ( 'NONE',  ( -3.899999999999999911, 5.599999999999999645, -7.250000000000000000 ) ) ;
#8500 = VECTOR ( 'NONE', #8595, 1000.000000000000000 ) ;
#8501 = CARTESIAN_POINT ( 'NONE',  ( -10.65000000000000036, 4.599999999999999645, 2.600000000000000089 ) ) ;
#8502 = VERTEX_POINT ( 'NONE', #6482 ) ;
#8503 = EDGE_LOOP ( 'NONE', ( #8830, #3391, #2678, #996 ) ) ;
#8504 = AXIS2_PLACEMENT_3D ( 'NONE', #5312, #9275, #6897 ) ;
#8505 = CARTESIAN_POINT ( 'NONE',  ( -7.290260522564540047, 1.899999999999999911, -2.994789603513335230 ) ) ;
#8506 = DIRECTION ( 'NONE',  ( -2.220109818077595013E-15, 1.000000000000000000, 4.181846176523925244E-15 ) ) ;
#8507 = PLANE ( 'NONE',  #6044 ) ;
#8508 = CARTESIAN_POINT ( 'NONE',  ( 6.777720855862980009, 1.600000000000000089, -4.250000000000000000 ) ) ;
#8509 = ADVANCED_FACE ( 'NONE', ( #6339 ), #4800, .T. ) ;
#8510 = VECTOR ( 'NONE', #9081, 1000.000000000000000 ) ;
#8511 = LINE ( 'NONE', #3945, #8554 ) ;
#8512 = LINE ( 'NONE', #7673, #7920 ) ;
#8513 = AXIS2_PLACEMENT_3D ( 'NONE', #1183, #2667, #5689 ) ;
#8514 = VERTEX_POINT ( 'NONE', #1047 ) ;
#8515 = ADVANCED_FACE ( 'NONE', ( #2523 ), #454, .T. ) ;
#8516 = ADVANCED_FACE ( 'NONE', ( #310 ), #2578, .F. ) ;
#8517 = DIRECTION ( 'NONE',  ( 1.000000000000000000, 0.000000000000000000, 9.757819552369560416E-15 ) ) ;
#8518 = ORIENTED_EDGE ( 'NONE', *, *, #6683, .F. ) ;
#8519 = VECTOR ( 'NONE', #3437, 1000.000000000000000 ) ;
#8520 = CARTESIAN_POINT ( 'NONE',  ( 11.15000000000000036, 4.349999999999999645, 2.100000000000000089 ) ) ;
#8521 = DIRECTION ( 'NONE',  ( 0.000000000000000000, -1.000000000000000000, 0.000000000000000000 ) ) ;
#8522 = FACE_OUTER_BOUND ( 'NONE', #7332, .T. ) ;
#8523 = DIRECTION ( 'NONE',  ( -0.5735764363510417185, 3.686657150019163557E-16, -0.8191520442889946851 ) ) ;
#8524 = FACE_OUTER_BOUND ( 'NONE', #6692, .T. ) ;
#8525 = VERTEX_POINT ( 'NONE', #5600 ) ;
#8526 = ADVANCED_FACE ( 'NONE', ( #7925 ), #4156, .T. ) ;
#8527 = DIRECTION ( 'NONE',  ( 7.279101552726930441E-16, 1.000000000000000000, 0.000000000000000000 ) ) ;
#8528 = AXIS2_PLACEMENT_3D ( 'NONE', #3228, #1692, #9128 ) ;
#8529 = EDGE_CURVE ( 'NONE', #9349, #257, #8716, .T. ) ;
#8530 = ADVANCED_FACE ( 'NONE', ( #6537 ), #8218, .F. ) ;
#8531 = CARTESIAN_POINT ( 'NONE',  ( 0.000000000000000000, 0.2000000000000000111, 4.250000000000000000 ) ) ;
#8532 = DIRECTION ( 'NONE',  ( 0.000000000000000000, 0.000000000000000000, 1.000000000000000000 ) ) ;
#8533 = EDGE_CURVE ( 'NONE', #2038, #8235, #7917, .T. ) ;
#8534 = EDGE_LOOP ( 'NONE', ( #3995, #9017, #3665, #3705, #9405, #5313, #5253, #4575 ) ) ;
#8535 = EDGE_CURVE ( 'NONE', #4770, #7729, #2871, .T. ) ;
#8536 = DIRECTION ( 'NONE',  ( -1.000000000000000000, 3.469446951953611033E-15, 0.000000000000000000 ) ) ;
#8537 = VECTOR ( 'NONE', #548, 1000.000000000000114 ) ;
#8539 = ORIENTED_EDGE ( 'NONE', *, *, #3990, .F. ) ;
#8538 = ORIENTED_EDGE ( 'NONE', *, *, #3698, .F. ) ;
#8540 = DIRECTION ( 'NONE',  ( -1.000000000000000000, 7.279101552726930441E-16, 0.000000000000000000 ) ) ;
#8541 = LINE ( 'NONE', #1016, #9661 ) ;
#8542 = ADVANCED_FACE ( 'NONE', ( #1379 ), #7480, .F. ) ;
#8543 = VERTEX_POINT ( 'NONE', #5842 ) ;
#8544 = ADVANCED_FACE ( 'NONE', ( #5046 ), #6730, .F. ) ;
#8545 = CARTESIAN_POINT ( 'NONE',  ( 3.899999999999999911, 1.600000000000000089, -5.637851296924620099E-16 ) ) ;
#8546 = AXIS2_PLACEMENT_3D ( 'NONE', #566, #4412, #7442 ) ;
#8547 = VECTOR ( 'NONE', #498, 1000.000000000000000 ) ;
#8548 = DIRECTION ( 'NONE',  ( -1.011922027653276101E-14, 0.000000000000000000, 1.000000000000000000 ) ) ;
#8549 = ORIENTED_EDGE ( 'NONE', *, *, #116, .F. ) ;
#8550 = VECTOR ( 'NONE', #9433, 1000.000000000000000 ) ;
#8551 = DIRECTION ( 'NONE',  ( 0.000000000000000000, 0.000000000000000000, 1.000000000000000000 ) ) ;
#8552 = PLANE ( 'NONE',  #91 ) ;
#8553 = EDGE_LOOP ( 'NONE', ( #8729, #1054, #3232, #7796, #2696, #7737, #4639 ) ) ;
#8554 = VECTOR ( 'NONE', #3756, 1000.000000000000000 ) ;
#8555 = PLANE ( 'NONE',  #8881 ) ;
#8556 = LINE ( 'NONE', #6312, #957 ) ;
#8557 = AXIS2_PLACEMENT_3D ( 'NONE', #4282, #7412, #7317 ) ;
#8558 = ORIENTED_EDGE ( 'NONE', *, *, #8360, .T. ) ;
#8559 = ORIENTED_EDGE ( 'NONE', *, *, #687, .T. ) ;
#8560 = AXIS2_PLACEMENT_3D ( 'NONE', #3307, #7221, #6380 ) ;
#8561 =( GEOMETRIC_REPRESENTATION_CONTEXT ( 3 ) GLOBAL_UNCERTAINTY_ASSIGNED_CONTEXT ( ( #4642 ) ) GLOBAL_UNIT_ASSIGNED_CONTEXT ( ( #1472, #2308, #5380 ) ) REPRESENTATION_CONTEXT ( 'NONE', 'WORKASPACE' ) );
#8562 = CYLINDRICAL_SURFACE ( 'NONE', #3352, 0.8250000000000001776 ) ;
#8563 = PLANE ( 'NONE',  #5709 ) ;
#8564 = ORIENTED_EDGE ( 'NONE', *, *, #3324, .F. ) ;
#8565 = AXIS2_PLACEMENT_3D ( 'NONE', #1200, #467, #3680 ) ;
#8566 = CARTESIAN_POINT ( 'NONE',  ( -11.44999999999999929, 0.2000000000000000111, -2.600000000000000089 ) ) ;
#8567 = DIRECTION ( 'NONE',  ( 1.000000000000000000, 0.000000000000000000, 0.000000000000000000 ) ) ;
#8568 = CARTESIAN_POINT ( 'NONE',  ( -4.649999999999999467, 5.599999999999999645, 5.899999999999999467 ) ) ;
#8569 = VECTOR ( 'NONE', #4055, 1000.000000000000000 ) ;
#8570 = DIRECTION ( 'NONE',  ( 0.000000000000000000, 1.000000000000000000, 0.000000000000000000 ) ) ;
#8571 = EDGE_LOOP ( 'NONE', ( #5907, #2966, #8047, #6947 ) ) ;
#8572 = VECTOR ( 'NONE', #2384, 1000.000000000000000 ) ;
#8573 = DIRECTION ( 'NONE',  ( 0.000000000000000000, 0.000000000000000000, 1.000000000000000000 ) ) ;
#8574 = ORIENTED_EDGE ( 'NONE', *, *, #5014, .F. ) ;
#8575 = AXIS2_PLACEMENT_3D ( 'NONE', #3092, #4028, #6158 ) ;
#8576 = CARTESIAN_POINT ( 'NONE',  ( -8.766843969807039727, 4.450000000000000178, 2.600000000000000089 ) ) ;
#8577 = FACE_OUTER_BOUND ( 'NONE', #6107, .T. ) ;
#8578 = DIRECTION ( 'NONE',  ( 0.000000000000000000, 1.000000000000000000, 0.000000000000000000 ) ) ;
#8579 = EDGE_CURVE ( 'NONE', #1523, #1157, #8876, .T. ) ;
#8580 = CARTESIAN_POINT ( 'NONE',  ( -8.416843969807029424, 3.100000000000000089, 0.9499999999999999556 ) ) ;
#8581 = VECTOR ( 'NONE', #8449, 1000.000000000000000 ) ;
#8582 = LINE ( 'NONE', #7734, #5302 ) ;
#8583 = EDGE_CURVE ( 'NONE', #9681, #8321, #6586, .T. ) ;
#8584 = DIRECTION ( 'NONE',  ( 8.631814769834220156E-16, -1.000000000000000000, -1.170249963952621922E-15 ) ) ;
#8585 = DIRECTION ( 'NONE',  ( 0.000000000000000000, 0.000000000000000000, 1.000000000000000000 ) ) ;
#8586 = AXIS2_PLACEMENT_3D ( 'NONE', #102, #3303, #3208 ) ;
#8587 = VECTOR ( 'NONE', #1276, 1000.000000000000000 ) ;
#8588 = CARTESIAN_POINT ( 'NONE',  ( 10.65000000000000036, -1.871800315810854927E-14, -2.600000000000000089 ) ) ;
#8589 = LINE ( 'NONE', #6493, #1722 ) ;
#8590 = ADVANCED_FACE ( 'NONE', ( #705 ), #6652, .T. ) ;
#8591 = ORIENTED_EDGE ( 'NONE', *, *, #1241, .F. ) ;
#8592 = CARTESIAN_POINT ( 'NONE',  ( -11.50000000000000000, 0.2500000000000109912, 1.750000000000000000 ) ) ;
#8594 = VERTEX_POINT ( 'NONE', #1291 ) ;
#8593 = ORIENTED_EDGE ( 'NONE', *, *, #1503, .F. ) ;
#8595 = DIRECTION ( 'NONE',  ( -1.000000000000000000, 0.000000000000000000, 7.477256361969000177E-17 ) ) ;
#8596 = CARTESIAN_POINT ( 'NONE',  ( 0.000000000000000000, 1.600000000000000089, 1.250000000000000000 ) ) ;
#8597 = EDGE_CURVE ( 'NONE', #7865, #4264, #5195, .T. ) ;
#8598 = ORIENTED_EDGE ( 'NONE', *, *, #671, .F. ) ;
#8599 = EDGE_CURVE ( 'NONE', #9276, #4403, #2818, .T. ) ;
#8600 = EDGE_CURVE ( 'NONE', #6598, #4454, #9617, .T. ) ;
#8601 = DIRECTION ( 'NONE',  ( 0.000000000000000000, -1.000000000000000000, 0.000000000000000000 ) ) ;
#8602 = ORIENTED_EDGE ( 'NONE', *, *, #186, .F. ) ;
#8603 = CARTESIAN_POINT ( 'NONE',  ( -7.339460646826500678, 1.899999999999999911, 2.663007524773979728 ) ) ;
#8604 = DIRECTION ( 'NONE',  ( 7.279101552726930441E-16, 1.000000000000000000, 0.000000000000000000 ) ) ;
#8605 = VERTEX_POINT ( 'NONE', #4401 ) ;
#8606 = CARTESIAN_POINT ( 'NONE',  ( 0.000000000000000000, 1.600000000000000089, -2.600000000000000089 ) ) ;
#8607 = CARTESIAN_POINT ( 'NONE',  ( 0.000000000000000000, 0.2000000000000000111, -5.899999999999999467 ) ) ;
#8608 = ORIENTED_EDGE ( 'NONE', *, *, #3165, .T. ) ;
#8609 = VERTEX_POINT ( 'NONE', #5146 ) ;
#8610 = LINE ( 'NONE', #7403, #1230 ) ;
#8611 = DIRECTION ( 'NONE',  ( 0.000000000000000000, -1.000000000000000000, 0.000000000000000000 ) ) ;
#8612 = VERTEX_POINT ( 'NONE', #1336 ) ;
#8613 = DIRECTION ( 'NONE',  ( 1.000000000000000000, 0.000000000000000000, 0.000000000000000000 ) ) ;
#8614 = EDGE_CURVE ( 'NONE', #3223, #9646, #488, .T. ) ;
#8615 = CARTESIAN_POINT ( 'NONE',  ( 2.669227416313564749, 1.600000000000000089, -5.485000000000000320 ) ) ;
#8616 = CARTESIAN_POINT ( 'NONE',  ( -6.892847126266089752, 4.363983922714253881E-15, -3.384271388083250454 ) ) ;
#8617 = DIRECTION ( 'NONE',  ( 0.000000000000000000, 0.000000000000000000, 1.000000000000000000 ) ) ;
#8618 = VECTOR ( 'NONE', #8427, 1000.000000000000000 ) ;
#8619 = ORIENTED_EDGE ( 'NONE', *, *, #2375, .F. ) ;
#8620 = CARTESIAN_POINT ( 'NONE',  ( -3.449999999999999734, 1.300000000000000044, 5.850000000000000533 ) ) ;
#8621 = ORIENTED_EDGE ( 'NONE', *, *, #6906, .F. ) ;
#8622 = CARTESIAN_POINT ( 'NONE',  ( 0.000000000000000000, 5.250000000000000000, 0.000000000000000000 ) ) ;
#8623 = FACE_OUTER_BOUND ( 'NONE', #9357, .T. ) ;
#8624 = DIRECTION ( 'NONE',  ( -8.850629979473498616E-17, 8.983369767465150180E-32, 1.000000000000000000 ) ) ;
#8625 = CARTESIAN_POINT ( 'NONE',  ( -9.866843969807048254, 4.599999999999999645, 0.000000000000000000 ) ) ;
#8626 = AXIS2_PLACEMENT_3D ( 'NONE', #4490, #7516, #9796 ) ;
#8627 = CARTESIAN_POINT ( 'NONE',  ( 13.84999999999999964, 0.000000000000000000, 2.600000000000000089 ) ) ;
#8628 = ADVANCED_FACE ( 'NONE', ( #9666 ), #8173, .F. ) ;
#8629 = DIRECTION ( 'NONE',  ( 0.4055797876726329743, -0.7071067811865519026, -0.5792279653395678851 ) ) ;
#8630 = CARTESIAN_POINT ( 'NONE',  ( 6.360817557515700216, 5.599999999999999645, 4.250000000000000000 ) ) ;
#8631 = EDGE_CURVE ( 'NONE', #7890, #550, #3662, .T. ) ;
#8632 = EDGE_CURVE ( 'NONE', #6950, #512, #8962, .T. ) ;
#8633 = DIRECTION ( 'NONE',  ( -0.2588190451025246253, -0.9659258262890674240, 0.000000000000000000 ) ) ;
#8634 = EDGE_LOOP ( 'NONE', ( #5663, #3459, #894, #6967 ) ) ;
#8635 = DIRECTION ( 'NONE',  ( -1.000000000000000000, 0.000000000000000000, 0.000000000000000000 ) ) ;
#8637 = EDGE_LOOP ( 'NONE', ( #388, #6355, #8473, #37, #8810, #8538 ) ) ;
#8636 = VERTEX_POINT ( 'NONE', #5488 ) ;
#8638 = LINE ( 'NONE', #378, #9293 ) ;
#8639 = DIRECTION ( 'NONE',  ( 0.000000000000000000, -1.000000000000000000, 0.000000000000000000 ) ) ;
#8640 = ORIENTED_EDGE ( 'NONE', *, *, #6960, .T. ) ;
#8641 = ADVANCED_FACE ( 'NONE', ( #9161 ), #8467, .F. ) ;
#8642 = CARTESIAN_POINT ( 'NONE',  ( 7.741843969807050030, 5.000000000000000000, 2.850000000000000089 ) ) ;
#8643 = EDGE_LOOP ( 'NONE', ( #6526, #8897, #1715, #4952 ) ) ;
#8644 = LINE ( 'NONE', #8750, #4470 ) ;
#8645 = DIRECTION ( 'NONE',  ( 1.000000000000000000, 0.000000000000000000, 0.000000000000000000 ) ) ;
#8647 = VERTEX_POINT ( 'NONE', #7627 ) ;
#8646 = EDGE_LOOP ( 'NONE', ( #7456, #4119, #9516, #6862 ) ) ;
#8648 = CARTESIAN_POINT ( 'NONE',  ( -8.416843969807059622, 4.349999999999999645, -0.9499999999999999556 ) ) ;
#8649 = DIRECTION ( 'NONE',  ( 0.000000000000000000, -1.000000000000000000, -1.341406379758543975E-15 ) ) ;
#8650 = VERTEX_POINT ( 'NONE', #3210 ) ;
#8651 = ORIENTED_EDGE ( 'NONE', *, *, #2309, .T. ) ;
#8652 = VECTOR ( 'NONE', #5462, 1000.000000000000000 ) ;
#8653 = EDGE_CURVE ( 'NONE', #9643, #353, #9112, .T. ) ;
#8654 = DIRECTION ( 'NONE',  ( -0.9659258262890672020, 0.2588190451025245697, 0.000000000000000000 ) ) ;
#8655 = DIRECTION ( 'NONE',  ( -1.000000000000000000, 0.000000000000000000, -1.819572328111074956E-16 ) ) ;
#8656 = ORIENTED_EDGE ( 'NONE', *, *, #4329, .T. ) ;
#8657 = DIRECTION ( 'NONE',  ( 0.000000000000000000, 0.000000000000000000, 1.000000000000000000 ) ) ;
#8658 = DIRECTION ( 'NONE',  ( -0.000000000000000000, 1.000000000000000000, 0.000000000000000000 ) ) ;
#8659 = LINE ( 'NONE', #9361, #8240 ) ;
#8660 = PLANE ( 'NONE',  #4278 ) ;
#8661 = ORIENTED_EDGE ( 'NONE', *, *, #3004, .F. ) ;
#8662 = CARTESIAN_POINT ( 'NONE',  ( 11.15000000000000036, 4.349999999999999645, -2.100000000000000089 ) ) ;
#8663 = B_SPLINE_CURVE_WITH_KNOTS ( 'NONE', 3,
 ( #855, #2329, #9076, #2282 ),
 .UNSPECIFIED., .F., .F.,
 ( 4, 4 ),
 ( 0.000000000000000000, 0.0005443421352172169402 ),
 .UNSPECIFIED. ) ;
#8664 = EDGE_CURVE ( 'NONE', #4264, #5531, #1627, .T. ) ;
#8665 = EDGE_LOOP ( 'NONE', ( #8591, #3151, #1896, #2596 ) ) ;
#8666 = EDGE_CURVE ( 'NONE', #7729, #1249, #5386, .T. ) ;
#8667 = VECTOR ( 'NONE', #8342, 1000.000000000000000 ) ;
#8668 = TOROIDAL_SURFACE ( 'NONE', #4392, 0.05139320225002090570, 0.2999999999999999889 ) ;
#8669 = FACE_OUTER_BOUND ( 'NONE', #2489, .T. ) ;
#8671 = AXIS2_PLACEMENT_3D ( 'NONE', #6094, #15, #9119 ) ;
#8670 = DIRECTION ( 'NONE',  ( 0.000000000000000000, 0.000000000000000000, -1.000000000000000000 ) ) ;
#8672 = LINE ( 'NONE', #1234, #9520 ) ;
#8673 = CARTESIAN_POINT ( 'NONE',  ( 0.000000000000000000, 5.599999999999999645, 0.000000000000000000 ) ) ;
#8674 = LINE ( 'NONE', #2579, #4031 ) ;
#8675 = VERTEX_POINT ( 'NONE', #5294 ) ;
#8676 = CARTESIAN_POINT ( 'NONE',  ( 2.243176908590695184E-17, 1.399999999999999911, 0.1499999999999999944 ) ) ;
#8677 = LINE ( 'NONE', #313, #7608 ) ;
#8678 = EDGE_CURVE ( 'NONE', #1858, #2043, #2270, .T. ) ;
#8679 = VECTOR ( 'NONE', #6151, 1000.000000000000000 ) ;
#8680 = EDGE_CURVE ( 'NONE', #2852, #7903, #5550, .T. ) ;
#8681 = CARTESIAN_POINT ( 'NONE',  ( 9.866843969807048254, 4.349999999999999645, 0.000000000000000000 ) ) ;
#8682 = FACE_OUTER_BOUND ( 'NONE', #5834, .T. ) ;
#8683 = ORIENTED_EDGE ( 'NONE', *, *, #2415, .F. ) ;
#8684 = LINE ( 'NONE', #4910, #1264 ) ;
#8685 = AXIS2_PLACEMENT_3D ( 'NONE', #4760, #6149, #2339 ) ;
#8687 = ORIENTED_EDGE ( 'NONE', *, *, #4435, .F. ) ;
#8686 = ORIENTED_EDGE ( 'NONE', *, *, #8258, .T. ) ;
#8688 = CYLINDRICAL_SURFACE ( 'NONE', #9454, 8.000000000000000000 ) ;
#8689 = DIRECTION ( 'NONE',  ( 0.000000000000000000, -0.9999227320144775666, 0.01243100964134339313 ) ) ;
#8690 = ORIENTED_EDGE ( 'NONE', *, *, #9497, .F. ) ;
#8691 = LINE ( 'NONE', #4274, #5691 ) ;
#8692 = ORIENTED_EDGE ( 'NONE', *, *, #6120, .F. ) ;
#8693 = DIRECTION ( 'NONE',  ( 1.000000000000000000, 0.000000000000000000, -4.446310337143589687E-16 ) ) ;
#8694 = CARTESIAN_POINT ( 'NONE',  ( -11.50000000000000000, 0.2500000000000109912, -1.750000000000000000 ) ) ;
#8695 = EDGE_CURVE ( 'NONE', #9548, #4486, #8511, .T. ) ;
#8697 = VERTEX_POINT ( 'NONE', #4501 ) ;
#8696 = ORIENTED_EDGE ( 'NONE', *, *, #7994, .T. ) ;
#8698 = CARTESIAN_POINT ( 'NONE',  ( 4.649999999999999467, 5.599999999999999645, 5.074999999999999289 ) ) ;
#8699 = CARTESIAN_POINT ( 'NONE',  ( -9.066843969807040438, 4.450000000000000178, -2.600000000000000089 ) ) ;
#8700 = EDGE_LOOP ( 'NONE', ( #7655, #2090 ) ) ;
#8701 = ORIENTED_EDGE ( 'NONE', *, *, #4270, .F. ) ;
#8702 = LINE ( 'NONE', #9556, #1442 ) ;
#8703 = VERTEX_POINT ( 'NONE', #9254 ) ;
#8704 = VECTOR ( 'NONE', #8021, 1000.000000000000000 ) ;
#8705 = CARTESIAN_POINT ( 'NONE',  ( -8.766843969807039727, 4.599999999999999645, -0.9499999999999999556 ) ) ;
#8706 = DIRECTION ( 'NONE',  ( 0.000000000000000000, 0.000000000000000000, -1.000000000000000000 ) ) ;
#8707 = CIRCLE ( 'NONE', #1744, 0.8000000000000003775 ) ;
#8708 = CARTESIAN_POINT ( 'NONE',  ( -12.14999999999999858, 0.2000000000000000111, 3.500000000000000000 ) ) ;
#8709 = PLANE ( 'NONE',  #4121 ) ;
#8710 = EDGE_LOOP ( 'NONE', ( #4623, #3839, #7117, #7961, #5021, #3488, #2558, #8221, #4073, #4911, #4331, #7992, #3379, #2783 ) ) ;
#8711 = EDGE_CURVE ( 'NONE', #1408, #2272, #4647, .T. ) ;
#8712 = VECTOR ( 'NONE', #591, 1000.000000000000000 ) ;
#8713 = FACE_OUTER_BOUND ( 'NONE', #290, .T. ) ;
#8715 = EDGE_CURVE ( 'NONE', #9744, #9340, #5444, .T. ) ;
#8714 = ORIENTED_EDGE ( 'NONE', *, *, #8315, .T. ) ;
#8716 = CIRCLE ( 'NONE', #807, 7.649999999999999467 ) ;
#8717 = EDGE_CURVE ( 'NONE', #8754, #7651, #2468, .T. ) ;
#8718 = VECTOR ( 'NONE', #8438, 1000.000000000000000 ) ;
#8719 = ADVANCED_FACE ( 'NONE', ( #3852 ), #8319, .T. ) ;
#8720 = DIRECTION ( 'NONE',  ( 0.000000000000000000, 1.000000000000000000, 0.000000000000000000 ) ) ;
#8721 = AXIS2_PLACEMENT_3D ( 'NONE', #6226, #2510, #5484 ) ;
#8722 = EDGE_CURVE ( 'NONE', #5187, #4928, #2061, .T. ) ;
#8723 = CARTESIAN_POINT ( 'NONE',  ( -2.399999999999999911, -7.269011204192789677, 0.000000000000000000 ) ) ;
#8724 = CARTESIAN_POINT ( 'NONE',  ( 5.372520708816571036E-16, 0.1499999999999999944, -1.750000000000000000 ) ) ;
#8725 = CARTESIAN_POINT ( 'NONE',  ( 7.741843969807098880, 1.024742844387543927, 2.599999999999925038 ) ) ;
#8726 = LINE ( 'NONE', #1292, #9590 ) ;
#8728 = ORIENTED_EDGE ( 'NONE', *, *, #5110, .F. ) ;
#8727 = EDGE_CURVE ( 'NONE', #5677, #6207, #3106, .T. ) ;
#8729 = ORIENTED_EDGE ( 'NONE', *, *, #7562, .F. ) ;
#8730 = CARTESIAN_POINT ( 'NONE',  ( -8.266843969807050385, 4.750000000000000000, -2.600000000000000089 ) ) ;
#8731 = DIRECTION ( 'NONE',  ( -0.5735764363510417185, 2.436726145482274414E-15, 0.8191520442889946851 ) ) ;
#8732 = EDGE_CURVE ( 'NONE', #9574, #1946, #3798, .T. ) ;
#8733 = AXIS2_PLACEMENT_3D ( 'NONE', #5036, #4300, #1279 ) ;
#8734 = DIRECTION ( 'NONE',  ( 0.000000000000000000, 0.000000000000000000, 1.000000000000000000 ) ) ;
#8735 = CARTESIAN_POINT ( 'NONE',  ( -5.402777063696039939, 5.599999999999999645, 5.899999999999999467 ) ) ;
#8736 = CARTESIAN_POINT ( 'NONE',  ( -3.520000000000000018, 1.300000000000000044, -0.8750000000000000000 ) ) ;
#8737 = ORIENTED_EDGE ( 'NONE', *, *, #9337, .F. ) ;
#8739 = EDGE_LOOP ( 'NONE', ( #4313, #3440, #6421, #1112 ) ) ;
#8738 = ORIENTED_EDGE ( 'NONE', *, *, #7004, .T. ) ;
#8740 = DIRECTION ( 'NONE',  ( 0.000000000000000000, 1.000000000000000000, 0.000000000000000000 ) ) ;
#8741 = LINE ( 'NONE', #379, #6176 ) ;
#8742 = AXIS2_PLACEMENT_3D ( 'NONE', #2260, #3601, #733 ) ;
#8743 = VECTOR ( 'NONE', #3847, 1000.000000000000000 ) ;
#8744 = ORIENTED_EDGE ( 'NONE', *, *, #1241, .T. ) ;
#8745 = AXIS2_PLACEMENT_3D ( 'NONE', #8807, #6674, #7372 ) ;
#8746 = ADVANCED_FACE ( 'NONE', ( #152 ), #3158, .T. ) ;
#8747 = DIRECTION ( 'NONE',  ( 0.000000000000000000, 1.000000000000000000, 0.000000000000000000 ) ) ;
#8748 = ORIENTED_EDGE ( 'NONE', *, *, #5371, .T. ) ;
#8749 = VECTOR ( 'NONE', #9242, 1000.000000000000000 ) ;
#8750 = CARTESIAN_POINT ( 'NONE',  ( -2.795000000000000373, -7.269011204192789677, 0.1499999999999999944 ) ) ;
#8751 = LINE ( 'NONE', #5019, #7568 ) ;
#8752 = VECTOR ( 'NONE', #6129, 1000.000000000000000 ) ;
#8754 = VERTEX_POINT ( 'NONE', #7127 ) ;
#8753 = ORIENTED_EDGE ( 'NONE', *, *, #1503, .T. ) ;
#8755 = FILL_AREA_STYLE ('',( #3028 ) ) ;
#8756 = LINE ( 'NONE', #8607, #5382 ) ;
#8757 = ORIENTED_EDGE ( 'NONE', *, *, #1383, .F. ) ;
#8758 = CARTESIAN_POINT ( 'NONE',  ( 8.466843969807049675, 1.600000000000000089, -2.000000000000000000 ) ) ;
#8759 = ORIENTED_EDGE ( 'NONE', *, *, #3612, .F. ) ;
#8760 = LINE ( 'NONE', #485, #7620 ) ;
#8761 = EDGE_CURVE ( 'NONE', #7634, #2296, #2709, .T. ) ;
#8762 = EDGE_LOOP ( 'NONE', ( #3017, #4995, #206, #3080 ) ) ;
#8763 = DIRECTION ( 'NONE',  ( 0.9659258262890672020, -0.2588190451025245697, 1.927470528863118950E-15 ) ) ;
#8764 = DIRECTION ( 'NONE',  ( 0.2588190451025246253, 0.9659258262890674240, 0.000000000000000000 ) ) ;
#8765 = CARTESIAN_POINT ( 'NONE',  ( -8.583215035635971546, 4.215104498490870100, -1.123193884577325941 ) ) ;
#8766 = LINE ( 'NONE', #1965, #6181 ) ;
#8767 = VERTEX_POINT ( 'NONE', #4938 ) ;
#8768 = DIRECTION ( 'NONE',  ( -1.734723475976805122E-15, 1.262722834753462042E-30, -1.000000000000000000 ) ) ;
#8769 = ORIENTED_EDGE ( 'NONE', *, *, #1388, .F. ) ;
#8770 = EDGE_CURVE ( 'NONE', #1158, #3262, #1274, .T. ) ;
#8771 = DIRECTION ( 'NONE',  ( 9.757819552369560416E-15, 0.000000000000000000, 1.000000000000000000 ) ) ;
#8772 = CARTESIAN_POINT ( 'NONE',  ( 3.449999999999999734, -7.269011204192789677, 5.850000000000000533 ) ) ;
#8773 = VECTOR ( 'NONE', #1675, 1000.000000000000000 ) ;
#8774 = DIRECTION ( 'NONE',  ( 1.000000000000000000, 0.000000000000000000, 0.000000000000000000 ) ) ;
#8775 = CARTESIAN_POINT ( 'NONE',  ( 0.000000000000000000, 5.599999999999999645, 0.000000000000000000 ) ) ;
#8776 = DIRECTION ( 'NONE',  ( 7.279101552726930441E-16, 1.000000000000000000, 0.000000000000000000 ) ) ;
#8777 = ORIENTED_EDGE ( 'NONE', *, *, #8722, .F. ) ;
#8778 = EDGE_LOOP ( 'NONE', ( #1382, #9780, #8091, #1486 ) ) ;
#8779 = DIRECTION ( 'NONE',  ( -4.956352788505170170E-16, 0.000000000000000000, -1.000000000000000000 ) ) ;
#8780 = DIRECTION ( 'NONE',  ( 0.000000000000000000, 1.000000000000000000, 0.000000000000000000 ) ) ;
#8781 = VECTOR ( 'NONE', #7586, 1000.000000000000000 ) ;
#8782 = DIRECTION ( 'NONE',  ( -0.3231438532915100192, 0.9463498560679951543, 0.000000000000000000 ) ) ;
#8783 = ADVANCED_FACE ( 'NONE', ( #7032 ), #3456, .F. ) ;
#8784 = DIRECTION ( 'NONE',  ( 0.000000000000000000, -1.000000000000000000, 0.000000000000000000 ) ) ;
#8785 = CARTESIAN_POINT ( 'NONE',  ( -8.516843969807039727, -4.336808689942020103E-15, 0.9499999999999999556 ) ) ;
#8786 = ORIENTED_EDGE ( 'NONE', *, *, #2241, .F. ) ;
#8788 = ORIENTED_EDGE ( 'NONE', *, *, #1924, .T. ) ;
#8787 = ORIENTED_EDGE ( 'NONE', *, *, #5936, .T. ) ;
#8789 = DIRECTION ( 'NONE',  ( 0.9990482215818580203, -0.04361938736532885302, 0.000000000000000000 ) ) ;
#8790 = AXIS2_PLACEMENT_3D ( 'NONE', #9027, #1347, #2972 ) ;
#8791 = ORIENTED_EDGE ( 'NONE', *, *, #4417, .T. ) ;
#8792 = EDGE_CURVE ( 'NONE', #9631, #521, #5682, .T. ) ;
#8793 = CARTESIAN_POINT ( 'NONE',  ( 11.40000000000000036, -1.908195823574490013E-14, 2.100000000000000089 ) ) ;
#8794 = ORIENTED_EDGE ( 'NONE', *, *, #8600, .T. ) ;
#8795 = CARTESIAN_POINT ( 'NONE',  ( 3.381937314617169843, 5.599999999999999645, 7.250000000000000000 ) ) ;
#8796 = CARTESIAN_POINT ( 'NONE',  ( -6.892847126266079982, 4.349999999999999645, -3.384271388083250454 ) ) ;
#8798 = EDGE_LOOP ( 'NONE', ( #5227, #108, #4349, #9309, #6750, #7426, #5177, #8791, #5139, #2934, #653, #3570 ) ) ;
#8797 = ORIENTED_EDGE ( 'NONE', *, *, #3815, .F. ) ;
#8799 = CARTESIAN_POINT ( 'NONE',  ( 7.933315826311220675, 1.600000000000000089, -4.250000000000000000 ) ) ;
#8800 = VERTEX_POINT ( 'NONE', #444 ) ;
#8801 = CARTESIAN_POINT ( 'NONE',  ( -3.520000000000000018, 1.300000000000000044, 0.1499999999999999944 ) ) ;
#8802 = EDGE_CURVE ( 'NONE', #3093, #1359, #7176, .T. ) ;
#8803 = ORIENTED_EDGE ( 'NONE', *, *, #71, .F. ) ;
#8804 = FACE_OUTER_BOUND ( 'NONE', #8665, .T. ) ;
#8805 = ORIENTED_EDGE ( 'NONE', *, *, #1681, .F. ) ;
#8806 = CARTESIAN_POINT ( 'NONE',  ( -2.399999999999999911, -7.269011204192789677, -2.500000000000000000 ) ) ;
#8807 = CARTESIAN_POINT ( 'NONE',  ( 0.000000000000000000, 5.599999999999999645, 0.000000000000000000 ) ) ;
#8808 = CARTESIAN_POINT ( 'NONE',  ( -8.489471164059219532, 4.215003422394555166, -1.063170656487333998 ) ) ;
#8809 = DIRECTION ( 'NONE',  ( 0.000000000000000000, 0.000000000000000000, 1.000000000000000000 ) ) ;
#8810 = ORIENTED_EDGE ( 'NONE', *, *, #972, .T. ) ;
#8811 = VECTOR ( 'NONE', #9674, 1000.000000000000000 ) ;
#8812 = LINE ( 'NONE', #1283, #794 ) ;
#8813 = VERTEX_POINT ( 'NONE', #399 ) ;
#8814 = CARTESIAN_POINT ( 'NONE',  ( 10.49184396980704115, -1.780217860681349848E-14, 7.654042494670961551E-17 ) ) ;
#8815 = FACE_OUTER_BOUND ( 'NONE', #537, .T. ) ;
#8816 = CARTESIAN_POINT ( 'NONE',  ( 8.766843969807048609, 4.450000000000000178, -2.008392021690039719 ) ) ;
#8817 = DIRECTION ( 'NONE',  ( 9.757819552369560416E-15, 0.000000000000000000, 1.000000000000000000 ) ) ;
#8818 = PLANE ( 'NONE',  #4357 ) ;
#8819 = ORIENTED_EDGE ( 'NONE', *, *, #5110, .T. ) ;
#8820 = ADVANCED_FACE ( 'NONE', ( #1177 ), #990, .F. ) ;
#8821 = ORIENTED_EDGE ( 'NONE', *, *, #9010, .T. ) ;
#8822 = CIRCLE ( 'NONE', #8976, 0.2500000000000002220 ) ;
#8823 = CARTESIAN_POINT ( 'NONE',  ( 0.000000000000000000, 5.000000000000000000, 3.500000000000000000 ) ) ;
#8824 = AXIS2_PLACEMENT_3D ( 'NONE', #4990, #1376, #2869 ) ;
#8825 = LINE ( 'NONE', #515, #7700 ) ;
#8826 = FACE_OUTER_BOUND ( 'NONE', #717, .T. ) ;
#8827 = CARTESIAN_POINT ( 'NONE',  ( -3.819999999999999840, -7.269011204192789677, -0.1499999999999999944 ) ) ;
#8828 = EDGE_CURVE ( 'NONE', #2164, #6326, #1587, .T. ) ;
#8829 = CARTESIAN_POINT ( 'NONE',  ( -3.449999999999999734, -7.269011204192789677, 5.850000000000000533 ) ) ;
#8830 = ORIENTED_EDGE ( 'NONE', *, *, #8614, .T. ) ;
#8832 = ORIENTED_EDGE ( 'NONE', *, *, #5509, .F. ) ;
#8831 = ORIENTED_EDGE ( 'NONE', *, *, #3573, .T. ) ;
#8833 = FILL_AREA_STYLE_COLOUR ( '', #5973 ) ;
#8834 = VECTOR ( 'NONE', #6799, 1000.000000000000000 ) ;
#8835 = DIRECTION ( 'NONE',  ( 1.011922027653276101E-14, -2.711436901129640438E-15, -1.000000000000000000 ) ) ;
#8836 = ADVANCED_FACE ( 'NONE', ( #6469 ), #4834, .F. ) ;
#8837 = EDGE_CURVE ( 'NONE', #4924, #6950, #1914, .T. ) ;
#8838 = ADVANCED_FACE ( 'NONE', ( #2657 ), #7869, .F. ) ;
#8839 = EDGE_CURVE ( 'NONE', #9257, #5187, #8659, .T. ) ;
#8840 = DIRECTION ( 'NONE',  ( -4.130293990420970474E-15, 0.000000000000000000, -1.000000000000000000 ) ) ;
#8841 = VECTOR ( 'NONE', #7984, 1000.000000000000000 ) ;
#8842 = CARTESIAN_POINT ( 'NONE',  ( -8.553076499446376602, 4.211463939323073724, -1.191301483247421356 ) ) ;
#8843 = EDGE_LOOP ( 'NONE', ( #7113, #2344, #5424, #4745 ) ) ;
#8844 = CARTESIAN_POINT ( 'NONE',  ( -3.520000000000000018, 1.300000000000000044, 0.8750000000000000000 ) ) ;
#8845 = CARTESIAN_POINT ( 'NONE',  ( 9.866843969807048254, 4.349999999999999645, -0.6250000000000000000 ) ) ;
#8847 = ORIENTED_EDGE ( 'NONE', *, *, #7242, .F. ) ;
#8846 = ORIENTED_EDGE ( 'NONE', *, *, #3575, .T. ) ;
#8848 = CARTESIAN_POINT ( 'NONE',  ( 3.010923925851250349, 1.774750959416705021, 1.220617149911503940 ) ) ;
#8849 = EDGE_CURVE ( 'NONE', #8285, #3311, #6976, .T. ) ;
#8850 = CARTESIAN_POINT ( 'NONE',  ( 0.000000000000000000, -16.05340546095174759, 0.000000000000000000 ) ) ;
#8851 = VERTEX_POINT ( 'NONE', #2515 ) ;
#8852 = CARTESIAN_POINT ( 'NONE',  ( 12.14999999999999858, 4.750000000000000000, 2.600000000000000089 ) ) ;
#8853 = VECTOR ( 'NONE', #7841, 1000.000000000000000 ) ;
#8854 = ORIENTED_EDGE ( 'NONE', *, *, #231, .F. ) ;
#8855 = DIRECTION ( 'NONE',  ( -1.269309860470833935E-15, -1.000000000000000000, 0.000000000000000000 ) ) ;
#8856 = EDGE_LOOP ( 'NONE', ( #410, #5150, #3874, #6678 ) ) ;
#8857 = CARTESIAN_POINT ( 'NONE',  ( 5.226582641783249272, 5.481007602317289340, -5.899999999999999467 ) ) ;
#8858 = FACE_OUTER_BOUND ( 'NONE', #5855, .T. ) ;
#8859 = DIRECTION ( 'NONE',  ( -1.269309860470833935E-15, -1.000000000000000000, 0.000000000000000000 ) ) ;
#8860 = LINE ( 'NONE', #7518, #8398 ) ;
#8861 = ORIENTED_EDGE ( 'NONE', *, *, #2094, .T. ) ;
#8862 = DIRECTION ( 'NONE',  ( 0.000000000000000000, 0.000000000000000000, -1.000000000000000000 ) ) ;
#8863 = VECTOR ( 'NONE', #4302, 1000.000000000000000 ) ;
#8864 = VERTEX_POINT ( 'NONE', #2567 ) ;
#8865 = VERTEX_POINT ( 'NONE', #2612 ) ;
#8866 = CIRCLE ( 'NONE', #3792, 0.6250000000000005551 ) ;
#8867 = AXIS2_PLACEMENT_3D ( 'NONE', #5173, #1316, #7458 ) ;
#8868 = FACE_OUTER_BOUND ( 'NONE', #4742, .T. ) ;
#8869 = CARTESIAN_POINT ( 'NONE',  ( -8.516843969807039727, 4.349999999999999645, 0.9499999999999999556 ) ) ;
#8870 = CARTESIAN_POINT ( 'NONE',  ( -8.478628709105327843, 4.214999999999999858, -1.050275501488429963 ) ) ;
#8871 = VECTOR ( 'NONE', #6114, 1000.000000000000000 ) ;
#8872 = DIRECTION ( 'NONE',  ( 1.000000000000000000, 0.000000000000000000, 0.000000000000000000 ) ) ;
#8873 = DIRECTION ( 'NONE',  ( 1.000000000000000000, 0.000000000000000000, 0.000000000000000000 ) ) ;
#8874 = VERTEX_POINT ( 'NONE', #5542 ) ;
#8875 = ORIENTED_EDGE ( 'NONE', *, *, #9575, .T. ) ;
#8876 = CIRCLE ( 'NONE', #4271, 0.2999999999999997113 ) ;
#8877 = LINE ( 'NONE', #458, #2073 ) ;
#8878 = VECTOR ( 'NONE', #6501, 1000.000000000000000 ) ;
#8879 = VECTOR ( 'NONE', #300, 1000.000000000000000 ) ;
#8880 = EDGE_CURVE ( 'NONE', #4221, #1552, #5637, .T. ) ;
#8881 = AXIS2_PLACEMENT_3D ( 'NONE', #4034, #3293, #4134 ) ;
#8882 = DIRECTION ( 'NONE',  ( 0.000000000000000000, 0.000000000000000000, 1.000000000000000000 ) ) ;
#8883 = FACE_OUTER_BOUND ( 'NONE', #595, .T. ) ;
#8884 = EDGE_CURVE ( 'NONE', #9051, #2555, #7823, .T. ) ;
#8885 = VECTOR ( 'NONE', #2083, 1000.000000000000000 ) ;
#8886 = DIRECTION ( 'NONE',  ( 0.000000000000000000, -1.000000000000000000, 0.000000000000000000 ) ) ;
#8887 = CARTESIAN_POINT ( 'NONE',  ( -11.50000000000000000, 0.1500000000000109857, -1.750000000000000000 ) ) ;
#8888 = ORIENTED_EDGE ( 'NONE', *, *, #2716, .T. ) ;
#8890 = ORIENTED_EDGE ( 'NONE', *, *, #3098, .T. ) ;
#8889 = EDGE_LOOP ( 'NONE', ( #2630, #6607, #5224, #5234, #7397, #8203 ) ) ;
#8891 = VECTOR ( 'NONE', #2770, 1000.000000000000000 ) ;
#8892 = PRESENTATION_STYLE_ASSIGNMENT (( #1399 ) ) ;
#8893 = DIRECTION ( 'NONE',  ( 0.000000000000000000, -1.000000000000000000, 0.000000000000000000 ) ) ;
#8894 = EDGE_CURVE ( 'NONE', #1011, #3054, #4046, .T. ) ;
#8895 = CARTESIAN_POINT ( 'NONE',  ( -4.649999999999999467, 1.600000000000000089, -5.899999999999999467 ) ) ;
#8896 = LINE ( 'NONE', #8190, #9665 ) ;
#8897 = ORIENTED_EDGE ( 'NONE', *, *, #8770, .T. ) ;
#8898 = CARTESIAN_POINT ( 'NONE',  ( -11.44999999999999929, 0.2000000000000000111, -2.600000000000000089 ) ) ;
#8899 = CIRCLE ( 'NONE', #8742, 0.5749000501935483953 ) ;
#8901 = ORIENTED_EDGE ( 'NONE', *, *, #8315, .F. ) ;
#8900 = ORIENTED_EDGE ( 'NONE', *, *, #2106, .F. ) ;
#8902 = VECTOR ( 'NONE', #5387, 1000.000000000000000 ) ;
#8903 = CARTESIAN_POINT ( 'NONE',  ( -6.161242077394749828, 4.362469907278660306E-15, 4.345678026214504719 ) ) ;
#8904 = EDGE_CURVE ( 'NONE', #5777, #4033, #1866, .T. ) ;
#8905 = ORIENTED_EDGE ( 'NONE', *, *, #977, .T. ) ;
#8906 = CARTESIAN_POINT ( 'NONE',  ( -11.25000000000000000, 1.427973593029687866E-14, 2.100000000000000089 ) ) ;
#8907 = ORIENTED_EDGE ( 'NONE', *, *, #654, .T. ) ;
#8908 = AXIS2_PLACEMENT_3D ( 'NONE', #3789, #588, #8998 ) ;
#8909 = CYLINDRICAL_SURFACE ( 'NONE', #9504, 0.1000000000000002554 ) ;
#8910 = VECTOR ( 'NONE', #5340, 1000.000000000000000 ) ;
#8911 = ORIENTED_EDGE ( 'NONE', *, *, #5891, .F. ) ;
#8912 = DIRECTION ( 'NONE',  ( 1.000000000000000000, -1.387778780781444492E-15, 0.000000000000000000 ) ) ;
#8913 = CARTESIAN_POINT ( 'NONE',  ( -8.766843969807039727, 4.349999999999999645, -0.9499999999999999556 ) ) ;
#8914 = CARTESIAN_POINT ( 'NONE',  ( 3.937644094699915165, 1.399999999999999911, 4.658858120127169933 ) ) ;
#8915 = DIRECTION ( 'NONE',  ( 0.000000000000000000, 1.000000000000000000, 0.000000000000000000 ) ) ;
#8916 = DIRECTION ( 'NONE',  ( 0.000000000000000000, 0.000000000000000000, -1.000000000000000000 ) ) ;
#8917 = ORIENTED_EDGE ( 'NONE', *, *, #5311, .T. ) ;
#8918 = VERTEX_POINT ( 'NONE', #590 ) ;
#8919 = ADVANCED_FACE ( 'NONE', ( #9749 ), #6524, .T. ) ;
#8920 = DIRECTION ( 'NONE',  ( -1.000000000000000000, 0.000000000000000000, 0.000000000000000000 ) ) ;
#8921 = CARTESIAN_POINT ( 'NONE',  ( 12.14999999999999858, 4.299999999999999822, 2.000000000000000000 ) ) ;
#8922 = CARTESIAN_POINT ( 'NONE',  ( -8.550029554643199248, 4.215023689983534716, -1.052297600316121962 ) ) ;
#8923 = CARTESIAN_POINT ( 'NONE',  ( -8.221900118789369216, 2.799999999999999822, 1.664270371162789974 ) ) ;
#8924 = CARTESIAN_POINT ( 'NONE',  ( 0.000000000000000000, -16.05340546095174759, 0.000000000000000000 ) ) ;
#8925 = ORIENTED_EDGE ( 'NONE', *, *, #4805, .F. ) ;
#8926 = ORIENTED_EDGE ( 'NONE', *, *, #7387, .T. ) ;
#8927 = FACE_OUTER_BOUND ( 'NONE', #8700, .T. ) ;
#8928 = CARTESIAN_POINT ( 'NONE',  ( 3.381937314617169843, 0.2000000000000000111, 7.250000000000000000 ) ) ;
#8929 = CARTESIAN_POINT ( 'NONE',  ( -8.475757504661400432, 4.214999999999999858, 1.054390218872861995 ) ) ;
#8930 = CARTESIAN_POINT ( 'NONE',  ( -3.520000000000000018, -7.269011204192789677, 0.8750000000000000000 ) ) ;
#8931 = DIRECTION ( 'NONE',  ( 1.495451272393797817E-16, 0.000000000000000000, 1.000000000000000000 ) ) ;
#8932 = ORIENTED_EDGE ( 'NONE', *, *, #7847, .T. ) ;
#8934 = ORIENTED_EDGE ( 'NONE', *, *, #4586, .F. ) ;
#8933 = ORIENTED_EDGE ( 'NONE', *, *, #2867, .T. ) ;
#8935 = CIRCLE ( 'NONE', #3549, 6.100000000000000533 ) ;
#8936 = CARTESIAN_POINT ( 'NONE',  ( -4.869548233666040282, 5.599999999999999645, 5.899999999999999467 ) ) ;
#8937 = LINE ( 'NONE', #8145, #9781 ) ;
#8938 = CARTESIAN_POINT ( 'NONE',  ( -8.398879921041046970, 4.253567613978034068, -1.149999999999861133 ) ) ;
#8939 = VERTEX_POINT ( 'NONE', #2860 ) ;
#8940 = DIRECTION ( 'NONE',  ( 0.000000000000000000, -1.000000000000000000, 0.000000000000000000 ) ) ;
#8942 = VERTEX_POINT ( 'NONE', #695 ) ;
#8941 = VERTEX_POINT ( 'NONE', #9654 ) ;
#8943 = ADVANCED_FACE ( 'NONE', ( #1370 ), #7274, .T. ) ;
#8944 = DIRECTION ( 'NONE',  ( 0.3231438532915099637, -0.9463498560679951543, 0.000000000000000000 ) ) ;
#8945 = ORIENTED_EDGE ( 'NONE', *, *, #2828, .F. ) ;
#8946 = LINE ( 'NONE', #8906, #3825 ) ;
#8947 = EDGE_LOOP ( 'NONE', ( #8984, #7339, #4322, #6987 ) ) ;
#8948 = DIRECTION ( 'NONE',  ( 1.000000000000000000, 0.000000000000000000, -1.257045997084641872E-16 ) ) ;
#8949 = ORIENTED_EDGE ( 'NONE', *, *, #786, .T. ) ;
#8950 = CARTESIAN_POINT ( 'NONE',  ( -6.360817557515700216, 5.250000000000000000, 4.250000000000000000 ) ) ;
#8951 = CARTESIAN_POINT ( 'NONE',  ( -8.639716776450390157, 4.349999999999999645, 1.067566344340553863 ) ) ;
#8952 = LINE ( 'NONE', #2159, #2072 ) ;
#8953 = LINE ( 'NONE', #2066, #1748 ) ;
#8954 = CARTESIAN_POINT ( 'NONE',  ( 4.869548233666040282, 5.599999999999999645, 5.899999999999999467 ) ) ;
#8955 = ORIENTED_EDGE ( 'NONE', *, *, #8597, .T. ) ;
#8957 = EDGE_CURVE ( 'NONE', #2255, #5874, #6624, .T. ) ;
#8956 = ORIENTED_EDGE ( 'NONE', *, *, #3865, .T. ) ;
#8958 = EDGE_CURVE ( 'NONE', #1158, #3434, #4746, .T. ) ;
#8959 = DIRECTION ( 'NONE',  ( 0.000000000000000000, 0.000000000000000000, -1.000000000000000000 ) ) ;
#8960 = CARTESIAN_POINT ( 'NONE',  ( -8.616843969807050030, 1.600000000000000089, -3.500000000000000000 ) ) ;
#8961 = CARTESIAN_POINT ( 'NONE',  ( -8.598583737969068608, 4.215065417329419972, -1.053672677224471776 ) ) ;
#8962 = LINE ( 'NONE', #4545, #16 ) ;
#8963 = DIRECTION ( 'NONE',  ( 0.000000000000000000, 0.000000000000000000, 1.000000000000000000 ) ) ;
#8964 = AXIS2_PLACEMENT_3D ( 'NONE', #5054, #2084, #1883 ) ;
#8965 = ORIENTED_EDGE ( 'NONE', *, *, #4168, .T. ) ;
#8966 = VERTEX_POINT ( 'NONE', #4344 ) ;
#8967 = EDGE_CURVE ( 'NONE', #3445, #6521, #9474, .T. ) ;
#8968 = EDGE_CURVE ( 'NONE', #9459, #3093, #6720, .T. ) ;
#8969 = DIRECTION ( 'NONE',  ( -1.000000000000000000, 0.000000000000000000, 0.000000000000000000 ) ) ;
#8970 = VERTEX_POINT ( 'NONE', #1964 ) ;
#8971 = AXIS2_PLACEMENT_3D ( 'NONE', #5839, #8771, #6478 ) ;
#8972 = LINE ( 'NONE', #14, #2474 ) ;
#8973 = CARTESIAN_POINT ( 'NONE',  ( -8.468900674862208433, 4.214999999999999858, 1.050000000000000044 ) ) ;
#8974 = CARTESIAN_POINT ( 'NONE',  ( -8.616843969807041148, 0.2000000000000000111, 4.000000000000000000 ) ) ;
#8975 = LINE ( 'NONE', #1539, #9580 ) ;
#8976 = AXIS2_PLACEMENT_3D ( 'NONE', #1159, #5569, #2633 ) ;
#8978 = ORIENTED_EDGE ( 'NONE', *, *, #6090, .T. ) ;
#8977 = ORIENTED_EDGE ( 'NONE', *, *, #3935, .T. ) ;
#8979 = PRODUCT_CONTEXT ( 'NONE', #4372, 'mechanical' ) ;
#8980 = CARTESIAN_POINT ( 'NONE',  ( -2.399999999999999911, 1.399999999999999911, 0.000000000000000000 ) ) ;
#8981 = EDGE_CURVE ( 'NONE', #4077, #4346, #6338, .T. ) ;
#8982 = CARTESIAN_POINT ( 'NONE',  ( 5.402777063696039939, 5.000000000000000000, -5.899999999999999467 ) ) ;
#8983 = DIRECTION ( 'NONE',  ( 0.000000000000000000, -1.000000000000000000, -1.262722834753462042E-30 ) ) ;
#8984 = ORIENTED_EDGE ( 'NONE', *, *, #4904, .F. ) ;
#8985 = AXIS2_PLACEMENT_3D ( 'NONE', #345, #3354, #5863 ) ;
#8986 = CARTESIAN_POINT ( 'NONE',  ( 0.000000000000000000, 1.600000000000000089, 0.000000000000000000 ) ) ;
#8987 = VECTOR ( 'NONE', #4845, 1000.000000000000000 ) ;
#8989 = VERTEX_POINT ( 'NONE', #8914 ) ;
#8988 = VERTEX_POINT ( 'NONE', #545 ) ;
#8990 = DIRECTION ( 'NONE',  ( 0.000000000000000000, 0.000000000000000000, -1.000000000000000000 ) ) ;
#8991 = VERTEX_POINT ( 'NONE', #5884 ) ;
#8992 = DIRECTION ( 'NONE',  ( -1.000000000000000000, 0.000000000000000000, 4.130293990420970474E-15 ) ) ;
#8993 = ORIENTED_EDGE ( 'NONE', *, *, #551, .F. ) ;
#8994 = VECTOR ( 'NONE', #723, 1000.000000000000000 ) ;
#8995 = DIRECTION ( 'NONE',  ( 0.000000000000000000, -1.000000000000000000, 0.000000000000000000 ) ) ;
#8996 = ADVANCED_FACE ( 'NONE', ( #3555 ), #4983, .F. ) ;
#8997 = ORIENTED_EDGE ( 'NONE', *, *, #915, .T. ) ;
#8998 = DIRECTION ( 'NONE',  ( 1.000000000000000000, 0.000000000000000000, 0.000000000000000000 ) ) ;
#8999 = CARTESIAN_POINT ( 'NONE',  ( 5.518151864528549666, 1.399999999999999911, -2.600000000000000089 ) ) ;
#9000 = ADVANCED_FACE ( 'NONE', ( #7422 ), #640, .T. ) ;
#9001 = SURFACE_SIDE_STYLE ('',( #94 ) ) ;
#9002 = PLANE ( 'NONE',  #7932 ) ;
#9003 = CARTESIAN_POINT ( 'NONE',  ( -8.595332766854788531, 4.215129277476970415, 1.130953279175730186 ) ) ;
#9004 = AXIS2_PLACEMENT_3D ( 'NONE', #5801, #2922, #3529 ) ;
#9005 = EDGE_LOOP ( 'NONE', ( #1958, #9480, #9261, #3392 ) ) ;
#9006 = EDGE_LOOP ( 'NONE', ( #4619, #5140 ) ) ;
#9007 = LINE ( 'NONE', #2267, #8493 ) ;
#9008 = CARTESIAN_POINT ( 'NONE',  ( -8.468900674862208433, 4.214999999999999858, -1.050000000000000044 ) ) ;
#9009 = PLANE ( 'NONE',  #9069 ) ;
#9010 = EDGE_CURVE ( 'NONE', #1410, #7329, #8952, .T. ) ;
#9011 = DIRECTION ( 'NONE',  ( 0.000000000000000000, 0.000000000000000000, -1.000000000000000000 ) ) ;
#9012 = CARTESIAN_POINT ( 'NONE',  ( -3.819999999999999840, 1.300000000000000044, -0.1499999999999999944 ) ) ;
#9013 = ORIENTED_EDGE ( 'NONE', *, *, #4411, .F. ) ;
#9014 = VERTEX_POINT ( 'NONE', #8011 ) ;
#9015 = EDGE_CURVE ( 'NONE', #6206, #1552, #5398, .T. ) ;
#9016 = FACE_OUTER_BOUND ( 'NONE', #1216, .T. ) ;
#9018 = EDGE_CURVE ( 'NONE', #8941, #615, #4281, .T. ) ;
#9017 = ORIENTED_EDGE ( 'NONE', *, *, #6236, .F. ) ;
#9019 = VECTOR ( 'NONE', #4010, 1000.000000000000000 ) ;
#9020 = ADVANCED_FACE ( 'NONE', ( #5831 ), #5091, .T. ) ;
#9021 = VECTOR ( 'NONE', #4817, 1000.000000000000000 ) ;
#9022 = DIRECTION ( 'NONE',  ( -1.000000000000000000, 0.000000000000000000, 4.446310337143589687E-16 ) ) ;
#9023 = ADVANCED_FACE ( 'NONE', ( #5433 ), #140, .T. ) ;
#9024 = DIRECTION ( 'NONE',  ( 0.000000000000000000, 0.000000000000000000, 1.000000000000000000 ) ) ;
#9025 = VECTOR ( 'NONE', #1036, 1000.000000000000000 ) ;
#9026 = CARTESIAN_POINT ( 'NONE',  ( 2.931712225608145150, 1.795975670527939938, -1.663081858315279993 ) ) ;
#9027 = CARTESIAN_POINT ( 'NONE',  ( -11.15000000000000036, 4.599999999999999645, 2.600000000000000089 ) ) ;
#9028 = AXIS2_PLACEMENT_3D ( 'NONE', #193, #7901, #1120 ) ;
#9029 = ORIENTED_EDGE ( 'NONE', *, *, #4720, .F. ) ;
#9030 = DIRECTION ( 'NONE',  ( 7.279101552726930441E-16, 1.000000000000000000, 0.000000000000000000 ) ) ;
#9031 = VECTOR ( 'NONE', #4882, 1000.000000000000000 ) ;
#9032 = STYLED_ITEM ( 'NONE', ( #4514 ), #9285 ) ;
#9033 = AXIS2_PLACEMENT_3D ( 'NONE', #4013, #7045, #264 ) ;
#9034 = CARTESIAN_POINT ( 'NONE',  ( 1.982223503636745043, -7.269011204192789677, -2.600000000000000089 ) ) ;
#9035 = ADVANCED_FACE ( 'NONE', ( #926 ), #2355, .T. ) ;
#9036 = LINE ( 'NONE', #9779, #151 ) ;
#9037 = ORIENTED_EDGE ( 'NONE', *, *, #1085, .F. ) ;
#9039 = VECTOR ( 'NONE', #7768, 1000.000000000000000 ) ;
#9038 = CARTESIAN_POINT ( 'NONE',  ( 7.741843969807050030, 4.750000000000000000, -2.000000000000000000 ) ) ;
#9041 = EDGE_LOOP ( 'NONE', ( #7416, #8451, #2981, #9680, #1524, #2865, #1674, #425, #8905 ) ) ;
#9040 = VERTEX_POINT ( 'NONE', #8456 ) ;
#9042 = VECTOR ( 'NONE', #8151, 1000.000000000000000 ) ;
#9043 = LINE ( 'NONE', #2250, #2954 ) ;
#9044 = CARTESIAN_POINT ( 'NONE',  ( 4.869548233666040282, 1.600000000000000089, 5.899999999999999467 ) ) ;
#9045 = ORIENTED_EDGE ( 'NONE', *, *, #1545, .F. ) ;
#9046 = CARTESIAN_POINT ( 'NONE',  ( 1.073876437509463904E-14, 1.600000000000000089, 2.600000000000035172 ) ) ;
#9047 = EDGE_CURVE ( 'NONE', #7348, #9232, #5286, .T. ) ;
#9048 = ORIENTED_EDGE ( 'NONE', *, *, #3749, .F. ) ;
#9049 = CIRCLE ( 'NONE', #3325, 9.000000000000000000 ) ;
#9050 = LINE ( 'NONE', #5233, #3001 ) ;
#9051 = VERTEX_POINT ( 'NONE', #9150 ) ;
#9052 = PLANE ( 'NONE',  #838 ) ;
#9053 = EDGE_CURVE ( 'NONE', #9104, #9640, #6821, .T. ) ;
#9054 = LINE ( 'NONE', #4532, #9737 ) ;
#9055 = DIRECTION ( 'NONE',  ( -0.000000000000000000, 1.000000000000000000, 0.000000000000000000 ) ) ;
#9056 = CARTESIAN_POINT ( 'NONE',  ( -9.066843969807040438, 4.599999999999999645, 1.199999999999999956 ) ) ;
#9057 = DIRECTION ( 'NONE',  ( 0.000000000000000000, 0.000000000000000000, 1.000000000000000000 ) ) ;
#9058 = ORIENTED_EDGE ( 'NONE', *, *, #8533, .F. ) ;
#9059 = AXIS2_PLACEMENT_3D ( 'NONE', #9713, #8959, #9063 ) ;
#9060 = ORIENTED_EDGE ( 'NONE', *, *, #7212, .F. ) ;
#9061 = AXIS2_PLACEMENT_3D ( 'NONE', #9243, #7561, #8307 ) ;
#9062 = EDGE_CURVE ( 'NONE', #5123, #1851, #6024, .T. ) ;
#9063 = DIRECTION ( 'NONE',  ( -1.000000000000000000, 0.000000000000000000, 0.000000000000000000 ) ) ;
#9064 = DIRECTION ( 'NONE',  ( 1.000000000000000000, 0.000000000000000000, -2.244797829168379883E-16 ) ) ;
#9065 = CARTESIAN_POINT ( 'NONE',  ( -3.819999999999999840, 1.300000000000000044, 0.8750000000000000000 ) ) ;
#9066 = DIRECTION ( 'NONE',  ( 7.279101552726930441E-16, 1.000000000000000000, 0.000000000000000000 ) ) ;
#9067 = CARTESIAN_POINT ( 'NONE',  ( -9.066843969807040438, 4.599999999999999645, -1.199999999999999956 ) ) ;
#9068 = ORIENTED_EDGE ( 'NONE', *, *, #2457, .F. ) ;
#9069 = AXIS2_PLACEMENT_3D ( 'NONE', #5940, #2021, #2078 ) ;
#9070 = ORIENTED_EDGE ( 'NONE', *, *, #8717, .F. ) ;
#9071 = EDGE_CURVE ( 'NONE', #4840, #4367, #4579, .T. ) ;
#9072 = CARTESIAN_POINT ( 'NONE',  ( 8.666843969807048964, 4.579128784747790171, -2.000000000000000000 ) ) ;
#9073 = ORIENTED_EDGE ( 'NONE', *, *, #9555, .F. ) ;
#9074 = CARTESIAN_POINT ( 'NONE',  ( 3.449999999999999734, 1.600000000000000089, 5.030656020838629949 ) ) ;
#9075 = LINE ( 'NONE', #1586, #5188 ) ;
#9076 = CARTESIAN_POINT ( 'NONE',  ( 6.500336419007919808, 5.366007061932590361, -4.250000000000000000 ) ) ;
#9077 = DIRECTION ( 'NONE',  ( -0.5735764363510396091, 0.000000000000000000, 0.8191520442889963505 ) ) ;
#9078 =( NAMED_UNIT ( * ) SI_UNIT ( $, .STERADIAN. ) SOLID_ANGLE_UNIT ( ) );
#9079 = ORIENTED_EDGE ( 'NONE', *, *, #95, .F. ) ;
#9080 = LINE ( 'NONE', #2386, #7298 ) ;
#9081 = DIRECTION ( 'NONE',  ( 0.000000000000000000, -1.000000000000000000, 0.000000000000000000 ) ) ;
#9082 = CARTESIAN_POINT ( 'NONE',  ( -8.816843969807040438, 4.450000000000000178, -1.199999999999999956 ) ) ;
#9083 = ORIENTED_EDGE ( 'NONE', *, *, #7554, .T. ) ;
#9084 = CARTESIAN_POINT ( 'NONE',  ( 1.982223503636745043, 1.199999999999999956, -2.600000000000000089 ) ) ;
#9085 = AXIS2_PLACEMENT_3D ( 'NONE', #8278, #1485, #3499 ) ;
#9086 = EDGE_CURVE ( 'NONE', #1946, #9104, #1429, .T. ) ;
#9088 = EDGE_LOOP ( 'NONE', ( #29, #5958, #9741, #1144 ) ) ;
#9087 = ORIENTED_EDGE ( 'NONE', *, *, #2415, .T. ) ;
#9089 = DIRECTION ( 'NONE',  ( 0.000000000000000000, 1.000000000000000000, 0.000000000000000000 ) ) ;
#9090 = CARTESIAN_POINT ( 'NONE',  ( 6.777720855862989779, 5.599999999999999645, 4.250000000000000000 ) ) ;
#9091 = EDGE_CURVE ( 'NONE', #1415, #8448, #6491, .T. ) ;
#9092 = ORIENTED_EDGE ( 'NONE', *, *, #1388, .T. ) ;
#9093 = EDGE_CURVE ( 'NONE', #748, #1858, #835, .T. ) ;
#9094 = DIRECTION ( 'NONE',  ( 0.000000000000000000, 1.000000000000000000, 0.000000000000000000 ) ) ;
#9095 = ORIENTED_EDGE ( 'NONE', *, *, #8599, .T. ) ;
#9096 = CARTESIAN_POINT ( 'NONE',  ( 0.000000000000000000, 1.600000000000000089, -1.250000000000000000 ) ) ;
#9097 = EDGE_LOOP ( 'NONE', ( #7537, #5383, #3112, #6409, #1212, #6164 ) ) ;
#9098 = CARTESIAN_POINT ( 'NONE',  ( 3.381937314617169843, 39.49734969922095473, 7.250000000000000000 ) ) ;
#9099 = VECTOR ( 'NONE', #2330, 1000.000000000000000 ) ;
#9100 = FACE_OUTER_BOUND ( 'NONE', #5365, .T. ) ;
#9101 = CARTESIAN_POINT ( 'NONE',  ( -8.468900674862208433, 4.214999999999999858, 1.050000000000000044 ) ) ;
#9102 = CARTESIAN_POINT ( 'NONE',  ( 11.50000000000000000, 0.1499999999999999944, -1.750000000000000000 ) ) ;
#9103 = EDGE_CURVE ( 'NONE', #2007, #496, #6969, .T. ) ;
#9104 = VERTEX_POINT ( 'NONE', #9101 ) ;
#9105 = VERTEX_POINT ( 'NONE', #9199 ) ;
#9106 = VECTOR ( 'NONE', #5693, 1000.000000000000000 ) ;
#9107 = LINE ( 'NONE', #9299, #1142 ) ;
#9108 = MANIFOLD_SOLID_BREP ( 'Cut-Extrude1', #2841 ) ;
#9109 = CARTESIAN_POINT ( 'NONE',  ( 0.000000000000000000, 0.2000000000000000111, 2.600000000000000089 ) ) ;
#9110 = FACE_OUTER_BOUND ( 'NONE', #5180, .T. ) ;
#9111 = DIRECTION ( 'NONE',  ( 1.051347561198064613E-15, 0.000000000000000000, 1.000000000000000000 ) ) ;
#9112 = LINE ( 'NONE', #6037, #9345 ) ;
#9113 = DIRECTION ( 'NONE',  ( 0.000000000000000000, -1.000000000000000000, 0.000000000000000000 ) ) ;
#9114 = ORIENTED_EDGE ( 'NONE', *, *, #2867, .F. ) ;
#9115 = EDGE_LOOP ( 'NONE', ( #154, #5038, #9087, #8187 ) ) ;
#9116 = DIRECTION ( 'NONE',  ( -0.2588190451025250693, -0.9659258262890672020, 3.652133820467656022E-31 ) ) ;
#9117 = VERTEX_POINT ( 'NONE', #7662 ) ;
#9118 = CARTESIAN_POINT ( 'NONE',  ( -8.621631980879289614, 3.100000000000000089, -1.093394109087749921 ) ) ;
#9119 = DIRECTION ( 'NONE',  ( 1.000000000000000000, -1.115254456442280028E-15, 0.000000000000000000 ) ) ;
#9120 = ADVANCED_FACE ( 'NONE', ( #6914 ), #6119, .F. ) ;
#9121 = CARTESIAN_POINT ( 'NONE',  ( 2.576257304021164707, 1.891219529712844905, -1.220617149911500166 ) ) ;
#9122 = LINE ( 'NONE', #2477, #9099 ) ;
#9123 = DIRECTION ( 'NONE',  ( 0.000000000000000000, 1.000000000000000000, 0.000000000000000000 ) ) ;
#9124 = VERTEX_POINT ( 'NONE', #3989 ) ;
#9125 = CARTESIAN_POINT ( 'NONE',  ( -2.795000000000000373, 1.399999999999999911, 0.000000000000000000 ) ) ;
#9126 = VECTOR ( 'NONE', #5351, 1000.000000000000000 ) ;
#9127 = DIRECTION ( 'NONE',  ( -7.080503983578760436E-16, -1.000000000000000000, 0.000000000000000000 ) ) ;
#9128 = DIRECTION ( 'NONE',  ( -1.000000000000000000, 9.140381358749231636E-16, 0.000000000000000000 ) ) ;
#9129 = ORIENTED_EDGE ( 'NONE', *, *, #7639, .F. ) ;
#9130 = CARTESIAN_POINT ( 'NONE',  ( -8.516843969807036174, 4.275759043598765352, 0.9501478789446641260 ) ) ;
#9131 = ADVANCED_FACE ( 'NONE', ( #389 ), #1119, .F. ) ;
#9133 = ORIENTED_EDGE ( 'NONE', *, *, #9695, .F. ) ;
#9132 = VERTEX_POINT ( 'NONE', #5528 ) ;
#9134 = DIRECTION ( 'NONE',  ( 0.000000000000000000, 1.000000000000000000, 0.000000000000000000 ) ) ;
#9135 = DIRECTION ( 'NONE',  ( -0.9659258262890672020, 0.2588190451025245697, 0.000000000000000000 ) ) ;
#9136 = EDGE_CURVE ( 'NONE', #1189, #9145, #966, .T. ) ;
#9137 = VERTEX_POINT ( 'NONE', #4926 ) ;
#9138 = CARTESIAN_POINT ( 'NONE',  ( 4.649999999999999467, 0.2000000000000000111, 5.899999999999999467 ) ) ;
#9139 = CIRCLE ( 'NONE', #8026, 0.6250000000000000000 ) ;
#9140 = EDGE_CURVE ( 'NONE', #2900, #8594, #7023, .T. ) ;
#9141 = ADVANCED_FACE ( 'NONE', ( #6265 ), #1712, .F. ) ;
#9142 = VECTOR ( 'NONE', #1836, 1000.000000000000000 ) ;
#9143 = AXIS2_PLACEMENT_3D ( 'NONE', #3411, #9521, #4054 ) ;
#9144 = CARTESIAN_POINT ( 'NONE',  ( -3.937644094699913389, 1.599999999999999867, -4.658858120127169045 ) ) ;
#9145 = VERTEX_POINT ( 'NONE', #238 ) ;
#9146 = CARTESIAN_POINT ( 'NONE',  ( 11.50000000000000000, 0.2500000000000000000, -1.750000000000000000 ) ) ;
#9147 = ADVANCED_FACE ( 'NONE', ( #7956 ), #3393, .F. ) ;
#9148 = CARTESIAN_POINT ( 'NONE',  ( -8.516843969807048609, 1.899999999999999911, 2.600000000000000089 ) ) ;
#9149 = ORIENTED_EDGE ( 'NONE', *, *, #3625, .F. ) ;
#9150 = CARTESIAN_POINT ( 'NONE',  ( 3.449999999999999734, 1.399999999999999911, 5.030656020838629949 ) ) ;
#9151 = DIRECTION ( 'NONE',  ( 1.000000000000000000, 0.000000000000000000, 0.000000000000000000 ) ) ;
#9152 = ORIENTED_EDGE ( 'NONE', *, *, #3612, .T. ) ;
#9153 = VECTOR ( 'NONE', #1358, 1000.000000000000000 ) ;
#9154 = VERTEX_POINT ( 'NONE', #9246 ) ;
#9155 = DIRECTION ( 'NONE',  ( -1.000000000000000000, 1.269309860470833935E-15, 0.000000000000000000 ) ) ;
#9156 = LINE ( 'NONE', #5388, #5242 ) ;
#9157 = CARTESIAN_POINT ( 'NONE',  ( -9.241843969807048254, 4.599999999999999645, 0.000000000000000000 ) ) ;
#9158 = DIRECTION ( 'NONE',  ( 0.000000000000000000, 0.000000000000000000, 1.000000000000000000 ) ) ;
#9159 = DIRECTION ( 'NONE',  ( 0.000000000000000000, 1.000000000000000000, 0.000000000000000000 ) ) ;
#9160 = AXIS2_PLACEMENT_3D ( 'NONE', #1982, #7936, #4956 ) ;
#9161 = FACE_OUTER_BOUND ( 'NONE', #6066, .T. ) ;
#9162 = LINE ( 'NONE', #796, #6489 ) ;
#9163 = VERTEX_POINT ( 'NONE', #5625 ) ;
#9164 = ORIENTED_EDGE ( 'NONE', *, *, #9797, .F. ) ;
#9165 = CARTESIAN_POINT ( 'NONE',  ( -11.25000000000000000, 1.500000000000000000, 2.600000000000000089 ) ) ;
#9166 = EDGE_LOOP ( 'NONE', ( #4287, #4170, #2926, #2813, #4051, #5071, #8997, #1198 ) ) ;
#9167 = EDGE_CURVE ( 'NONE', #8991, #5041, #3247, .T. ) ;
#9168 = DIRECTION ( 'NONE',  ( 0.000000000000000000, 1.000000000000000000, 0.000000000000000000 ) ) ;
#9169 = DIRECTION ( 'NONE',  ( 1.000000000000000000, -4.248302390147255473E-15, 0.000000000000000000 ) ) ;
#9170 = LINE ( 'NONE', #4752, #9019 ) ;
#9171 = CARTESIAN_POINT ( 'NONE',  ( 11.25000000000000000, 1.500000000000000000, -1.750000000000000000 ) ) ;
#9172 = CARTESIAN_POINT ( 'NONE',  ( 3.088569639381999909, 2.064528707303424859, -1.220617149911500166 ) ) ;
#9173 = ORIENTED_EDGE ( 'NONE', *, *, #1043, .T. ) ;
#9174 = PLANE ( 'NONE',  #6333 ) ;
#9175 = VECTOR ( 'NONE', #4885, 1000.000000000000000 ) ;
#9176 = ADVANCED_FACE ( 'NONE', ( #2459 ), #6410, .F. ) ;
#9177 = AXIS2_PLACEMENT_3D ( 'NONE', #3171, #8476, #3116 ) ;
#9178 = DIRECTION ( 'NONE',  ( -1.000000000000000000, 0.000000000000000000, 0.000000000000000000 ) ) ;
#9179 = DIRECTION ( 'NONE',  ( -0.3231438532915099637, -0.9463498560679951543, 0.000000000000000000 ) ) ;
#9180 = ORIENTED_EDGE ( 'NONE', *, *, #1557, .T. ) ;
#9181 = VECTOR ( 'NONE', #2797, 1000.000000000000114 ) ;
#9182 = CARTESIAN_POINT ( 'NONE',  ( -6.849429577842319539, 1.899999999999999911, -3.832310858622455019 ) ) ;
#9184 = VERTEX_POINT ( 'NONE', #8499 ) ;
#9183 = ORIENTED_EDGE ( 'NONE', *, *, #7200, .T. ) ;
#9185 = CARTESIAN_POINT ( 'NONE',  ( -8.498759174235939184, 4.224547639922179521, 1.007357643635103939 ) ) ;
#9186 = DIRECTION ( 'NONE',  ( 0.000000000000000000, -1.000000000000000000, -1.262722834753462042E-30 ) ) ;
#9187 = VECTOR ( 'NONE', #7337, 1000.000000000000000 ) ;
#9188 = ORIENTED_EDGE ( 'NONE', *, *, #2112, .F. ) ;
#9189 = CARTESIAN_POINT ( 'NONE',  ( -7.733182394472060488E-16, 1.600000000000000089, -4.250000000000000000 ) ) ;
#9190 = ADVANCED_FACE ( 'NONE', ( #5477 ), #3348, .T. ) ;
#9191 = CIRCLE ( 'NONE', #5551, 0.8250000000000001776 ) ;
#9192 = VECTOR ( 'NONE', #991, 1000.000000000000000 ) ;
#9193 = CYLINDRICAL_SURFACE ( 'NONE', #5222, 0.5000000000000004441 ) ;
#9194 = ORIENTED_EDGE ( 'NONE', *, *, #3190, .F. ) ;
#9195 = AXIS2_PLACEMENT_3D ( 'NONE', #3793, #6166, #2996 ) ;
#9196 = CARTESIAN_POINT ( 'NONE',  ( 8.666843969807040082, 4.349999999999999645, 2.600000000000000089 ) ) ;
#9197 = LINE ( 'NONE', #8453, #4814 ) ;
#9198 = VERTEX_POINT ( 'NONE', #980 ) ;
#9199 = CARTESIAN_POINT ( 'NONE',  ( -8.643747326116061558, 4.215122673692735411, -1.054951736030002030 ) ) ;
#9200 = DIRECTION ( 'NONE',  ( 0.000000000000000000, 0.000000000000000000, 1.000000000000000000 ) ) ;
#9201 = AXIS2_PLACEMENT_3D ( 'NONE', #5645, #1875, #1139 ) ;
#9202 = ORIENTED_EDGE ( 'NONE', *, *, #7349, .T. ) ;
#9203 = VERTEX_POINT ( 'NONE', #1026 ) ;
#9204 = DIRECTION ( 'NONE',  ( 0.000000000000000000, 0.000000000000000000, -1.000000000000000000 ) ) ;
#9205 = PLANE ( 'NONE',  #7304 ) ;
#9206 = CARTESIAN_POINT ( 'NONE',  ( -8.100226182487579862, 3.012132034355975208, -1.838038760764659996 ) ) ;
#9207 = CARTESIAN_POINT ( 'NONE',  ( 0.000000000000000000, -16.05340546095174759, 0.000000000000000000 ) ) ;
#9208 = DIRECTION ( 'NONE',  ( -9.757819552369560416E-15, 0.000000000000000000, -1.000000000000000000 ) ) ;
#9209 = CARTESIAN_POINT ( 'NONE',  ( -9.747716655431508670, 1.899999999999999911, 4.715518912566449394 ) ) ;
#9210 = DIRECTION ( 'NONE',  ( -1.445602896647339903E-16, 0.000000000000000000, -1.000000000000000000 ) ) ;
#9211 = ORIENTED_EDGE ( 'NONE', *, *, #9712, .T. ) ;
#9212 = ORIENTED_EDGE ( 'NONE', *, *, #6171, .T. ) ;
#9213 = CIRCLE ( 'NONE', #5575, 0.2999999999999999334 ) ;
#9214 = VECTOR ( 'NONE', #4771, 1000.000000000000000 ) ;
#9215 = AXIS2_PLACEMENT_3D ( 'NONE', #5735, #8658, #3256 ) ;
#9216 = FACE_OUTER_BOUND ( 'NONE', #4477, .T. ) ;
#9217 = VERTEX_POINT ( 'NONE', #7900 ) ;
#9218 = ADVANCED_FACE ( 'NONE', ( #2504 ), #8555, .T. ) ;
#9219 = AXIS2_PLACEMENT_3D ( 'NONE', #638, #5236, #8259 ) ;
#9220 = DIRECTION ( 'NONE',  ( 0.000000000000000000, 0.000000000000000000, 1.000000000000000000 ) ) ;
#9221 = FACE_OUTER_BOUND ( 'NONE', #1364, .T. ) ;
#9222 = VECTOR ( 'NONE', #4739, 1000.000000000000114 ) ;
#9223 = DIRECTION ( 'NONE',  ( 0.000000000000000000, -1.000000000000000000, 0.000000000000000000 ) ) ;
#9224 = CARTESIAN_POINT ( 'NONE',  ( -8.666843969807048964, 1.899999999999999911, 2.600000000000000089 ) ) ;
#9225 = DIRECTION ( 'NONE',  ( -0.2588190451025246253, -0.9659258262890673130, 0.000000000000000000 ) ) ;
#9226 = EDGE_LOOP ( 'NONE', ( #2312, #4549, #9045, #7149, #5684 ) ) ;
#9227 = DIRECTION ( 'NONE',  ( 0.000000000000000000, 0.000000000000000000, -1.000000000000000000 ) ) ;
#9228 = CARTESIAN_POINT ( 'NONE',  ( 0.000000000000000000, 4.349999999999999645, 0.000000000000000000 ) ) ;
#9229 = LINE ( 'NONE', #78, #7238 ) ;
#9230 = VERTEX_POINT ( 'NONE', #9346 ) ;
#9231 = LINE ( 'NONE', #2445, #7884 ) ;
#9233 = ORIENTED_EDGE ( 'NONE', *, *, #2009, .F. ) ;
#9232 = VERTEX_POINT ( 'NONE', #2556 ) ;
#9234 = CARTESIAN_POINT ( 'NONE',  ( -8.662509500642460836, 4.230669645599335560, -0.9961466921636146221 ) ) ;
#9235 = CARTESIAN_POINT ( 'NONE',  ( -8.586182990173970353, 4.215041366270230405, 1.053321477799735728 ) ) ;
#9236 = ORIENTED_EDGE ( 'NONE', *, *, #4750, .T. ) ;
#9237 = FACE_OUTER_BOUND ( 'NONE', #2909, .T. ) ;
#9238 = EDGE_CURVE ( 'NONE', #1943, #9163, #5581, .T. ) ;
#9239 = LINE ( 'NONE', #8399, #4584 ) ;
#9240 = VECTOR ( 'NONE', #5776, 1000.000000000000000 ) ;
#9241 = ORIENTED_EDGE ( 'NONE', *, *, #5118, .F. ) ;
#9242 = DIRECTION ( 'NONE',  ( 0.000000000000000000, -1.000000000000000000, 0.000000000000000000 ) ) ;
#9243 = CARTESIAN_POINT ( 'NONE',  ( 3.449999999999999734, -7.269011204192789677, 4.100000000000000533 ) ) ;
#9244 = EDGE_CURVE ( 'NONE', #5908, #3181, #4084, .T. ) ;
#9245 = ORIENTED_EDGE ( 'NONE', *, *, #654, .F. ) ;
#9246 = CARTESIAN_POINT ( 'NONE',  ( 5.402777063696039939, 5.000000000000000000, 5.899999999999999467 ) ) ;
#9247 = CARTESIAN_POINT ( 'NONE',  ( -6.713483409786819678, 1.899999999999999911, -3.768918119361345020 ) ) ;
#9248 = ORIENTED_EDGE ( 'NONE', *, *, #6653, .F. ) ;
#9249 = EDGE_LOOP ( 'NONE', ( #6222, #9288, #7937, #2372 ) ) ;
#9250 = CARTESIAN_POINT ( 'NONE',  ( 7.741843969807069570, 0.8122259988819350296, 2.600000000000000089 ) ) ;
#9251 = CARTESIAN_POINT ( 'NONE',  ( 0.000000000000000000, 5.599999999999999645, 0.000000000000000000 ) ) ;
#9252 = LINE ( 'NONE', #8416, #2092 ) ;
#9253 = DIRECTION ( 'NONE',  ( -1.000000000000000000, 0.000000000000000000, 8.673617379884027583E-16 ) ) ;
#9254 = CARTESIAN_POINT ( 'NONE',  ( -3.899999999999999911, 1.600000000000000089, 7.250000000000000000 ) ) ;
#9255 = DIRECTION ( 'NONE',  ( 0.000000000000000000, 0.000000000000000000, -1.000000000000000000 ) ) ;
#9256 = ORIENTED_EDGE ( 'NONE', *, *, #1652, .T. ) ;
#9257 = VERTEX_POINT ( 'NONE', #9398 ) ;
#9258 = EDGE_CURVE ( 'NONE', #675, #7678, #1853, .T. ) ;
#9259 = CIRCLE ( 'NONE', #4978, 0.6250000000000005551 ) ;
#9260 = CARTESIAN_POINT ( 'NONE',  ( 0.000000000000000000, -16.05340546095174759, 0.000000000000000000 ) ) ;
#9262 = EDGE_CURVE ( 'NONE', #6833, #8124, #6988, .T. ) ;
#9261 = ORIENTED_EDGE ( 'NONE', *, *, #4027, .T. ) ;
#9263 = EDGE_CURVE ( 'NONE', #3181, #6825, #8401, .T. ) ;
#9264 = FACE_OUTER_BOUND ( 'NONE', #8408, .T. ) ;
#9265 = CARTESIAN_POINT ( 'NONE',  ( 4.649999999999999467, 5.599999999999999645, -4.250000000000000000 ) ) ;
#9266 = ADVANCED_FACE ( 'NONE', ( #8102 ), #9644, .T. ) ;
#9267 = DIRECTION ( 'NONE',  ( 1.000000000000000000, 0.000000000000000000, 0.000000000000000000 ) ) ;
#9268 = CARTESIAN_POINT ( 'NONE',  ( -2.780978572425245036E-14, 5.000000000000000000, -2.849999999999920153 ) ) ;
#9269 = EDGE_CURVE ( 'NONE', #1552, #9349, #5307, .T. ) ;
#9270 = MANIFOLD_SOLID_BREP ( 'NONE', #6793 ) ;
#9271 = LINE ( 'NONE', #6390, #755 ) ;
#9272 = ORIENTED_EDGE ( 'NONE', *, *, #3190, .T. ) ;
#9273 = DIRECTION ( 'NONE',  ( 0.000000000000000000, 1.000000000000000000, 0.000000000000000000 ) ) ;
#9274 = LINE ( 'NONE', #7791, #5341 ) ;
#9275 = DIRECTION ( 'NONE',  ( 0.000000000000000000, 1.000000000000000000, 0.000000000000000000 ) ) ;
#9276 = VERTEX_POINT ( 'NONE', #4332 ) ;
#9277 = CARTESIAN_POINT ( 'NONE',  ( -8.521752727684591022, 4.349999999999999645, -1.236036465452655886 ) ) ;
#9279 = ORIENTED_EDGE ( 'NONE', *, *, #3751, .T. ) ;
#9278 = ORIENTED_EDGE ( 'NONE', *, *, #9298, .T. ) ;
#9280 = VECTOR ( 'NONE', #6239, 1000.000000000000114 ) ;
#9281 = CARTESIAN_POINT ( 'NONE',  ( 0.000000000000000000, -16.05340546095174759, 0.000000000000000000 ) ) ;
#9282 = LINE ( 'NONE', #9431, #9348 ) ;
#9283 = ORIENTED_EDGE ( 'NONE', *, *, #7642, .T. ) ;
#9284 = DIRECTION ( 'NONE',  ( -1.000000000000000000, 0.000000000000000000, 1.819572328111074956E-16 ) ) ;
#9285 = MANIFOLD_SOLID_BREP ( 'NONE', #3944 ) ;
#9286 = CIRCLE ( 'NONE', #2005, 0.2500000000000002220 ) ;
#9287 = CARTESIAN_POINT ( 'NONE',  ( -5.005031253392259438E-15, 0.1499999999999999944, -1.750000000000000000 ) ) ;
#9288 = ORIENTED_EDGE ( 'NONE', *, *, #493, .F. ) ;
#9289 = CARTESIAN_POINT ( 'NONE',  ( -7.003770046970100083, 1.899999999999999911, -3.146396416990335343 ) ) ;
#9290 = CARTESIAN_POINT ( 'NONE',  ( 8.100375399510909347, 0.7733832102757189908, 2.600000000000000089 ) ) ;
#9291 = ORIENTED_EDGE ( 'NONE', *, *, #7382, .F. ) ;
#9292 = DIRECTION ( 'NONE',  ( 1.000000000000000000, 0.000000000000000000, 0.000000000000000000 ) ) ;
#9293 = VECTOR ( 'NONE', #1944, 1000.000000000000000 ) ;
#9294 = CARTESIAN_POINT ( 'NONE',  ( -12.14999999999999858, 0.2000000000000000111, -2.000000000000000000 ) ) ;
#9295 = VERTEX_POINT ( 'NONE', #6562 ) ;
#9296 = ORIENTED_EDGE ( 'NONE', *, *, #5921, .F. ) ;
#9297 = TOROIDAL_SURFACE ( 'NONE', #9160, 0.3250000000000000111, 0.2999999999999999889 ) ;
#9298 = EDGE_CURVE ( 'NONE', #4088, #9681, #5125, .T. ) ;
#9299 = CARTESIAN_POINT ( 'NONE',  ( -3.520000000000000018, 1.399999999999999911, 0.000000000000000000 ) ) ;
#9300 = CARTESIAN_POINT ( 'NONE',  ( 13.84999999999999964, 0.1499999999999999944, -1.750000000000000000 ) ) ;
#9301 = EDGE_CURVE ( 'NONE', #8157, #4385, #3502, .T. ) ;
#9302 = ORIENTED_EDGE ( 'NONE', *, *, #4059, .T. ) ;
#9303 = FACE_OUTER_BOUND ( 'NONE', #1889, .T. ) ;
#9304 = CARTESIAN_POINT ( 'NONE',  ( 2.780978572425245036E-14, 5.000000000000000000, 2.849999999999920153 ) ) ;
#9305 = CIRCLE ( 'NONE', #6766, 0.4500000000000007327 ) ;
#9306 = DIRECTION ( 'NONE',  ( 0.000000000000000000, 1.000000000000000000, 0.000000000000000000 ) ) ;
#9307 = PLANE ( 'NONE',  #8238 ) ;
#9308 = VECTOR ( 'NONE', #555, 1000.000000000000000 ) ;
#9309 = ORIENTED_EDGE ( 'NONE', *, *, #2963, .F. ) ;
#9310 = DIRECTION ( 'NONE',  ( -6.899820375075148566E-15, 0.7071067811865525687, 0.7071067811865424657 ) ) ;
#9311 = ORIENTED_EDGE ( 'NONE', *, *, #1126, .T. ) ;
#9312 = ADVANCED_FACE ( 'NONE', ( #2845 ), #6613, .F. ) ;
#9313 = AXIS2_PLACEMENT_3D ( 'NONE', #7697, #910, #3921 ) ;
#9314 = DIRECTION ( 'NONE',  ( 0.000000000000000000, 0.000000000000000000, 1.000000000000000000 ) ) ;
#9315 = LINE ( 'NONE', #6427, #1543 ) ;
#9316 = ADVANCED_FACE ( 'NONE', ( #6790 ), #1005, .F. ) ;
#9317 = CARTESIAN_POINT ( 'NONE',  ( 3.010923925851250349, 1.774750959416705021, 1.220617149911503940 ) ) ;
#9318 = LINE ( 'NONE', #9224, #7042 ) ;
#9319 = CARTESIAN_POINT ( 'NONE',  ( -9.747716655431508670, 1.899999999999999911, 4.715518912566449394 ) ) ;
#9320 = EDGE_CURVE ( 'NONE', #3000, #2195, #6997, .T. ) ;
#9321 = CARTESIAN_POINT ( 'NONE',  ( -4.814824860968089633E-31, -4.878909776184769953E-16, -1.750000000000000000 ) ) ;
#9322 = AXIS2_PLACEMENT_3D ( 'NONE', #5362, #3919, #6059 ) ;
#9323 = EDGE_CURVE ( 'NONE', #4120, #7035, #6288, .T. ) ;
#9324 = EDGE_CURVE ( 'NONE', #336, #6415, #4290, .T. ) ;
#9325 = LINE ( 'NONE', #220, #5029 ) ;
#9326 = DIRECTION ( 'NONE',  ( 0.000000000000000000, 0.7071067811865425767, -0.7071067811865525687 ) ) ;
#9327 = ORIENTED_EDGE ( 'NONE', *, *, #7871, .F. ) ;
#9328 = CARTESIAN_POINT ( 'NONE',  ( 8.766843969807048609, 4.450000000000000178, 2.008392021690039719 ) ) ;
#9329 = VECTOR ( 'NONE', #3309, 1000.000000000000000 ) ;
#9331 = EDGE_LOOP ( 'NONE', ( #6362, #6137, #1653, #2520, #6869, #1565, #8549, #4229 ) ) ;
#9330 = ORIENTED_EDGE ( 'NONE', *, *, #8715, .F. ) ;
#9332 = DIRECTION ( 'NONE',  ( 1.000000000000000000, 0.000000000000000000, 4.446310337143589687E-16 ) ) ;
#9333 = CARTESIAN_POINT ( 'NONE',  ( -6.849429577842310657, 4.349999999999999645, -3.832310858622455019 ) ) ;
#9334 = ORIENTED_EDGE ( 'NONE', *, *, #6949, .F. ) ;
#9335 = DIRECTION ( 'NONE',  ( -1.000000000000000000, -9.637352644315596722E-16, 0.000000000000000000 ) ) ;
#9336 = VECTOR ( 'NONE', #5747, 1000.000000000000114 ) ;
#9337 = EDGE_CURVE ( 'NONE', #584, #6206, #8378, .T. ) ;
#9338 = CIRCLE ( 'NONE', #5700, 0.09999999999999939493 ) ;
#9339 = CARTESIAN_POINT ( 'NONE',  ( -3.520000000000000018, 1.399999999999999911, 0.000000000000000000 ) ) ;
#9340 = VERTEX_POINT ( 'NONE', #1640 ) ;
#9341 = AXIS2_PLACEMENT_3D ( 'NONE', #1993, #8601, #2594 ) ;
#9342 = CARTESIAN_POINT ( 'NONE',  ( -8.766843969807039727, 4.599999999999999645, 0.9499999999999999556 ) ) ;
#9343 = LINE ( 'NONE', #9290, #1658 ) ;
#9344 = ORIENTED_EDGE ( 'NONE', *, *, #3997, .F. ) ;
#9345 = VECTOR ( 'NONE', #9066, 1000.000000000000000 ) ;
#9346 = CARTESIAN_POINT ( 'NONE',  ( -5.970552738231190482, 1.600000000000000089, -1.250000000000000000 ) ) ;
#9347 = CARTESIAN_POINT ( 'NONE',  ( -6.984701488429970517, 4.318503222876225195E-15, -3.542219310216675243 ) ) ;
#9348 = VECTOR ( 'NONE', #2634, 1000.000000000000000 ) ;
#9349 = VERTEX_POINT ( 'NONE', #217 ) ;
#9350 = ORIENTED_EDGE ( 'NONE', *, *, #891, .T. ) ;
#9351 = CIRCLE ( 'NONE', #814, 0.09999999999999939493 ) ;
#9352 = AXIS2_PLACEMENT_3D ( 'NONE', #8119, #9055, #3147 ) ;
#9353 = VECTOR ( 'NONE', #7389, 1000.000000000000114 ) ;
#9354 = EDGE_CURVE ( 'NONE', #7753, #5946, #2478, .T. ) ;
#9355 = CARTESIAN_POINT ( 'NONE',  ( -3.819999999999999840, -7.269011204192789677, 0.8750000000000000000 ) ) ;
#9356 = CARTESIAN_POINT ( 'NONE',  ( 3.899999999999999911, 1.600000000000000089, 7.250000000000000000 ) ) ;
#9357 = EDGE_LOOP ( 'NONE', ( #9068, #34, #4457, #4870 ) ) ;
#9358 = VECTOR ( 'NONE', #1788, 1000.000000000000000 ) ;
#9359 = CARTESIAN_POINT ( 'NONE',  ( -9.866843969807048254, 4.349999999999999645, -0.6250000000000000000 ) ) ;
#9360 = CARTESIAN_POINT ( 'NONE',  ( -11.25000000000000000, 0.2000000000000000111, -2.600000000000000089 ) ) ;
#9361 = CARTESIAN_POINT ( 'NONE',  ( 7.733182394472060488E-16, 5.599999999999999645, -4.250000000000000000 ) ) ;
#9362 = VECTOR ( 'NONE', #7973, 1000.000000000000000 ) ;
#9363 = DIRECTION ( 'NONE',  ( 1.153406566473939781E-16, -1.000000000000000000, 0.000000000000000000 ) ) ;
#9364 = ORIENTED_EDGE ( 'NONE', *, *, #4293, .F. ) ;
#9365 = CARTESIAN_POINT ( 'NONE',  ( 7.741843969807039372, 1.024742844387559915, 2.561205257171719651 ) ) ;
#9366 = ADVANCED_FACE ( 'NONE', ( #6195 ), #907, .T. ) ;
#9367 = EDGE_CURVE ( 'NONE', #8605, #5317, #3822, .T. ) ;
#9368 = EDGE_LOOP ( 'NONE', ( #1551, #2293, #7071, #7658 ) ) ;
#9369 = CARTESIAN_POINT ( 'NONE',  ( -8.521752727684591022, 4.315000000000000391, -1.236036465452655886 ) ) ;
#9370 = DIRECTION ( 'NONE',  ( 0.000000000000000000, 0.000000000000000000, 1.000000000000000000 ) ) ;
#9371 = LINE ( 'NONE', #1093, #9362 ) ;
#9372 = DIRECTION ( 'NONE',  ( 1.000000000000000000, 0.000000000000000000, 0.000000000000000000 ) ) ;
#9373 = AXIS2_PLACEMENT_3D ( 'NONE', #9740, #5966, #4286 ) ;
#9374 = PLANE ( 'NONE',  #3568 ) ;
#9375 = EDGE_CURVE ( 'NONE', #2749, #2873, #4704, .T. ) ;
#9376 = CARTESIAN_POINT ( 'NONE',  ( -8.100226182487579862, 3.012132034355975208, -1.838038760764659996 ) ) ;
#9377 = CARTESIAN_POINT ( 'NONE',  ( 8.666843969807048964, 4.579128784747790171, -2.000000000000000000 ) ) ;
#9378 = AXIS2_PLACEMENT_3D ( 'NONE', #5089, #1416, #5972 ) ;
#9379 = CIRCLE ( 'NONE', #363, 0.8250000000000001776 ) ;
#9380 = FACE_OUTER_BOUND ( 'NONE', #8389, .T. ) ;
#9381 = DIRECTION ( 'NONE',  ( 0.000000000000000000, 1.000000000000000000, 0.000000000000000000 ) ) ;
#9382 = ORIENTED_EDGE ( 'NONE', *, *, #1636, .F. ) ;
#9383 = DIRECTION ( 'NONE',  ( 0.000000000000000000, 0.000000000000000000, -1.000000000000000000 ) ) ;
#9385 = EDGE_LOOP ( 'NONE', ( #4667, #879, #4717, #3845, #2027, #5516 ) ) ;
#9384 = VERTEX_POINT ( 'NONE', #6098 ) ;
#9386 = CARTESIAN_POINT ( 'NONE',  ( 0.9740569434151710171, 2.682874485593604863, 1.270071136275131796 ) ) ;
#9387 = DIRECTION ( 'NONE',  ( 0.000000000000000000, 1.000000000000000000, 0.000000000000000000 ) ) ;
#9388 = ADVANCED_FACE ( 'NONE', ( #5560 ), #1787, .F. ) ;
#9389 = ORIENTED_EDGE ( 'NONE', *, *, #397, .T. ) ;
#9390 = CARTESIAN_POINT ( 'NONE',  ( -11.15000000000000036, 4.450000000000000178, 2.600000000000000089 ) ) ;
#9391 = EDGE_CURVE ( 'NONE', #8988, #7959, #72, .T. ) ;
#9392 = ORIENTED_EDGE ( 'NONE', *, *, #141, .T. ) ;
#9393 = CARTESIAN_POINT ( 'NONE',  ( -3.449999999999999734, 1.300000000000000044, 5.850000000000000533 ) ) ;
#9394 = DIRECTION ( 'NONE',  ( 0.000000000000000000, 1.000000000000000000, 0.000000000000000000 ) ) ;
#9395 = CARTESIAN_POINT ( 'NONE',  ( -6.360817557515700216, 5.599999999999999645, 4.250000000000000000 ) ) ;
#9396 = EDGE_CURVE ( 'NONE', #8970, #2013, #6892, .T. ) ;
#9397 = EDGE_LOOP ( 'NONE', ( #270, #771, #6913, #401 ) ) ;
#9398 = CARTESIAN_POINT ( 'NONE',  ( 6.777720855862980009, 5.599999999999999645, -4.250000000000000000 ) ) ;
#9399 = EDGE_CURVE ( 'NONE', #5670, #8502, #4659, .T. ) ;
#9400 = FACE_OUTER_BOUND ( 'NONE', #4527, .T. ) ;
#9401 = ORIENTED_EDGE ( 'NONE', *, *, #3964, .F. ) ;
#9402 = VERTEX_POINT ( 'NONE', #7687 ) ;
#9403 = CARTESIAN_POINT ( 'NONE',  ( -1.950240635371355283E-15, -1.040834085586083941E-14, -1.750000000000000000 ) ) ;
#9404 = DIRECTION ( 'NONE',  ( 1.000000000000000000, 0.000000000000000000, 0.000000000000000000 ) ) ;
#9405 = ORIENTED_EDGE ( 'NONE', *, *, #6539, .F. ) ;
#9406 = DIRECTION ( 'NONE',  ( -0.2588190451025241257, -0.9659258262890674240, 4.565167275584572326E-31 ) ) ;
#9407 = DIRECTION ( 'NONE',  ( 0.000000000000000000, -1.000000000000000000, 0.000000000000000000 ) ) ;
#9408 = EDGE_CURVE ( 'NONE', #3535, #6307, #3961, .T. ) ;
#9409 = CARTESIAN_POINT ( 'NONE',  ( 0.000000000000000000, 5.000000000000000000, 0.000000000000000000 ) ) ;
#9410 = CARTESIAN_POINT ( 'NONE',  ( 6.360817557515700216, 0.2000000000000000111, 4.250000000000000000 ) ) ;
#9411 = AXIS2_PLACEMENT_3D ( 'NONE', #9697, #8156, #1411 ) ;
#9412 = VERTEX_POINT ( 'NONE', #900 ) ;
#9413 = DIRECTION ( 'NONE',  ( -1.000000000000000000, 0.000000000000000000, 1.445602896647339903E-16 ) ) ;
#9414 = ORIENTED_EDGE ( 'NONE', *, *, #9450, .F. ) ;
#9415 = DIRECTION ( 'NONE',  ( 0.4055797876726329743, -0.7071067811865519026, 0.5792279653395678851 ) ) ;
#9416 = CARTESIAN_POINT ( 'NONE',  ( 0.000000000000000000, 1.600000000000000089, 2.000000000000000000 ) ) ;
#9417 = DIRECTION ( 'NONE',  ( 1.000000000000000000, 0.000000000000000000, 0.000000000000000000 ) ) ;
#9418 = DIRECTION ( 'NONE',  ( 1.000000000000000000, 0.000000000000000000, 0.000000000000000000 ) ) ;
#9419 = AXIS2_PLACEMENT_3D ( 'NONE', #6073, #1024, #5059 ) ;
#9420 = FACE_BOUND ( 'NONE', #6662, .T. ) ;
#9421 = LINE ( 'NONE', #1097, #6915 ) ;
#9422 = CYLINDRICAL_SURFACE ( 'NONE', #1121, 8.000000000000000000 ) ;
#9423 = ADVANCED_FACE ( 'NONE', ( #8524 ), #3913, .T. ) ;
#9424 = DIRECTION ( 'NONE',  ( 0.000000000000000000, 1.000000000000000000, 0.000000000000000000 ) ) ;
#9425 = DIRECTION ( 'NONE',  ( 0.000000000000000000, 0.000000000000000000, 1.000000000000000000 ) ) ;
#9426 = ORIENTED_EDGE ( 'NONE', *, *, #8666, .F. ) ;
#9427 = DIRECTION ( 'NONE',  ( 0.000000000000000000, 0.000000000000000000, -1.000000000000000000 ) ) ;
#9429 = ORIENTED_EDGE ( 'NONE', *, *, #917, .T. ) ;
#9428 = ORIENTED_EDGE ( 'NONE', *, *, #4048, .F. ) ;
#9430 = DIRECTION ( 'NONE',  ( -1.387778780781444098E-15, -1.000000000000000000, 0.000000000000000000 ) ) ;
#9431 = CARTESIAN_POINT ( 'NONE',  ( 11.25000000000000000, 1.500000000000000000, -1.750000000000000000 ) ) ;
#9432 = ORIENTED_EDGE ( 'NONE', *, *, #3020, .T. ) ;
#9433 = DIRECTION ( 'NONE',  ( 0.000000000000000000, 1.000000000000000000, 0.000000000000000000 ) ) ;
#9434 = VERTEX_POINT ( 'NONE', #948 ) ;
#9435 = EDGE_CURVE ( 'NONE', #9735, #9104, #1755, .T. ) ;
#9436 = CARTESIAN_POINT ( 'NONE',  ( 11.44999999999999929, 0.2000000000000000111, -2.600000000000000089 ) ) ;
#9437 = DIRECTION ( 'NONE',  ( 1.153406566473939781E-16, -1.000000000000000000, 0.000000000000000000 ) ) ;
#9438 = VECTOR ( 'NONE', #158, 1000.000000000000000 ) ;
#9439 = EDGE_CURVE ( 'NONE', #6207, #4733, #9271, .T. ) ;
#9441 = VERTEX_POINT ( 'NONE', #7881 ) ;
#9440 = VERTEX_POINT ( 'NONE', #4849 ) ;
#9442 = DIRECTION ( 'NONE',  ( 0.000000000000000000, 1.000000000000000000, 0.000000000000000000 ) ) ;
#9443 = EDGE_CURVE ( 'NONE', #2350, #5198, #1931, .T. ) ;
#9444 = CARTESIAN_POINT ( 'NONE',  ( -5.332682251925390027, 5.599999999999999645, 7.250000000000000000 ) ) ;
#9445 = EDGE_CURVE ( 'NONE', #2278, #5629, #7978, .T. ) ;
#9446 = ORIENTED_EDGE ( 'NONE', *, *, #3905, .F. ) ;
#9447 = ORIENTED_EDGE ( 'NONE', *, *, #4592, .F. ) ;
#9448 = AXIS2_PLACEMENT_3D ( 'NONE', #9769, #4508, #6046 ) ;
#9449 = EDGE_CURVE ( 'NONE', #7629, #1701, #9421, .T. ) ;
#9450 = EDGE_CURVE ( 'NONE', #240, #785, #4953, .T. ) ;
#9451 = CARTESIAN_POINT ( 'NONE',  ( 8.666843969807048964, 4.450000000000000178, 2.600000000000000089 ) ) ;
#9452 = ORIENTED_EDGE ( 'NONE', *, *, #6192, .T. ) ;
#9453 = CARTESIAN_POINT ( 'NONE',  ( -9.066843969807040438, 4.599999999999999645, 2.600000000000000089 ) ) ;
#9454 = AXIS2_PLACEMENT_3D ( 'NONE', #4962, #9485, #3429 ) ;
#9455 = LINE ( 'NONE', #2656, #5578 ) ;
#9456 = EDGE_CURVE ( 'NONE', #9040, #9203, #1833, .T. ) ;
#9457 = DIRECTION ( 'NONE',  ( 1.000000000000000000, 0.000000000000000000, 1.819572328111074956E-16 ) ) ;
#9458 = CARTESIAN_POINT ( 'NONE',  ( 0.000000000000000000, -16.05340546095174759, 0.000000000000000000 ) ) ;
#9459 = VERTEX_POINT ( 'NONE', #7929 ) ;
#9460 = ORIENTED_EDGE ( 'NONE', *, *, #7602, .T. ) ;
#9461 = ORIENTED_EDGE ( 'NONE', *, *, #8837, .F. ) ;
#9462 =( GEOMETRIC_REPRESENTATION_CONTEXT ( 3 ) GLOBAL_UNCERTAINTY_ASSIGNED_CONTEXT ( ( #1668 ) ) GLOBAL_UNIT_ASSIGNED_CONTEXT ( ( #6702, #3536, #618 ) ) REPRESENTATION_CONTEXT ( 'NONE', 'WORKASPACE' ) );
#9463 = VECTOR ( 'NONE', #3727, 1000.000000000000000 ) ;
#9464 = FACE_OUTER_BOUND ( 'NONE', #3089, .T. ) ;
#9465 = DIRECTION ( 'NONE',  ( 7.080503983578760436E-16, 1.000000000000000000, 6.659387801125569279E-32 ) ) ;
#9466 = CARTESIAN_POINT ( 'NONE',  ( -2.399999999999999911, -7.269011204192789677, -2.500000000000000000 ) ) ;
#9467 = LINE ( 'NONE', #3413, #8704 ) ;
#9468 = PLANE ( 'NONE',  #3879 ) ;
#9469 = ORIENTED_EDGE ( 'NONE', *, *, #1803, .T. ) ;
#9470 = ORIENTED_EDGE ( 'NONE', *, *, #3643, .F. ) ;
#9471 = CARTESIAN_POINT ( 'NONE',  ( -3.899999999999999911, 1.600000000000000089, -5.637851296924620099E-16 ) ) ;
#9472 = ADVANCED_FACE ( 'NONE', ( #7235 ), #4209, .F. ) ;
#9473 = CARTESIAN_POINT ( 'NONE',  ( 3.348386714254389738E-15, 4.599999999999999645, 0.9499999999999999556 ) ) ;
#9474 = B_SPLINE_CURVE_WITH_KNOTS ( 'NONE', 3,
 ( #6675, #8765, #3702, #1418, #2761, #9707, #8808, #7327, #8061, #5783 ),
 .UNSPECIFIED., .F., .F.,
 ( 4, 3, 3, 4 ),
 ( 0.000000000000000000, 4.316751157769209581E-05, 0.0001257027536213241965, 0.0001501283801196614924 ),
 .UNSPECIFIED. ) ;
#9475 = VECTOR ( 'NONE', #3490, 1000.000000000000114 ) ;
#9476 = CARTESIAN_POINT ( 'NONE',  ( -5.226582641783239502, 5.481007602317299998, -5.899999999999999467 ) ) ;
#9477 = LINE ( 'NONE', #3277, #5676 ) ;
#9478 = ORIENTED_EDGE ( 'NONE', *, *, #6771, .T. ) ;
#9479 = CARTESIAN_POINT ( 'NONE',  ( -11.44999999999999929, 0.2000000000000000111, -2.600000000000000089 ) ) ;
#9480 = ORIENTED_EDGE ( 'NONE', *, *, #1855, .F. ) ;
#9481 = VECTOR ( 'NONE', #3624, 1000.000000000000114 ) ;
#9482 = B_SPLINE_CURVE_WITH_KNOTS ( 'NONE', 3,
 ( #4165, #7192, #6437, #8735 ),
 .UNSPECIFIED., .F., .F.,
 ( 4, 4 ),
 ( 0.000000000000000000, 0.0006378346064421139662 ),
 .UNSPECIFIED. ) ;
#9484 = ORIENTED_EDGE ( 'NONE', *, *, #1509, .T. ) ;
#9483 = ORIENTED_EDGE ( 'NONE', *, *, #2284, .F. ) ;
#9485 = DIRECTION ( 'NONE',  ( 0.000000000000000000, 1.000000000000000000, 0.000000000000000000 ) ) ;
#9486 = FACE_OUTER_BOUND ( 'NONE', #2962, .T. ) ;
#9487 = ORIENTED_EDGE ( 'NONE', *, *, #7930, .F. ) ;
#9488 = EDGE_CURVE ( 'NONE', #4980, #2712, #2624, .T. ) ;
#9489 =( BOUNDED_CURVE ( )  B_SPLINE_CURVE ( 3, ( #2130, #1391, #7439, #661 ),
 .UNSPECIFIED., .F., .F. ) 
 B_SPLINE_CURVE_WITH_KNOTS ( ( 4, 4 ),
 ( -8.881784197001250746E-15, 1.570796326794889897 ),
 .UNSPECIFIED. ) 
 CURVE ( )  GEOMETRIC_REPRESENTATION_ITEM ( )  RATIONAL_B_SPLINE_CURVE ( ( 1.000000000000000000, 0.8047378541243639383, 0.8047378541243639383, 1.000000000000000000 ) ) 
 REPRESENTATION_ITEM ( '' )  );
#9490 = CARTESIAN_POINT ( 'NONE',  ( -8.666843969807048964, -7.269011204192789677, 1.250000000000000000 ) ) ;
#9491 = ORIENTED_EDGE ( 'NONE', *, *, #502, .F. ) ;
#9492 = DIRECTION ( 'NONE',  ( 0.000000000000000000, 0.000000000000000000, 1.000000000000000000 ) ) ;
#9493 = PLANE ( 'NONE',  #4244 ) ;
#9495 = ORIENTED_EDGE ( 'NONE', *, *, #3301, .T. ) ;
#9494 = ORIENTED_EDGE ( 'NONE', *, *, #682, .F. ) ;
#9496 = DIRECTION ( 'NONE',  ( -1.000000000000000000, 0.000000000000000000, 0.000000000000000000 ) ) ;
#9497 = EDGE_CURVE ( 'NONE', #8703, #1029, #7143, .T. ) ;
#9498 = DIRECTION ( 'NONE',  ( -1.000000000000000000, 6.865669155586289856E-16, 0.000000000000000000 ) ) ;
#9499 = VECTOR ( 'NONE', #114, 1000.000000000000000 ) ;
#9500 = ORIENTED_EDGE ( 'NONE', *, *, #3245, .T. ) ;
#9501 = CARTESIAN_POINT ( 'NONE',  ( -6.713483409786819678, 1.899999999999999911, 3.768918119361345020 ) ) ;
#9502 = AXIS2_PLACEMENT_3D ( 'NONE', #2161, #7424, #6027 ) ;
#9503 = VERTEX_POINT ( 'NONE', #2673 ) ;
#9504 = AXIS2_PLACEMENT_3D ( 'NONE', #6811, #6671, #4529 ) ;
#9505 = FACE_OUTER_BOUND ( 'NONE', #1367, .T. ) ;
#9506 = ORIENTED_EDGE ( 'NONE', *, *, #1090, .T. ) ;
#9507 = VECTOR ( 'NONE', #7526, 1000.000000000000000 ) ;
#9508 = DIRECTION ( 'NONE',  ( -1.000000000000000000, 0.000000000000000000, 0.000000000000000000 ) ) ;
#9509 = LINE ( 'NONE', #7909, #52 ) ;
#9510 = AXIS2_PLACEMENT_3D ( 'NONE', #6370, #3443, #9498 ) ;
#9511 = CARTESIAN_POINT ( 'NONE',  ( 0.000000000000000000, 0.2000000000000000111, 2.000000000000000000 ) ) ;
#9512 = FACE_OUTER_BOUND ( 'NONE', #1598, .T. ) ;
#9513 = EDGE_LOOP ( 'NONE', ( #2752, #2809, #8786, #7849 ) ) ;
#9514 = VECTOR ( 'NONE', #2516, 1000.000000000000000 ) ;
#9515 = FACE_OUTER_BOUND ( 'NONE', #6069, .T. ) ;
#9516 = ORIENTED_EDGE ( 'NONE', *, *, #121, .F. ) ;
#9517 = VECTOR ( 'NONE', #6688, 1000.000000000000000 ) ;
#9518 = AXIS2_PLACEMENT_3D ( 'NONE', #3030, #3075, #3824 ) ;
#9519 = PLANE ( 'NONE',  #2949 ) ;
#9520 = VECTOR ( 'NONE', #7878, 1000.000000000000000 ) ;
#9521 = DIRECTION ( 'NONE',  ( 0.000000000000000000, 1.000000000000000000, 0.000000000000000000 ) ) ;
#9522 = CARTESIAN_POINT ( 'NONE',  ( 8.666843969807048964, -7.269011204192789677, -2.600000000000000089 ) ) ;
#9523 =( GEOMETRIC_REPRESENTATION_CONTEXT ( 3 ) GLOBAL_UNCERTAINTY_ASSIGNED_CONTEXT ( ( #294 ) ) GLOBAL_UNIT_ASSIGNED_CONTEXT ( ( #5772, #1314, #9078 ) ) REPRESENTATION_CONTEXT ( 'NONE', 'WORKASPACE' ) );
#9524 = DIRECTION ( 'NONE',  ( 1.000000000000000000, 0.000000000000000000, 0.000000000000000000 ) ) ;
#9525 = FACE_OUTER_BOUND ( 'NONE', #6541, .T. ) ;
#9526 = ORIENTED_EDGE ( 'NONE', *, *, #3621, .F. ) ;
#9527 = ORIENTED_EDGE ( 'NONE', *, *, #5746, .T. ) ;
#9528 = EDGE_CURVE ( 'NONE', #6465, #5123, #4160, .T. ) ;
#9529 = LINE ( 'NONE', #5153, #8086 ) ;
#9530 = VECTOR ( 'NONE', #3787, 1000.000000000000000 ) ;
#9531 = PLANE ( 'NONE',  #2153 ) ;
#9532 = DIRECTION ( 'NONE',  ( 1.734723475976820111E-15, -1.262722834753462217E-30, 1.000000000000000000 ) ) ;
#9533 = LINE ( 'NONE', #3378, #3296 ) ;
#9534 = VERTEX_POINT ( 'NONE', #1880 ) ;
#9535 = ADVANCED_FACE ( 'NONE', ( #4900 ), #3373, .T. ) ;
#9537 = VERTEX_POINT ( 'NONE', #413 ) ;
#9536 = ORIENTED_EDGE ( 'NONE', *, *, #5928, .F. ) ;
#9538 = FACE_OUTER_BOUND ( 'NONE', #6797, .T. ) ;
#9539 = AXIS2_PLACEMENT_3D ( 'NONE', #4674, #1511, #3189 ) ;
#9540 = ORIENTED_EDGE ( 'NONE', *, *, #5470, .T. ) ;
#9541 = VECTOR ( 'NONE', #2708, 1000.000000000000000 ) ;
#9542 = PLANE ( 'NONE',  #2529 ) ;
#9543 = EDGE_LOOP ( 'NONE', ( #7056, #7955, #6232, #3400, #3492, #5172, #2740 ) ) ;
#9544 = CARTESIAN_POINT ( 'NONE',  ( 8.466843969807049675, 0.2000000000000000111, -2.000000000000000000 ) ) ;
#9545 = CARTESIAN_POINT ( 'NONE',  ( -8.816843969807040438, 4.599999999999999645, 1.199999999999999956 ) ) ;
#9546 = VECTOR ( 'NONE', #6878, 1000.000000000000000 ) ;
#9548 = VERTEX_POINT ( 'NONE', #8730 ) ;
#9547 = ORIENTED_EDGE ( 'NONE', *, *, #719, .F. ) ;
#9549 =( NAMED_UNIT ( * ) PLANE_ANGLE_UNIT ( ) SI_UNIT ( $, .RADIAN. ) );
#9550 = LINE ( 'NONE', #5225, #1427 ) ;
#9551 = ORIENTED_EDGE ( 'NONE', *, *, #6600, .T. ) ;
#9552 = LINE ( 'NONE', #6933, #1801 ) ;
#9553 = EDGE_CURVE ( 'NONE', #9105, #7234, #4842, .T. ) ;
#9554 = EDGE_LOOP ( 'NONE', ( #3479, #8002 ) ) ;
#9555 = EDGE_CURVE ( 'NONE', #785, #4886, #5318, .T. ) ;
#9556 = CARTESIAN_POINT ( 'NONE',  ( 0.000000000000000000, 5.000000000000000000, -3.500000000000000000 ) ) ;
#9557 = EDGE_CURVE ( 'NONE', #7495, #8223, #9139, .T. ) ;
#9558 = ORIENTED_EDGE ( 'NONE', *, *, #977, .F. ) ;
#9559 = DIRECTION ( 'NONE',  ( 0.000000000000000000, 0.000000000000000000, -1.000000000000000000 ) ) ;
#9560 = LINE ( 'NONE', #7326, #8587 ) ;
#9561 = DIRECTION ( 'NONE',  ( 0.2588190451025264571, 0.9659258262890667579, 0.000000000000000000 ) ) ;
#9562 = PLANE ( 'NONE',  #497 ) ;
#9563 = ORIENTED_EDGE ( 'NONE', *, *, #4976, .T. ) ;
#9564 = CARTESIAN_POINT ( 'NONE',  ( -5.266843969807050385, 1.300000000000000044, 1.250000000000000000 ) ) ;
#9565 = ORIENTED_EDGE ( 'NONE', *, *, #7735, .F. ) ;
#9566 = EDGE_CURVE ( 'NONE', #8865, #6580, #4624, .T. ) ;
#9567 = CARTESIAN_POINT ( 'NONE',  ( 0.000000000000000000, 1.600000000000000089, 0.000000000000000000 ) ) ;
#9568 = CARTESIAN_POINT ( 'NONE',  ( -8.221900118789369216, 3.100000000000000089, -1.664270371162789974 ) ) ;
#9569 = VECTOR ( 'NONE', #8969, 1000.000000000000000 ) ;
#9570 = CYLINDRICAL_SURFACE ( 'NONE', #5085, 3.150000000000000355 ) ;
#9571 = EDGE_CURVE ( 'NONE', #39, #8178, #7653, .T. ) ;
#9572 = DIRECTION ( 'NONE',  ( 0.000000000000000000, 0.000000000000000000, -1.000000000000000000 ) ) ;
#9573 = VERTEX_POINT ( 'NONE', #7601 ) ;
#9574 = VERTEX_POINT ( 'NONE', #8489 ) ;
#9575 = EDGE_CURVE ( 'NONE', #1998, #2227, #2299, .T. ) ;
#9576 = EDGE_CURVE ( 'NONE', #3262, #7927, #3752, .T. ) ;
#9577 = LINE ( 'NONE', #7291, #6818 ) ;
#9578 = EDGE_CURVE ( 'NONE', #1029, #5154, #35, .T. ) ;
#9579 = CARTESIAN_POINT ( 'NONE',  ( -5.402777063696039939, 5.599999999999999645, -5.899999999999999467 ) ) ;
#9580 = VECTOR ( 'NONE', #8183, 1000.000000000000000 ) ;
#9581 = EDGE_CURVE ( 'NONE', #4275, #2350, #6011, .T. ) ;
#9582 = PLANE ( 'NONE',  #1248 ) ;
#9583 = DIRECTION ( 'NONE',  ( -1.000000000000000000, 0.000000000000000000, 0.000000000000000000 ) ) ;
#9584 = DIRECTION ( 'NONE',  ( 0.000000000000000000, -1.000000000000000000, 0.000000000000000000 ) ) ;
#9585 = VERTEX_POINT ( 'NONE', #3132 ) ;
#9587 = ORIENTED_EDGE ( 'NONE', *, *, #2379, .T. ) ;
#9586 = ORIENTED_EDGE ( 'NONE', *, *, #5141, .F. ) ;
#9588 = CARTESIAN_POINT ( 'NONE',  ( -2.399999999999999911, 1.300000000000000044, -2.500000000000000000 ) ) ;
#9589 = PLANE ( 'NONE',  #6979 ) ;
#9590 = VECTOR ( 'NONE', #4848, 1000.000000000000000 ) ;
#9591 = DIRECTION ( 'NONE',  ( 1.269309860470833935E-15, 1.000000000000000000, 0.000000000000000000 ) ) ;
#9592 = ORIENTED_EDGE ( 'NONE', *, *, #1307, .F. ) ;
#9593 = CARTESIAN_POINT ( 'NONE',  ( 8.690865965315518693, 4.415052379368045621, -2.000499711843087169 ) ) ;
#9594 = DIRECTION ( 'NONE',  ( 0.000000000000000000, 0.000000000000000000, -1.000000000000000000 ) ) ;
#9596 = ORIENTED_EDGE ( 'NONE', *, *, #9439, .F. ) ;
#9595 = ORIENTED_EDGE ( 'NONE', *, *, #3255, .F. ) ;
#9597 = CYLINDRICAL_SURFACE ( 'NONE', #7910, 6.100000000000000533 ) ;
#9598 = ORIENTED_EDGE ( 'NONE', *, *, #4231, .F. ) ;
#9599 = DIRECTION ( 'NONE',  ( 0.000000000000000000, 0.000000000000000000, 1.000000000000000000 ) ) ;
#9600 = ORIENTED_EDGE ( 'NONE', *, *, #7083, .T. ) ;
#9601 = CARTESIAN_POINT ( 'NONE',  ( -11.50000000000000000, 0.2500000000000109912, 1.750000000000000000 ) ) ;
#9602 = ORIENTED_EDGE ( 'NONE', *, *, #8600, .F. ) ;
#9603 = CARTESIAN_POINT ( 'NONE',  ( 11.50000000000000000, 1.500000000000000000, -1.750000000000000000 ) ) ;
#9604 = FACE_OUTER_BOUND ( 'NONE', #474, .T. ) ;
#9605 = CARTESIAN_POINT ( 'NONE',  ( 0.000000000000000000, 1.600000000000000089, 0.000000000000000000 ) ) ;
#9606 = LINE ( 'NONE', #3654, #8712 ) ;
#9607 = ORIENTED_EDGE ( 'NONE', *, *, #4988, .T. ) ;
#9608 = PLANE ( 'NONE',  #6959 ) ;
#9609 = AXIS2_PLACEMENT_3D ( 'NONE', #2473, #3217, #7876 ) ;
#9610 = ORIENTED_EDGE ( 'NONE', *, *, #4048, .T. ) ;
#9611 = EDGE_CURVE ( 'NONE', #9537, #8035, #6752, .T. ) ;
#9612 = ORIENTED_EDGE ( 'NONE', *, *, #2457, .T. ) ;
#9613 = EDGE_CURVE ( 'NONE', #4120, #8274, #9043, .T. ) ;
#9614 = CARTESIAN_POINT ( 'NONE',  ( -11.15000000000000036, 4.450000000000000178, -2.600000000000000089 ) ) ;
#9615 = CARTESIAN_POINT ( 'NONE',  ( 0.000000000000000000, 5.000000000000000000, -3.500000000000000000 ) ) ;
#9616 = CARTESIAN_POINT ( 'NONE',  ( -7.290260522564540047, 4.349999999999999645, -2.994789603513335230 ) ) ;
#9617 = LINE ( 'NONE', #5103, #5066 ) ;
#9618 = CARTESIAN_POINT ( 'NONE',  ( -8.766843969807039727, 4.450000000000000178, -0.9499999999999999556 ) ) ;
#9619 = ORIENTED_EDGE ( 'NONE', *, *, #8828, .F. ) ;
#9620 = EDGE_LOOP ( 'NONE', ( #6383, #1781, #7196, #6599, #3809, #5447, #7099, #5707, #8803, #1629, #482, #480, #3083, #8797, #1161, #5049, #8934, #8748, #2490, #7644, #3029, #3832 ) ) ;
#9621 = VECTOR ( 'NONE', #857, 1000.000000000000114 ) ;
#9622 = EDGE_CURVE ( 'NONE', #8469, #1441, #7701, .T. ) ;
#9623 = CARTESIAN_POINT ( 'NONE',  ( 0.000000000000000000, 1.399999999999999911, -1.250000000000000000 ) ) ;
#9624 = CIRCLE ( 'NONE', #8985, 7.649999999999999467 ) ;
#9625 = AXIS2_PLACEMENT_3D ( 'NONE', #8723, #1730, #1092 ) ;
#9626 = DIRECTION ( 'NONE',  ( 1.000000000000000000, 0.000000000000000000, 0.000000000000000000 ) ) ;
#9627 = CARTESIAN_POINT ( 'NONE',  ( 7.733182394472060488E-16, 5.599999999999999645, 4.250000000000000000 ) ) ;
#9628 = EDGE_CURVE ( 'NONE', #4697, #4385, #4671, .T. ) ;
#9629 = LINE ( 'NONE', #5157, #2848 ) ;
#9630 = PLANE ( 'NONE',  #8152 ) ;
#9631 = VERTEX_POINT ( 'NONE', #1507 ) ;
#9633 = ORIENTED_EDGE ( 'NONE', *, *, #6329, .F. ) ;
#9632 = ORIENTED_EDGE ( 'NONE', *, *, #3340, .F. ) ;
#9634 = ADVANCED_FACE ( 'NONE', ( #7549 ), #823, .T. ) ;
#9635 = VECTOR ( 'NONE', #3687, 1000.000000000000000 ) ;
#9636 = CARTESIAN_POINT ( 'NONE',  ( 1.931937314617169887, 0.2000000000000000111, 5.799999999999999822 ) ) ;
#9637 = DIRECTION ( 'NONE',  ( 0.000000000000000000, 0.000000000000000000, -1.000000000000000000 ) ) ;
#9638 = CIRCLE ( 'NONE', #5833, 0.2500000000000002220 ) ;
#9639 = DIRECTION ( 'NONE',  ( -0.2242946045488345419, 0.9745213852811450694, 0.000000000000000000 ) ) ;
#9640 = VERTEX_POINT ( 'NONE', #9185 ) ;
#9641 = CARTESIAN_POINT ( 'NONE',  ( 3.899999999999999911, 1.300000000000000044, -7.250000000000000000 ) ) ;
#9643 = VERTEX_POINT ( 'NONE', #6857 ) ;
#9642 = ORIENTED_EDGE ( 'NONE', *, *, #7390, .F. ) ;
#9644 = CYLINDRICAL_SURFACE ( 'NONE', #1908, 0.4500000000000000111 ) ;
#9645 = FACE_OUTER_BOUND ( 'NONE', #4404, .T. ) ;
#9646 = VERTEX_POINT ( 'NONE', #84 ) ;
#9647 = ADVANCED_FACE ( 'NONE', ( #913 ), #2397, .F. ) ;
#9648 = DIRECTION ( 'NONE',  ( 1.000000000000000000, 0.000000000000000000, 0.000000000000000000 ) ) ;
#9649 = ORIENTED_EDGE ( 'NONE', *, *, #3241, .T. ) ;
#9650 = DIRECTION ( 'NONE',  ( -0.9659258262890672020, 0.2588190451025245697, 0.000000000000000000 ) ) ;
#9651 = ORIENTED_EDGE ( 'NONE', *, *, #4828, .T. ) ;
#9652 = DIRECTION ( 'NONE',  ( 0.000000000000000000, 1.000000000000000000, 0.000000000000000000 ) ) ;
#9653 = LINE ( 'NONE', #4295, #1306 ) ;
#9654 = CARTESIAN_POINT ( 'NONE',  ( 8.163325866132991493, 1.600000000000000089, -3.789473684210525217 ) ) ;
#9655 = LINE ( 'NONE', #5885, #7455 ) ;
#9656 = DIRECTION ( 'NONE',  ( 0.000000000000000000, -1.000000000000000000, 0.000000000000000000 ) ) ;
#9657 = VECTOR ( 'NONE', #2460, 1000.000000000000000 ) ;
#9658 = VERTEX_POINT ( 'NONE', #2684 ) ;
#9659 = ORIENTED_EDGE ( 'NONE', *, *, #4492, .F. ) ;
#9660 = VECTOR ( 'NONE', #1538, 1000.000000000000000 ) ;
#9661 = VECTOR ( 'NONE', #9387, 1000.000000000000000 ) ;
#9662 = CARTESIAN_POINT ( 'NONE',  ( 3.899999999999999911, 5.000000000000000000, 6.984983894040130536 ) ) ;
#9663 = LINE ( 'NONE', #5744, #3283 ) ;
#9664 = PLANE ( 'NONE',  #1468 ) ;
#9665 = VECTOR ( 'NONE', #9639, 1000.000000000000114 ) ;
#9666 = FACE_OUTER_BOUND ( 'NONE', #4180, .T. ) ;
#9667 = CARTESIAN_POINT ( 'NONE',  ( -8.266843969807041503, 5.000000000000000000, -2.850000000000000089 ) ) ;
#9668 = ORIENTED_EDGE ( 'NONE', *, *, #2148, .F. ) ;
#9669 = VERTEX_POINT ( 'NONE', #4173 ) ;
#9670 = DIRECTION ( 'NONE',  ( -0.9063077870366493816, 6.417115896461452375E-16, 0.4226182617407006625 ) ) ;
#9671 = VECTOR ( 'NONE', #7190, 1000.000000000000000 ) ;
#9672 = AXIS2_PLACEMENT_3D ( 'NONE', #696, #6721, #9750 ) ;
#9673 = AXIS2_PLACEMENT_3D ( 'NONE', #7563, #8405, #6867 ) ;
#9674 = DIRECTION ( 'NONE',  ( -1.000000000000000000, 0.000000000000000000, 0.000000000000000000 ) ) ;
#9675 = LINE ( 'NONE', #2778, #5204 ) ;
#9676 = EDGE_CURVE ( 'NONE', #1197, #4997, #4812, .T. ) ;
#9677 = DIRECTION ( 'NONE',  ( 0.000000000000000000, 0.000000000000000000, 1.000000000000000000 ) ) ;
#9678 = CARTESIAN_POINT ( 'NONE',  ( 8.466843969807069215, 1.600000000000000089, 2.600000000000000089 ) ) ;
#9679 = ORIENTED_EDGE ( 'NONE', *, *, #2417, .F. ) ;
#9681 = VERTEX_POINT ( 'NONE', #2590 ) ;
#9680 = ORIENTED_EDGE ( 'NONE', *, *, #6223, .T. ) ;
#9682 = AXIS2_PLACEMENT_3D ( 'NONE', #6414, #2652, #2607 ) ;
#9683 = DIRECTION ( 'NONE',  ( -1.000000000000000000, 0.000000000000000000, 0.000000000000000000 ) ) ;
#9684 = DIRECTION ( 'NONE',  ( 1.000000000000000000, 0.000000000000000000, 0.000000000000000000 ) ) ;
#9685 = CARTESIAN_POINT ( 'NONE',  ( 0.000000000000000000, 0.2000000000000000111, 0.000000000000000000 ) ) ;
#9686 = ORIENTED_EDGE ( 'NONE', *, *, #7933, .F. ) ;
#9687 = CYLINDRICAL_SURFACE ( 'NONE', #3128, 0.5000000000000004441 ) ;
#9688 = VECTOR ( 'NONE', #3849, 1000.000000000000000 ) ;
#9689 = ADVANCED_FACE ( 'NONE', ( #5710 ), #8688, .F. ) ;
#9691 = EDGE_LOOP ( 'NONE', ( #5608, #5565, #4304, #8354 ) ) ;
#9690 = ORIENTED_EDGE ( 'NONE', *, *, #7994, .F. ) ;
#9692 = AXIS2_PLACEMENT_3D ( 'NONE', #538, #2053, #9648 ) ;
#9693 = VECTOR ( 'NONE', #6912, 1000.000000000000114 ) ;
#9694 = DIRECTION ( 'NONE',  ( -0.000000000000000000, 1.000000000000000000, 0.000000000000000000 ) ) ;
#9695 = EDGE_CURVE ( 'NONE', #7753, #22, #1843, .T. ) ;
#9696 = ORIENTED_EDGE ( 'NONE', *, *, #9774, .T. ) ;
#9697 = CARTESIAN_POINT ( 'NONE',  ( 1.767023956007515147E-15, -1.040834085586083941E-14, 1.750000000000000000 ) ) ;
#9698 = ORIENTED_EDGE ( 'NONE', *, *, #6770, .F. ) ;
#9699 = VECTOR ( 'NONE', #830, 1000.000000000000000 ) ;
#9700 = DIRECTION ( 'NONE',  ( 1.104233602240389959E-15, -1.000000000000000000, 0.000000000000000000 ) ) ;
#9701 = CIRCLE ( 'NONE', #4943, 0.2500000000000002220 ) ;
#9702 = ORIENTED_EDGE ( 'NONE', *, *, #8009, .F. ) ;
#9703 = ADVANCED_FACE ( 'NONE', ( #963 ), #1890, .F. ) ;
#9704 = DIRECTION ( 'NONE',  ( 0.000000000000000000, 1.000000000000000000, 0.000000000000000000 ) ) ;
#9705 = EDGE_CURVE ( 'NONE', #2873, #7217, #3975, .T. ) ;
#9706 = CARTESIAN_POINT ( 'NONE',  ( -6.777720855862980009, 5.000000000000000000, -4.250000000000000000 ) ) ;
#9707 = CARTESIAN_POINT ( 'NONE',  ( -8.512640671857550245, 4.215011131985524351, -1.078005411888039999 ) ) ;
#9708 = CYLINDRICAL_SURFACE ( 'NONE', #7137, 0.6250000000000005551 ) ;
#9709 = DIRECTION ( 'NONE',  ( 0.000000000000000000, 1.000000000000000000, 0.000000000000000000 ) ) ;
#9710 = ORIENTED_EDGE ( 'NONE', *, *, #5160, .T. ) ;
#9711 = ORIENTED_EDGE ( 'NONE', *, *, #7983, .T. ) ;
#9712 = EDGE_CURVE ( 'NONE', #4238, #3174, #8638, .T. ) ;
#9713 = CARTESIAN_POINT ( 'NONE',  ( -11.50000000000000000, 0.2500000000000109912, 2.600000000000000089 ) ) ;
#9714 = DIRECTION ( 'NONE',  ( -1.000000000000000000, 0.000000000000000000, -1.819572328111074956E-16 ) ) ;
#9715 = CARTESIAN_POINT ( 'NONE',  ( 8.742303593953984375, 4.450000000000001954, -2.004243941076840230 ) ) ;
#9716 = CARTESIAN_POINT ( 'NONE',  ( 3.101510591637134606, 2.112824998617875316, 1.220617149911503940 ) ) ;
#9717 = DIRECTION ( 'NONE',  ( -1.000000000000000000, -4.130293990420910521E-15, 0.000000000000000000 ) ) ;
#9718 = ORIENTED_EDGE ( 'NONE', *, *, #3055, .F. ) ;
#9719 = VERTEX_POINT ( 'NONE', #3381 ) ;
#9720 = EDGE_CURVE ( 'NONE', #347, #5271, #8822, .T. ) ;
#9721 = CARTESIAN_POINT ( 'NONE',  ( 11.50000000000000000, 0.2500000000000000000, 1.750000000000000000 ) ) ;
#9722 = EDGE_LOOP ( 'NONE', ( #4635, #8428, #3784, #757, #6203, #2639, #6824 ) ) ;
#9723 = DIRECTION ( 'NONE',  ( 0.000000000000000000, -0.7071067811865425767, 0.7071067811865525687 ) ) ;
#9724 = CARTESIAN_POINT ( 'NONE',  ( -6.777720855862970240, 5.599999999999999645, -4.250000000000000000 ) ) ;
#9725 = CARTESIAN_POINT ( 'NONE',  ( 7.741843969807050030, 1.024742844387556140, 2.000000000000000000 ) ) ;
#9726 = CARTESIAN_POINT ( 'NONE',  ( -6.360817557515700216, 1.600000000000000089, 4.250000000000000000 ) ) ;
#9728 = ORIENTED_EDGE ( 'NONE', *, *, #1349, .T. ) ;
#9727 = ORIENTED_EDGE ( 'NONE', *, *, #5359, .F. ) ;
#9729 = CARTESIAN_POINT ( 'NONE',  ( 3.449999999999999734, 1.300000000000000044, 5.850000000000000533 ) ) ;
#9730 = EDGE_CURVE ( 'NONE', #533, #7913, #7012, .T. ) ;
#9731 = CARTESIAN_POINT ( 'NONE',  ( 8.766843969807048609, 4.450000000000000178, 2.008392021690039719 ) ) ;
#9732 = CARTESIAN_POINT ( 'NONE',  ( -8.637485422913030675, 4.215305584438135078, 1.068469674102229039 ) ) ;
#9733 = ORIENTED_EDGE ( 'NONE', *, *, #9553, .T. ) ;
#9734 = LINE ( 'NONE', #6609, #459 ) ;
#9736 = ORIENTED_EDGE ( 'NONE', *, *, #4511, .T. ) ;
#9735 = VERTEX_POINT ( 'NONE', #226 ) ;
#9737 = VECTOR ( 'NONE', #6816, 1000.000000000000000 ) ;
#9738 = LINE ( 'NONE', #5917, #2528 ) ;
#9739 = EDGE_LOOP ( 'NONE', ( #2950, #3469, #2071, #126 ) ) ;
#9740 = CARTESIAN_POINT ( 'NONE',  ( -12.14999999999999858, 39.49734969922095473, 3.500000000000000000 ) ) ;
#9741 = ORIENTED_EDGE ( 'NONE', *, *, #2530, .F. ) ;
#9742 = EDGE_CURVE ( 'NONE', #4762, #209, #3233, .T. ) ;
#9743 = DIRECTION ( 'NONE',  ( 0.000000000000000000, 0.000000000000000000, 1.000000000000000000 ) ) ;
#9744 = VERTEX_POINT ( 'NONE', #6255 ) ;
#9745 = EDGE_CURVE ( 'NONE', #724, #322, #324, .T. ) ;
#9746 = CARTESIAN_POINT ( 'NONE',  ( 12.14999999999999858, 5.000000000000000000, 3.500000000000000000 ) ) ;
#9747 = DIRECTION ( 'NONE',  ( 0.000000000000000000, 0.000000000000000000, -1.000000000000000000 ) ) ;
#9748 = EDGE_CURVE ( 'NONE', #1057, #7976, #5660, .T. ) ;
#9749 = FACE_OUTER_BOUND ( 'NONE', #4583, .T. ) ;
#9750 = DIRECTION ( 'NONE',  ( -8.257015431095450418E-63, 0.000000000000000000, 1.000000000000000000 ) ) ;
#9751 = CARTESIAN_POINT ( 'NONE',  ( -9.066843969807040438, 4.599999999999999645, 1.199999999999999956 ) ) ;
#9752 = ORIENTED_EDGE ( 'NONE', *, *, #8711, .T. ) ;
#9753 = EDGE_CURVE ( 'NONE', #688, #6484, #7798, .T. ) ;
#9754 = ORIENTED_EDGE ( 'NONE', *, *, #9748, .T. ) ;
#9755 = EDGE_CURVE ( 'NONE', #848, #1561, #4658, .T. ) ;
#9756 = EDGE_CURVE ( 'NONE', #6004, #9534, #273, .T. ) ;
#9757 = DIRECTION ( 'NONE',  ( 1.000000000000000000, -6.337024238047270084E-16, 0.000000000000000000 ) ) ;
#9758 = CARTESIAN_POINT ( 'NONE',  ( -10.65000000000000036, 4.599999999999999645, 2.600000000000000089 ) ) ;
#9759 = FACE_OUTER_BOUND ( 'NONE', #4092, .T. ) ;
#9760 = DIRECTION ( 'NONE',  ( 7.676697801288240292E-31, 1.807003620809144803E-16, 1.000000000000000000 ) ) ;
#9761 = CARTESIAN_POINT ( 'NONE',  ( -2.795000000000000373, 1.399999999999999911, 0.1499999999999999944 ) ) ;
#9762 = CIRCLE ( 'NONE', #4528, 0.2999999999999999334 ) ;
#9763 = ORIENTED_EDGE ( 'NONE', *, *, #3032, .T. ) ;
#9764 = ORIENTED_EDGE ( 'NONE', *, *, #5880, .T. ) ;
#9765 = CARTESIAN_POINT ( 'NONE',  ( -4.649999999999999467, 0.2000000000000000111, -4.250000000000000000 ) ) ;
#9766 = ORIENTED_EDGE ( 'NONE', *, *, #6006, .T. ) ;
#9767 = ADVANCED_FACE ( 'NONE', ( #7846 ), #4070, .F. ) ;
#9768 = CIRCLE ( 'NONE', #5490, 0.5000000000000000000 ) ;
#9769 = CARTESIAN_POINT ( 'NONE',  ( 0.000000000000000000, 39.49734969922095473, 0.000000000000000000 ) ) ;
#9770 = LINE ( 'NONE', #4363, #4724 ) ;
#9771 = CARTESIAN_POINT ( 'NONE',  ( -8.630113347814830860, 4.216100483693220546, -1.081281461804340038 ) ) ;
#9772 = DIRECTION ( 'NONE',  ( 1.000000000000000000, 0.000000000000000000, -2.244797829168379883E-16 ) ) ;
#9773 = AXIS2_PLACEMENT_3D ( 'NONE', #3086, #5421, #3924 ) ;
#9774 = EDGE_CURVE ( 'NONE', #4987, #7035, #6356, .T. ) ;
#9775 = VERTEX_POINT ( 'NONE', #4122 ) ;
#9776 = CARTESIAN_POINT ( 'NONE',  ( 0.000000000000000000, 5.599999999999999645, 0.000000000000000000 ) ) ;
#9777 = VECTOR ( 'NONE', #9024, 1000.000000000000000 ) ;
#9778 = CARTESIAN_POINT ( 'NONE',  ( -8.479266904141416816, 4.215000000000007851, -1.035195490317468936 ) ) ;
#9779 = CARTESIAN_POINT ( 'NONE',  ( -2.537033083616004960E-14, 4.750000000000000000, -2.599999999999914824 ) ) ;
#9780 = ORIENTED_EDGE ( 'NONE', *, *, #4163, .F. ) ;
#9781 = VECTOR ( 'NONE', #9637, 1000.000000000000000 ) ;
#9782 = CARTESIAN_POINT ( 'NONE',  ( 11.15000000000000036, 4.599999999999999645, -2.600000000000000089 ) ) ;
#9783 = AXIS2_PLACEMENT_3D ( 'NONE', #3861, #8432, #752 ) ;
#9785 = ORIENTED_EDGE ( 'NONE', *, *, #1425, .F. ) ;
#9784 = ORIENTED_EDGE ( 'NONE', *, *, #7686, .F. ) ;
#9786 = CARTESIAN_POINT ( 'NONE',  ( -8.649384238231117905, 4.214518470335439027, -1.042764855407465108 ) ) ;
#9787 = EDGE_CURVE ( 'NONE', #2896, #496, #2331, .T. ) ;
#9788 = CARTESIAN_POINT ( 'NONE',  ( 11.44999999999999929, 0.2000000000000000111, 2.000000000000000000 ) ) ;
#9789 = ORIENTED_EDGE ( 'NONE', *, *, #4333, .T. ) ;
#9790 = LINE ( 'NONE', #1266, #2755 ) ;
#9791 = VERTEX_POINT ( 'NONE', #9588 ) ;
#9792 = AXIS2_PLACEMENT_3D ( 'NONE', #7051, #2393, #1695 ) ;
#9793 = CARTESIAN_POINT ( 'NONE',  ( 3.166215352912765013, 2.354306455190145364, 1.220617149911503940 ) ) ;
#9794 = VERTEX_POINT ( 'NONE', #8142 ) ;
#9795 = CARTESIAN_POINT ( 'NONE',  ( 4.297588409752299832, 3.200000000000000178, -4.329056925054540095 ) ) ;
#9796 = DIRECTION ( 'NONE',  ( -1.000000000000000000, 0.000000000000000000, 1.819572328111074956E-16 ) ) ;
#9797 = EDGE_CURVE ( 'NONE', #1840, #6550, #2784, .T. ) ;
#9798 = DIRECTION ( 'NONE',  ( 0.000000000000000000, 0.000000000000000000, -1.000000000000000000 ) ) ;
#9799 = DIRECTION ( 'NONE',  ( 0.000000000000000000, 1.000000000000000000, 0.000000000000000000 ) ) ;
#9800 = AXIS2_PLACEMENT_3D ( 'NONE', #4854, #1053, #6349 ) ;
#9801 = ORIENTED_EDGE ( 'NONE', *, *, #4231, .T. ) ;
#9802 = ORIENTED_EDGE ( 'NONE', *, *, #6291, .T. ) ;
ENDSEC;
END-ISO-10303-21;
